status,source_file,output_file,preset,original_size_bytes,converted_size_bytes,message
SUCCESS,/home/gabbu/Downloads/ecommerce-produtos/perfumes/chica.jpeg,/home/gabbu/Área de trabalho/scripts/otimizacao-imgs-webp/ecommerce-produtos/thumbnail/perfumes/chica_thumbnail.webp,thumbnail,87303,2848,85.3 KB -> 2.8 KB
SUCCESS,/home/gabbu/Downloads/ecommerce-produtos/perfumes/chica.jpeg,/home/gabbu/Área de trabalho/scripts/otimizacao-imgs-webp/ecommerce-produtos/card/perfumes/chica_card.webp,card,87303,8966,85.3 KB -> 8.8 KB
SUCCESS,/home/gabbu/Downloads/ecommerce-produtos/perfumes/chica.jpeg,/home/gabbu/Área de trabalho/scripts/otimizacao-imgs-webp/ecommerce-produtos/detail/perfumes/chica_detail.webp,detail,87303,25536,85.3 KB -> 24.9 KB
SUCCESS,/home/gabbu/Downloads/ecommerce-produtos/perfumes/chica.jpeg,/home/gabbu/Área de trabalho/scripts/otimizacao-imgs-webp/ecommerce-produtos/hero/perfumes/chica_hero.webp,hero,87303,44620,85.3 KB -> 43.6 KB
SUCCESS,/home/gabbu/Downloads/ecommerce-produtos/perfumes/duet eau de parfum.jpeg,/home/gabbu/Área de trabalho/scripts/otimizacao-imgs-webp/ecommerce-produtos/thumbnail/perfumes/duet eau de parfum_thumbnail.webp,thumbnail,135494,2862,132.3 KB -> 2.8 KB
SUCCESS,/home/gabbu/Downloads/ecommerce-produtos/perfumes/duet eau de parfum.jpeg,/home/gabbu/Área de trabalho/scripts/otimizacao-imgs-webp/ecommerce-produtos/card/perfumes/duet eau de parfum_card.webp,card,135494,11932,132.3 KB -> 11.7 KB
SUCCESS,/home/gabbu/Downloads/ecommerce-produtos/perfumes/duet eau de parfum.jpeg,/home/gabbu/Área de trabalho/scripts/otimizacao-imgs-webp/ecommerce-produtos/detail/perfumes/duet eau de parfum_detail.webp,detail,135494,43216,132.3 KB -> 42.2 KB
SUCCESS,/home/gabbu/Downloads/ecommerce-produtos/perfumes/duet eau de parfum.jpeg,/home/gabbu/Área de trabalho/scripts/otimizacao-imgs-webp/ecommerce-produtos/hero/perfumes/duet eau de parfum_hero.webp,hero,135494,80204,132.3 KB -> 78.3 KB
SUCCESS,/home/gabbu/Downloads/ecommerce-produtos/perfumes/midnight bloom.jpeg,/home/gabbu/Área de trabalho/scripts/otimizacao-imgs-webp/ecommerce-produtos/thumbnail/perfumes/midnight bloom_thumbnail.webp,thumbnail,87065,4916,85.0 KB -> 4.8 KB
SUCCESS,/home/gabbu/Downloads/ecommerce-produtos/perfumes/midnight bloom.jpeg,/home/gabbu/Área de trabalho/scripts/otimizacao-imgs-webp/ecommerce-produtos/card/perfumes/midnight bloom_card.webp,card,87065,14892,85.0 KB -> 14.5 KB
SUCCESS,/home/gabbu/Downloads/ecommerce-produtos/perfumes/midnight bloom.jpeg,/home/gabbu/Área de trabalho/scripts/otimizacao-imgs-webp/ecommerce-produtos/detail/perfumes/midnight bloom_detail.webp,detail,87065,41194,85.0 KB -> 40.2 KB
SUCCESS,/home/gabbu/Downloads/ecommerce-produtos/perfumes/midnight bloom.jpeg,/home/gabbu/Área de trabalho/scripts/otimizacao-imgs-webp/ecommerce-produtos/hero/perfumes/midnight bloom_hero.webp,hero,87065,58016,85.0 KB -> 56.7 KB
SUCCESS,/home/gabbu/Downloads/ecommerce-produtos/perfumes/serene-pour-femme-edp-100ml.jpeg,/home/gabbu/Área de trabalho/scripts/otimizacao-imgs-webp/ecommerce-produtos/thumbnail/perfumes/serene-pour-femme-edp-100ml_thumbnail.webp,thumbnail,79811,2706,77.9 KB -> 2.6 KB
SUCCESS,/home/gabbu/Downloads/ecommerce-produtos/perfumes/serene-pour-femme-edp-100ml.jpeg,/home/gabbu/Área de trabalho/scripts/otimizacao-imgs-webp/ecommerce-produtos/card/perfumes/serene-pour-femme-edp-100ml_card.webp,card,79811,8546,77.9 KB -> 8.3 KB
SUCCESS,/home/gabbu/Downloads/ecommerce-produtos/perfumes/serene-pour-femme-edp-100ml.jpeg,/home/gabbu/Área de trabalho/scripts/otimizacao-imgs-webp/ecommerce-produtos/detail/perfumes/serene-pour-femme-edp-100ml_detail.webp,detail,79811,24446,77.9 KB -> 23.9 KB
SUCCESS,/home/gabbu/Downloads/ecommerce-produtos/perfumes/serene-pour-femme-edp-100ml.jpeg,/home/gabbu/Área de trabalho/scripts/otimizacao-imgs-webp/ecommerce-produtos/hero/perfumes/serene-pour-femme-edp-100ml_hero.webp,hero,79811,41716,77.9 KB -> 40.7 KB
SUCCESS,/home/gabbu/Downloads/ecommerce-produtos/perfumes/adidas uefa champions league arena edition.jpeg,/home/gabbu/Área de trabalho/scripts/otimizacao-imgs-webp/ecommerce-produtos/thumbnail/perfumes/adidas uefa champions league arena edition_thumbnail.webp,thumbnail,107812,5836,105.3 KB -> 5.7 KB
SUCCESS,/home/gabbu/Downloads/ecommerce-produtos/perfumes/adidas uefa champions league arena edition.jpeg,/home/gabbu/Área de trabalho/scripts/otimizacao-imgs-webp/ecommerce-produtos/card/perfumes/adidas uefa champions league arena edition_card.webp,card,107812,19346,105.3 KB -> 18.9 KB
SUCCESS,/home/gabbu/Downloads/ecommerce-produtos/perfumes/adidas uefa champions league arena edition.jpeg,/home/gabbu/Área de trabalho/scripts/otimizacao-imgs-webp/ecommerce-produtos/detail/perfumes/adidas uefa champions league arena edition_detail.webp,detail,107812,57250,105.3 KB -> 55.9 KB
SUCCESS,/home/gabbu/Downloads/ecommerce-produtos/perfumes/adidas uefa champions league arena edition.jpeg,/home/gabbu/Área de trabalho/scripts/otimizacao-imgs-webp/ecommerce-produtos/hero/perfumes/adidas uefa champions league arena edition_hero.webp,hero,107812,83358,105.3 KB -> 81.4 KB
SUCCESS,/home/gabbu/Downloads/ecommerce-produtos/perfumes/cool falcon.jpeg,/home/gabbu/Área de trabalho/scripts/otimizacao-imgs-webp/ecommerce-produtos/thumbnail/perfumes/cool falcon_thumbnail.webp,thumbnail,132661,3524,129.6 KB -> 3.4 KB
SUCCESS,/home/gabbu/Downloads/ecommerce-produtos/perfumes/cool falcon.jpeg,/home/gabbu/Área de trabalho/scripts/otimizacao-imgs-webp/ecommerce-produtos/card/perfumes/cool falcon_card.webp,card,132661,13744,129.6 KB -> 13.4 KB
SUCCESS,/home/gabbu/Downloads/ecommerce-produtos/perfumes/cool falcon.jpeg,/home/gabbu/Área de trabalho/scripts/otimizacao-imgs-webp/ecommerce-produtos/detail/perfumes/cool falcon_detail.webp,detail,132661,44492,129.6 KB -> 43.4 KB
SUCCESS,/home/gabbu/Downloads/ecommerce-produtos/perfumes/cool falcon.jpeg,/home/gabbu/Área de trabalho/scripts/otimizacao-imgs-webp/ecommerce-produtos/hero/perfumes/cool falcon_hero.webp,hero,132661,79652,129.6 KB -> 77.8 KB
SUCCESS,/home/gabbu/Downloads/ecommerce-produtos/perfumes/adidas ice dive.jpeg,/home/gabbu/Área de trabalho/scripts/otimizacao-imgs-webp/ecommerce-produtos/thumbnail/perfumes/adidas ice dive_thumbnail.webp,thumbnail,107062,6106,104.6 KB -> 6.0 KB
SUCCESS,/home/gabbu/Downloads/ecommerce-produtos/perfumes/adidas ice dive.jpeg,/home/gabbu/Área de trabalho/scripts/otimizacao-imgs-webp/ecommerce-produtos/card/perfumes/adidas ice dive_card.webp,card,107062,20168,104.6 KB -> 19.7 KB
SUCCESS,/home/gabbu/Downloads/ecommerce-produtos/perfumes/adidas ice dive.jpeg,/home/gabbu/Área de trabalho/scripts/otimizacao-imgs-webp/ecommerce-produtos/detail/perfumes/adidas ice dive_detail.webp,detail,107062,57836,104.6 KB -> 56.5 KB
SUCCESS,/home/gabbu/Downloads/ecommerce-produtos/perfumes/adidas ice dive.jpeg,/home/gabbu/Área de trabalho/scripts/otimizacao-imgs-webp/ecommerce-produtos/hero/perfumes/adidas ice dive_hero.webp,hero,107062,84356,104.6 KB -> 82.4 KB
SUCCESS,/home/gabbu/Downloads/ecommerce-produtos/perfumes/Amber Romance.jpeg,/home/gabbu/Área de trabalho/scripts/otimizacao-imgs-webp/ecommerce-produtos/thumbnail/perfumes/Amber Romance_thumbnail.webp,thumbnail,94720,4606,92.5 KB -> 4.5 KB
SUCCESS,/home/gabbu/Downloads/ecommerce-produtos/perfumes/Amber Romance.jpeg,/home/gabbu/Área de trabalho/scripts/otimizacao-imgs-webp/ecommerce-produtos/card/perfumes/Amber Romance_card.webp,card,94720,15892,92.5 KB -> 15.5 KB
SUCCESS,/home/gabbu/Downloads/ecommerce-produtos/perfumes/Amber Romance.jpeg,/home/gabbu/Área de trabalho/scripts/otimizacao-imgs-webp/ecommerce-produtos/detail/perfumes/Amber Romance_detail.webp,detail,94720,46714,92.5 KB -> 45.6 KB
SUCCESS,/home/gabbu/Downloads/ecommerce-produtos/perfumes/Amber Romance.jpeg,/home/gabbu/Área de trabalho/scripts/otimizacao-imgs-webp/ecommerce-produtos/hero/perfumes/Amber Romance_hero.webp,hero,94720,68158,92.5 KB -> 66.6 KB
SUCCESS,/home/gabbu/Downloads/ecommerce-produtos/perfumes/grace.jpeg,/home/gabbu/Área de trabalho/scripts/otimizacao-imgs-webp/ecommerce-produtos/thumbnail/perfumes/grace_thumbnail.webp,thumbnail,106924,3386,104.4 KB -> 3.3 KB
SUCCESS,/home/gabbu/Downloads/ecommerce-produtos/perfumes/grace.jpeg,/home/gabbu/Área de trabalho/scripts/otimizacao-imgs-webp/ecommerce-produtos/card/perfumes/grace_card.webp,card,106924,11446,104.4 KB -> 11.2 KB
SUCCESS,/home/gabbu/Downloads/ecommerce-produtos/perfumes/grace.jpeg,/home/gabbu/Área de trabalho/scripts/otimizacao-imgs-webp/ecommerce-produtos/detail/perfumes/grace_detail.webp,detail,106924,33598,104.4 KB -> 32.8 KB
SUCCESS,/home/gabbu/Downloads/ecommerce-produtos/perfumes/grace.jpeg,/home/gabbu/Área de trabalho/scripts/otimizacao-imgs-webp/ecommerce-produtos/hero/perfumes/grace_hero.webp,hero,106924,59886,104.4 KB -> 58.5 KB
SUCCESS,/home/gabbu/Downloads/ecommerce-produtos/perfumes/Amber romance.jpeg,/home/gabbu/Área de trabalho/scripts/otimizacao-imgs-webp/ecommerce-produtos/thumbnail/perfumes/Amber romance_thumbnail.webp,thumbnail,94720,4606,92.5 KB -> 4.5 KB
SUCCESS,/home/gabbu/Downloads/ecommerce-produtos/perfumes/Amber romance.jpeg,/home/gabbu/Área de trabalho/scripts/otimizacao-imgs-webp/ecommerce-produtos/card/perfumes/Amber romance_card.webp,card,94720,15892,92.5 KB -> 15.5 KB
SUCCESS,/home/gabbu/Downloads/ecommerce-produtos/perfumes/Amber romance.jpeg,/home/gabbu/Área de trabalho/scripts/otimizacao-imgs-webp/ecommerce-produtos/detail/perfumes/Amber romance_detail.webp,detail,94720,46714,92.5 KB -> 45.6 KB
SUCCESS,/home/gabbu/Downloads/ecommerce-produtos/perfumes/Amber romance.jpeg,/home/gabbu/Área de trabalho/scripts/otimizacao-imgs-webp/ecommerce-produtos/hero/perfumes/Amber romance_hero.webp,hero,94720,68158,92.5 KB -> 66.6 KB
SUCCESS,/home/gabbu/Downloads/ecommerce-produtos/perfumes/love collection n100.jpeg,/home/gabbu/Área de trabalho/scripts/otimizacao-imgs-webp/ecommerce-produtos/thumbnail/perfumes/love collection n100_thumbnail.webp,thumbnail,66997,2970,65.4 KB -> 2.9 KB
SUCCESS,/home/gabbu/Downloads/ecommerce-produtos/perfumes/love collection n100.jpeg,/home/gabbu/Área de trabalho/scripts/otimizacao-imgs-webp/ecommerce-produtos/card/perfumes/love collection n100_card.webp,card,66997,10228,65.4 KB -> 10.0 KB
SUCCESS,/home/gabbu/Downloads/ecommerce-produtos/perfumes/love collection n100.jpeg,/home/gabbu/Área de trabalho/scripts/otimizacao-imgs-webp/ecommerce-produtos/detail/perfumes/love collection n100_detail.webp,detail,66997,29498,65.4 KB -> 28.8 KB
SUCCESS,/home/gabbu/Downloads/ecommerce-produtos/perfumes/love collection n100.jpeg,/home/gabbu/Área de trabalho/scripts/otimizacao-imgs-webp/ecommerce-produtos/hero/perfumes/love collection n100_hero.webp,hero,66997,43512,65.4 KB -> 42.5 KB
SUCCESS,/home/gabbu/Downloads/ecommerce-produtos/perfumes/silhouette.jpeg,/home/gabbu/Área de trabalho/scripts/otimizacao-imgs-webp/ecommerce-produtos/thumbnail/perfumes/silhouette_thumbnail.webp,thumbnail,114912,3382,112.2 KB -> 3.3 KB
SUCCESS,/home/gabbu/Downloads/ecommerce-produtos/perfumes/silhouette.jpeg,/home/gabbu/Área de trabalho/scripts/otimizacao-imgs-webp/ecommerce-produtos/card/perfumes/silhouette_card.webp,card,114912,11146,112.2 KB -> 10.9 KB
SUCCESS,/home/gabbu/Downloads/ecommerce-produtos/perfumes/silhouette.jpeg,/home/gabbu/Área de trabalho/scripts/otimizacao-imgs-webp/ecommerce-produtos/detail/perfumes/silhouette_detail.webp,detail,114912,34946,112.2 KB -> 34.1 KB
SUCCESS,/home/gabbu/Downloads/ecommerce-produtos/perfumes/silhouette.jpeg,/home/gabbu/Área de trabalho/scripts/otimizacao-imgs-webp/ecommerce-produtos/hero/perfumes/silhouette_hero.webp,hero,114912,62912,112.2 KB -> 61.4 KB
SUCCESS,/home/gabbu/Downloads/ecommerce-produtos/perfumes/mayar lattafa.jpeg,/home/gabbu/Área de trabalho/scripts/otimizacao-imgs-webp/ecommerce-produtos/thumbnail/perfumes/mayar lattafa_thumbnail.webp,thumbnail,85417,4440,83.4 KB -> 4.3 KB
SUCCESS,/home/gabbu/Downloads/ecommerce-produtos/perfumes/mayar lattafa.jpeg,/home/gabbu/Área de trabalho/scripts/otimizacao-imgs-webp/ecommerce-produtos/card/perfumes/mayar lattafa_card.webp,card,85417,13850,83.4 KB -> 13.5 KB
SUCCESS,/home/gabbu/Downloads/ecommerce-produtos/perfumes/mayar lattafa.jpeg,/home/gabbu/Área de trabalho/scripts/otimizacao-imgs-webp/ecommerce-produtos/detail/perfumes/mayar lattafa_detail.webp,detail,85417,38892,83.4 KB -> 38.0 KB
SUCCESS,/home/gabbu/Downloads/ecommerce-produtos/perfumes/mayar lattafa.jpeg,/home/gabbu/Área de trabalho/scripts/otimizacao-imgs-webp/ecommerce-produtos/hero/perfumes/mayar lattafa_hero.webp,hero,85417,55608,83.4 KB -> 54.3 KB
SUCCESS,/home/gabbu/Downloads/ecommerce-produtos/perfumes/dark black.jpeg,/home/gabbu/Área de trabalho/scripts/otimizacao-imgs-webp/ecommerce-produtos/thumbnail/perfumes/dark black_thumbnail.webp,thumbnail,79912,2550,78.0 KB -> 2.5 KB
SUCCESS,/home/gabbu/Downloads/ecommerce-produtos/perfumes/dark black.jpeg,/home/gabbu/Área de trabalho/scripts/otimizacao-imgs-webp/ecommerce-produtos/card/perfumes/dark black_card.webp,card,79912,7742,78.0 KB -> 7.6 KB
SUCCESS,/home/gabbu/Downloads/ecommerce-produtos/perfumes/dark black.jpeg,/home/gabbu/Área de trabalho/scripts/otimizacao-imgs-webp/ecommerce-produtos/detail/perfumes/dark black_detail.webp,detail,79912,21408,78.0 KB -> 20.9 KB
SUCCESS,/home/gabbu/Downloads/ecommerce-produtos/perfumes/dark black.jpeg,/home/gabbu/Área de trabalho/scripts/otimizacao-imgs-webp/ecommerce-produtos/hero/perfumes/dark black_hero.webp,hero,79912,38700,78.0 KB -> 37.8 KB
SUCCESS,/home/gabbu/Downloads/ecommerce-produtos/perfumes/rose collection love spell.jpeg,/home/gabbu/Área de trabalho/scripts/otimizacao-imgs-webp/ecommerce-produtos/thumbnail/perfumes/rose collection love spell_thumbnail.webp,thumbnail,83062,4660,81.1 KB -> 4.6 KB
SUCCESS,/home/gabbu/Downloads/ecommerce-produtos/perfumes/rose collection love spell.jpeg,/home/gabbu/Área de trabalho/scripts/otimizacao-imgs-webp/ecommerce-produtos/card/perfumes/rose collection love spell_card.webp,card,83062,14130,81.1 KB -> 13.8 KB
SUCCESS,/home/gabbu/Downloads/ecommerce-produtos/perfumes/rose collection love spell.jpeg,/home/gabbu/Área de trabalho/scripts/otimizacao-imgs-webp/ecommerce-produtos/detail/perfumes/rose collection love spell_detail.webp,detail,83062,37004,81.1 KB -> 36.1 KB
SUCCESS,/home/gabbu/Downloads/ecommerce-produtos/perfumes/rose collection love spell.jpeg,/home/gabbu/Área de trabalho/scripts/otimizacao-imgs-webp/ecommerce-produtos/hero/perfumes/rose collection love spell_hero.webp,hero,83062,56500,81.1 KB -> 55.2 KB
SUCCESS,/home/gabbu/Downloads/ecommerce-produtos/perfumes/badr al oud.jpeg,/home/gabbu/Área de trabalho/scripts/otimizacao-imgs-webp/ecommerce-produtos/thumbnail/perfumes/badr al oud_thumbnail.webp,thumbnail,142857,3500,139.5 KB -> 3.4 KB
SUCCESS,/home/gabbu/Downloads/ecommerce-produtos/perfumes/badr al oud.jpeg,/home/gabbu/Área de trabalho/scripts/otimizacao-imgs-webp/ecommerce-produtos/card/perfumes/badr al oud_card.webp,card,142857,12942,139.5 KB -> 12.6 KB
SUCCESS,/home/gabbu/Downloads/ecommerce-produtos/perfumes/badr al oud.jpeg,/home/gabbu/Área de trabalho/scripts/otimizacao-imgs-webp/ecommerce-produtos/detail/perfumes/badr al oud_detail.webp,detail,142857,45314,139.5 KB -> 44.3 KB
SUCCESS,/home/gabbu/Downloads/ecommerce-produtos/perfumes/badr al oud.jpeg,/home/gabbu/Área de trabalho/scripts/otimizacao-imgs-webp/ecommerce-produtos/hero/perfumes/badr al oud_hero.webp,hero,142857,86198,139.5 KB -> 84.2 KB
SUCCESS,/home/gabbu/Downloads/ecommerce-produtos/perfumes/asdaaf.jpeg,/home/gabbu/Área de trabalho/scripts/otimizacao-imgs-webp/ecommerce-produtos/thumbnail/perfumes/asdaaf_thumbnail.webp,thumbnail,97731,5392,95.4 KB -> 5.3 KB
SUCCESS,/home/gabbu/Downloads/ecommerce-produtos/perfumes/asdaaf.jpeg,/home/gabbu/Área de trabalho/scripts/otimizacao-imgs-webp/ecommerce-produtos/card/perfumes/asdaaf_card.webp,card,97731,17212,95.4 KB -> 16.8 KB
SUCCESS,/home/gabbu/Downloads/ecommerce-produtos/perfumes/asdaaf.jpeg,/home/gabbu/Área de trabalho/scripts/otimizacao-imgs-webp/ecommerce-produtos/detail/perfumes/asdaaf_detail.webp,detail,97731,45574,95.4 KB -> 44.5 KB
SUCCESS,/home/gabbu/Downloads/ecommerce-produtos/perfumes/asdaaf.jpeg,/home/gabbu/Área de trabalho/scripts/otimizacao-imgs-webp/ecommerce-produtos/hero/perfumes/asdaaf_hero.webp,hero,97731,66434,95.4 KB -> 64.9 KB
SUCCESS,/home/gabbu/Downloads/ecommerce-produtos/perfumes/silhouette in bloom.jpeg,/home/gabbu/Área de trabalho/scripts/otimizacao-imgs-webp/ecommerce-produtos/thumbnail/perfumes/silhouette in bloom_thumbnail.webp,thumbnail,100188,3378,97.8 KB -> 3.3 KB
SUCCESS,/home/gabbu/Downloads/ecommerce-produtos/perfumes/silhouette in bloom.jpeg,/home/gabbu/Área de trabalho/scripts/otimizacao-imgs-webp/ecommerce-produtos/card/perfumes/silhouette in bloom_card.webp,card,100188,10244,97.8 KB -> 10.0 KB
SUCCESS,/home/gabbu/Downloads/ecommerce-produtos/perfumes/silhouette in bloom.jpeg,/home/gabbu/Área de trabalho/scripts/otimizacao-imgs-webp/ecommerce-produtos/detail/perfumes/silhouette in bloom_detail.webp,detail,100188,30174,97.8 KB -> 29.5 KB
SUCCESS,/home/gabbu/Downloads/ecommerce-produtos/perfumes/silhouette in bloom.jpeg,/home/gabbu/Área de trabalho/scripts/otimizacao-imgs-webp/ecommerce-produtos/hero/perfumes/silhouette in bloom_hero.webp,hero,100188,53552,97.8 KB -> 52.3 KB
SUCCESS,/home/gabbu/Downloads/ecommerce-produtos/perfumes/bare vanilla.jpeg,/home/gabbu/Área de trabalho/scripts/otimizacao-imgs-webp/ecommerce-produtos/thumbnail/perfumes/bare vanilla_thumbnail.webp,thumbnail,86476,5272,84.4 KB -> 5.1 KB
SUCCESS,/home/gabbu/Downloads/ecommerce-produtos/perfumes/bare vanilla.jpeg,/home/gabbu/Área de trabalho/scripts/otimizacao-imgs-webp/ecommerce-produtos/card/perfumes/bare vanilla_card.webp,card,86476,15482,84.4 KB -> 15.1 KB
SUCCESS,/home/gabbu/Downloads/ecommerce-produtos/perfumes/bare vanilla.jpeg,/home/gabbu/Área de trabalho/scripts/otimizacao-imgs-webp/ecommerce-produtos/detail/perfumes/bare vanilla_detail.webp,detail,86476,38852,84.4 KB -> 37.9 KB
SUCCESS,/home/gabbu/Downloads/ecommerce-produtos/perfumes/bare vanilla.jpeg,/home/gabbu/Área de trabalho/scripts/otimizacao-imgs-webp/ecommerce-produtos/hero/perfumes/bare vanilla_hero.webp,hero,86476,58240,84.4 KB -> 56.9 KB
SUCCESS,/home/gabbu/Downloads/ecommerce-produtos/perfumes/black suit.jpeg,/home/gabbu/Área de trabalho/scripts/otimizacao-imgs-webp/ecommerce-produtos/thumbnail/perfumes/black suit_thumbnail.webp,thumbnail,80308,2508,78.4 KB -> 2.4 KB
SUCCESS,/home/gabbu/Downloads/ecommerce-produtos/perfumes/black suit.jpeg,/home/gabbu/Área de trabalho/scripts/otimizacao-imgs-webp/ecommerce-produtos/card/perfumes/black suit_card.webp,card,80308,7602,78.4 KB -> 7.4 KB
SUCCESS,/home/gabbu/Downloads/ecommerce-produtos/perfumes/black suit.jpeg,/home/gabbu/Área de trabalho/scripts/otimizacao-imgs-webp/ecommerce-produtos/detail/perfumes/black suit_detail.webp,detail,80308,22254,78.4 KB -> 21.7 KB
SUCCESS,/home/gabbu/Downloads/ecommerce-produtos/perfumes/black suit.jpeg,/home/gabbu/Área de trabalho/scripts/otimizacao-imgs-webp/ecommerce-produtos/hero/perfumes/black suit_hero.webp,hero,80308,40516,78.4 KB -> 39.6 KB
SUCCESS,/home/gabbu/Downloads/ecommerce-produtos/perfumes/new way.jpeg,/home/gabbu/Área de trabalho/scripts/otimizacao-imgs-webp/ecommerce-produtos/thumbnail/perfumes/new way_thumbnail.webp,thumbnail,93945,2782,91.7 KB -> 2.7 KB
SUCCESS,/home/gabbu/Downloads/ecommerce-produtos/perfumes/new way.jpeg,/home/gabbu/Área de trabalho/scripts/otimizacao-imgs-webp/ecommerce-produtos/card/perfumes/new way_card.webp,card,93945,9068,91.7 KB -> 8.9 KB
SUCCESS,/home/gabbu/Downloads/ecommerce-produtos/perfumes/new way.jpeg,/home/gabbu/Área de trabalho/scripts/otimizacao-imgs-webp/ecommerce-produtos/detail/perfumes/new way_detail.webp,detail,93945,26272,91.7 KB -> 25.7 KB
SUCCESS,/home/gabbu/Downloads/ecommerce-produtos/perfumes/new way.jpeg,/home/gabbu/Área de trabalho/scripts/otimizacao-imgs-webp/ecommerce-produtos/hero/perfumes/new way_hero.webp,hero,93945,45196,91.7 KB -> 44.1 KB
SUCCESS,/home/gabbu/Downloads/ecommerce-produtos/perfumes/intifique oud.jpeg,/home/gabbu/Área de trabalho/scripts/otimizacao-imgs-webp/ecommerce-produtos/thumbnail/perfumes/intifique oud_thumbnail.webp,thumbnail,138937,6094,135.7 KB -> 6.0 KB
SUCCESS,/home/gabbu/Downloads/ecommerce-produtos/perfumes/intifique oud.jpeg,/home/gabbu/Área de trabalho/scripts/otimizacao-imgs-webp/ecommerce-produtos/card/perfumes/intifique oud_card.webp,card,138937,23640,135.7 KB -> 23.1 KB
SUCCESS,/home/gabbu/Downloads/ecommerce-produtos/perfumes/intifique oud.jpeg,/home/gabbu/Área de trabalho/scripts/otimizacao-imgs-webp/ecommerce-produtos/detail/perfumes/intifique oud_detail.webp,detail,138937,81426,135.7 KB -> 79.5 KB
SUCCESS,/home/gabbu/Downloads/ecommerce-produtos/perfumes/intifique oud.jpeg,/home/gabbu/Área de trabalho/scripts/otimizacao-imgs-webp/ecommerce-produtos/hero/perfumes/intifique oud_hero.webp,hero,138937,123058,135.7 KB -> 120.2 KB
SUCCESS,/home/gabbu/Downloads/ecommerce-produtos/perfumes/lion-pour-homme-edt-100ml.jpeg,/home/gabbu/Área de trabalho/scripts/otimizacao-imgs-webp/ecommerce-produtos/thumbnail/perfumes/lion-pour-homme-edt-100ml_thumbnail.webp,thumbnail,81542,3108,79.6 KB -> 3.0 KB
SUCCESS,/home/gabbu/Downloads/ecommerce-produtos/perfumes/lion-pour-homme-edt-100ml.jpeg,/home/gabbu/Área de trabalho/scripts/otimizacao-imgs-webp/ecommerce-produtos/card/perfumes/lion-pour-homme-edt-100ml_card.webp,card,81542,9260,79.6 KB -> 9.0 KB
SUCCESS,/home/gabbu/Downloads/ecommerce-produtos/perfumes/lion-pour-homme-edt-100ml.jpeg,/home/gabbu/Área de trabalho/scripts/otimizacao-imgs-webp/ecommerce-produtos/detail/perfumes/lion-pour-homme-edt-100ml_detail.webp,detail,81542,24858,79.6 KB -> 24.3 KB
SUCCESS,/home/gabbu/Downloads/ecommerce-produtos/perfumes/lion-pour-homme-edt-100ml.jpeg,/home/gabbu/Área de trabalho/scripts/otimizacao-imgs-webp/ecommerce-produtos/hero/perfumes/lion-pour-homme-edt-100ml_hero.webp,hero,81542,42254,79.6 KB -> 41.3 KB
SUCCESS,/home/gabbu/Downloads/ecommerce-produtos/perfumes/Perfume Love Collection N1018.jpeg,/home/gabbu/Área de trabalho/scripts/otimizacao-imgs-webp/ecommerce-produtos/thumbnail/perfumes/Perfume Love Collection N1018_thumbnail.webp,thumbnail,164104,8646,160.3 KB -> 8.4 KB
SUCCESS,/home/gabbu/Downloads/ecommerce-produtos/perfumes/Perfume Love Collection N1018.jpeg,/home/gabbu/Área de trabalho/scripts/otimizacao-imgs-webp/ecommerce-produtos/card/perfumes/Perfume Love Collection N1018_card.webp,card,164104,32786,160.3 KB -> 32.0 KB
SUCCESS,/home/gabbu/Downloads/ecommerce-produtos/perfumes/Perfume Love Collection N1018.jpeg,/home/gabbu/Área de trabalho/scripts/otimizacao-imgs-webp/ecommerce-produtos/detail/perfumes/Perfume Love Collection N1018_detail.webp,detail,164104,104156,160.3 KB -> 101.7 KB
SUCCESS,/home/gabbu/Downloads/ecommerce-produtos/perfumes/Perfume Love Collection N1018.jpeg,/home/gabbu/Área de trabalho/scripts/otimizacao-imgs-webp/ecommerce-produtos/hero/perfumes/Perfume Love Collection N1018_hero.webp,hero,164104,150930,160.3 KB -> 147.4 KB
SUCCESS,/home/gabbu/Downloads/ecommerce-produtos/perfumes/fragrance mist.jpeg,/home/gabbu/Área de trabalho/scripts/otimizacao-imgs-webp/ecommerce-produtos/thumbnail/perfumes/fragrance mist_thumbnail.webp,thumbnail,73025,3526,71.3 KB -> 3.4 KB
SUCCESS,/home/gabbu/Downloads/ecommerce-produtos/perfumes/fragrance mist.jpeg,/home/gabbu/Área de trabalho/scripts/otimizacao-imgs-webp/ecommerce-produtos/card/perfumes/fragrance mist_card.webp,card,73025,11198,71.3 KB -> 10.9 KB
SUCCESS,/home/gabbu/Downloads/ecommerce-produtos/perfumes/fragrance mist.jpeg,/home/gabbu/Área de trabalho/scripts/otimizacao-imgs-webp/ecommerce-produtos/detail/perfumes/fragrance mist_detail.webp,detail,73025,30812,71.3 KB -> 30.1 KB
SUCCESS,/home/gabbu/Downloads/ecommerce-produtos/perfumes/fragrance mist.jpeg,/home/gabbu/Área de trabalho/scripts/otimizacao-imgs-webp/ecommerce-produtos/hero/perfumes/fragrance mist_hero.webp,hero,73025,46006,71.3 KB -> 44.9 KB
SUCCESS,/home/gabbu/Downloads/ecommerce-produtos/perfumes/solid red.jpeg,/home/gabbu/Área de trabalho/scripts/otimizacao-imgs-webp/ecommerce-produtos/thumbnail/perfumes/solid red_thumbnail.webp,thumbnail,98158,2448,95.9 KB -> 2.4 KB
SUCCESS,/home/gabbu/Downloads/ecommerce-produtos/perfumes/solid red.jpeg,/home/gabbu/Área de trabalho/scripts/otimizacao-imgs-webp/ecommerce-produtos/card/perfumes/solid red_card.webp,card,98158,8834,95.9 KB -> 8.6 KB
SUCCESS,/home/gabbu/Downloads/ecommerce-produtos/perfumes/solid red.jpeg,/home/gabbu/Área de trabalho/scripts/otimizacao-imgs-webp/ecommerce-produtos/detail/perfumes/solid red_detail.webp,detail,98158,29660,95.9 KB -> 29.0 KB
SUCCESS,/home/gabbu/Downloads/ecommerce-produtos/perfumes/solid red.jpeg,/home/gabbu/Área de trabalho/scripts/otimizacao-imgs-webp/ecommerce-produtos/hero/perfumes/solid red_hero.webp,hero,98158,55346,95.9 KB -> 54.0 KB
SUCCESS,/home/gabbu/Downloads/ecommerce-produtos/perfumes/legend bro.jpeg,/home/gabbu/Área de trabalho/scripts/otimizacao-imgs-webp/ecommerce-produtos/thumbnail/perfumes/legend bro_thumbnail.webp,thumbnail,88403,2656,86.3 KB -> 2.6 KB
SUCCESS,/home/gabbu/Downloads/ecommerce-produtos/perfumes/legend bro.jpeg,/home/gabbu/Área de trabalho/scripts/otimizacao-imgs-webp/ecommerce-produtos/card/perfumes/legend bro_card.webp,card,88403,8826,86.3 KB -> 8.6 KB
SUCCESS,/home/gabbu/Downloads/ecommerce-produtos/perfumes/legend bro.jpeg,/home/gabbu/Área de trabalho/scripts/otimizacao-imgs-webp/ecommerce-produtos/detail/perfumes/legend bro_detail.webp,detail,88403,26064,86.3 KB -> 25.5 KB
SUCCESS,/home/gabbu/Downloads/ecommerce-produtos/perfumes/legend bro.jpeg,/home/gabbu/Área de trabalho/scripts/otimizacao-imgs-webp/ecommerce-produtos/hero/perfumes/legend bro_hero.webp,hero,88403,44850,86.3 KB -> 43.8 KB
SUCCESS,/home/gabbu/Downloads/ecommerce-produtos/perfumes/coconout passion.jpeg,/home/gabbu/Área de trabalho/scripts/otimizacao-imgs-webp/ecommerce-produtos/thumbnail/perfumes/coconout passion_thumbnail.webp,thumbnail,85328,5022,83.3 KB -> 4.9 KB
SUCCESS,/home/gabbu/Downloads/ecommerce-produtos/perfumes/coconout passion.jpeg,/home/gabbu/Área de trabalho/scripts/otimizacao-imgs-webp/ecommerce-produtos/card/perfumes/coconout passion_card.webp,card,85328,15058,83.3 KB -> 14.7 KB
SUCCESS,/home/gabbu/Downloads/ecommerce-produtos/perfumes/coconout passion.jpeg,/home/gabbu/Área de trabalho/scripts/otimizacao-imgs-webp/ecommerce-produtos/detail/perfumes/coconout passion_detail.webp,detail,85328,38652,83.3 KB -> 37.7 KB
SUCCESS,/home/gabbu/Downloads/ecommerce-produtos/perfumes/coconout passion.jpeg,/home/gabbu/Área de trabalho/scripts/otimizacao-imgs-webp/ecommerce-produtos/hero/perfumes/coconout passion_hero.webp,hero,85328,57274,83.3 KB -> 55.9 KB
SUCCESS,/home/gabbu/Downloads/ecommerce-produtos/perfumes/men in black.jpeg,/home/gabbu/Área de trabalho/scripts/otimizacao-imgs-webp/ecommerce-produtos/thumbnail/perfumes/men in black_thumbnail.webp,thumbnail,72167,2372,70.5 KB -> 2.3 KB
SUCCESS,/home/gabbu/Downloads/ecommerce-produtos/perfumes/men in black.jpeg,/home/gabbu/Área de trabalho/scripts/otimizacao-imgs-webp/ecommerce-produtos/card/perfumes/men in black_card.webp,card,72167,7112,70.5 KB -> 6.9 KB
SUCCESS,/home/gabbu/Downloads/ecommerce-produtos/perfumes/men in black.jpeg,/home/gabbu/Área de trabalho/scripts/otimizacao-imgs-webp/ecommerce-produtos/detail/perfumes/men in black_detail.webp,detail,72167,19694,70.5 KB -> 19.2 KB
SUCCESS,/home/gabbu/Downloads/ecommerce-produtos/perfumes/men in black.jpeg,/home/gabbu/Área de trabalho/scripts/otimizacao-imgs-webp/ecommerce-produtos/hero/perfumes/men in black_hero.webp,hero,72167,34190,70.5 KB -> 33.4 KB
SUCCESS,/home/gabbu/Downloads/ecommerce-produtos/perfumes/carbon black.jpeg,/home/gabbu/Área de trabalho/scripts/otimizacao-imgs-webp/ecommerce-produtos/thumbnail/perfumes/carbon black_thumbnail.webp,thumbnail,81871,2498,80.0 KB -> 2.4 KB
SUCCESS,/home/gabbu/Downloads/ecommerce-produtos/perfumes/carbon black.jpeg,/home/gabbu/Área de trabalho/scripts/otimizacao-imgs-webp/ecommerce-produtos/card/perfumes/carbon black_card.webp,card,81871,7674,80.0 KB -> 7.5 KB
SUCCESS,/home/gabbu/Downloads/ecommerce-produtos/perfumes/carbon black.jpeg,/home/gabbu/Área de trabalho/scripts/otimizacao-imgs-webp/ecommerce-produtos/detail/perfumes/carbon black_detail.webp,detail,81871,22670,80.0 KB -> 22.1 KB
SUCCESS,/home/gabbu/Downloads/ecommerce-produtos/perfumes/carbon black.jpeg,/home/gabbu/Área de trabalho/scripts/otimizacao-imgs-webp/ecommerce-produtos/hero/perfumes/carbon black_hero.webp,hero,81871,40286,80.0 KB -> 39.3 KB
SUCCESS,/home/gabbu/Downloads/ecommerce-produtos/perfumes/aqua kiss.jpeg,/home/gabbu/Área de trabalho/scripts/otimizacao-imgs-webp/ecommerce-produtos/thumbnail/perfumes/aqua kiss_thumbnail.webp,thumbnail,84786,4732,82.8 KB -> 4.6 KB
SUCCESS,/home/gabbu/Downloads/ecommerce-produtos/perfumes/aqua kiss.jpeg,/home/gabbu/Área de trabalho/scripts/otimizacao-imgs-webp/ecommerce-produtos/card/perfumes/aqua kiss_card.webp,card,84786,14284,82.8 KB -> 13.9 KB
SUCCESS,/home/gabbu/Downloads/ecommerce-produtos/perfumes/aqua kiss.jpeg,/home/gabbu/Área de trabalho/scripts/otimizacao-imgs-webp/ecommerce-produtos/detail/perfumes/aqua kiss_detail.webp,detail,84786,38112,82.8 KB -> 37.2 KB
SUCCESS,/home/gabbu/Downloads/ecommerce-produtos/perfumes/aqua kiss.jpeg,/home/gabbu/Área de trabalho/scripts/otimizacao-imgs-webp/ecommerce-produtos/hero/perfumes/aqua kiss_hero.webp,hero,84786,57308,82.8 KB -> 56.0 KB
SUCCESS,/home/gabbu/Downloads/ecommerce-produtos/pytotratha/gel-condutor-neutro-ultrassom-1kg.jpeg,/home/gabbu/Área de trabalho/scripts/otimizacao-imgs-webp/ecommerce-produtos/thumbnail/pytotratha/gel-condutor-neutro-ultrassom-1kg_thumbnail.webp,thumbnail,36892,1744,36.0 KB -> 1.7 KB
SUCCESS,/home/gabbu/Downloads/ecommerce-produtos/pytotratha/gel-condutor-neutro-ultrassom-1kg.jpeg,/home/gabbu/Área de trabalho/scripts/otimizacao-imgs-webp/ecommerce-produtos/card/pytotratha/gel-condutor-neutro-ultrassom-1kg_card.webp,card,36892,5946,36.0 KB -> 5.8 KB
SUCCESS,/home/gabbu/Downloads/ecommerce-produtos/pytotratha/gel-condutor-neutro-ultrassom-1kg.jpeg,/home/gabbu/Área de trabalho/scripts/otimizacao-imgs-webp/ecommerce-produtos/detail/pytotratha/gel-condutor-neutro-ultrassom-1kg_detail.webp,detail,36892,17340,36.0 KB -> 16.9 KB
SUCCESS,/home/gabbu/Downloads/ecommerce-produtos/pytotratha/gel-condutor-neutro-ultrassom-1kg.jpeg,/home/gabbu/Área de trabalho/scripts/otimizacao-imgs-webp/ecommerce-produtos/hero/pytotratha/gel-condutor-neutro-ultrassom-1kg_hero.webp,hero,36892,25804,36.0 KB -> 25.2 KB
SUCCESS,/home/gabbu/Downloads/ecommerce-produtos/pytotratha/creme-de-massagem-neutro-body-care-500g.jpeg,/home/gabbu/Área de trabalho/scripts/otimizacao-imgs-webp/ecommerce-produtos/thumbnail/pytotratha/creme-de-massagem-neutro-body-care-500g_thumbnail.webp,thumbnail,51645,2788,50.4 KB -> 2.7 KB
SUCCESS,/home/gabbu/Downloads/ecommerce-produtos/pytotratha/creme-de-massagem-neutro-body-care-500g.jpeg,/home/gabbu/Área de trabalho/scripts/otimizacao-imgs-webp/ecommerce-produtos/card/pytotratha/creme-de-massagem-neutro-body-care-500g_card.webp,card,51645,8824,50.4 KB -> 8.6 KB
SUCCESS,/home/gabbu/Downloads/ecommerce-produtos/pytotratha/creme-de-massagem-neutro-body-care-500g.jpeg,/home/gabbu/Área de trabalho/scripts/otimizacao-imgs-webp/ecommerce-produtos/detail/pytotratha/creme-de-massagem-neutro-body-care-500g_detail.webp,detail,51645,25494,50.4 KB -> 24.9 KB
SUCCESS,/home/gabbu/Downloads/ecommerce-produtos/pytotratha/creme-de-massagem-neutro-body-care-500g.jpeg,/home/gabbu/Área de trabalho/scripts/otimizacao-imgs-webp/ecommerce-produtos/hero/pytotratha/creme-de-massagem-neutro-body-care-500g_hero.webp,hero,51645,37022,50.4 KB -> 36.2 KB
SUCCESS,/home/gabbu/Downloads/ecommerce-produtos/pytotratha/ drenagem-oleo-de-massagem-500ml.jpeg,/home/gabbu/Área de trabalho/scripts/otimizacao-imgs-webp/ecommerce-produtos/thumbnail/pytotratha/drenagem-oleo-de-massagem-500ml_thumbnail.webp,thumbnail,49361,2208,48.2 KB -> 2.2 KB
SUCCESS,/home/gabbu/Downloads/ecommerce-produtos/pytotratha/ drenagem-oleo-de-massagem-500ml.jpeg,/home/gabbu/Área de trabalho/scripts/otimizacao-imgs-webp/ecommerce-produtos/card/pytotratha/drenagem-oleo-de-massagem-500ml_card.webp,card,49361,7816,48.2 KB -> 7.6 KB
SUCCESS,/home/gabbu/Downloads/ecommerce-produtos/pytotratha/ drenagem-oleo-de-massagem-500ml.jpeg,/home/gabbu/Área de trabalho/scripts/otimizacao-imgs-webp/ecommerce-produtos/detail/pytotratha/drenagem-oleo-de-massagem-500ml_detail.webp,detail,49361,25256,48.2 KB -> 24.7 KB
SUCCESS,/home/gabbu/Downloads/ecommerce-produtos/pytotratha/ drenagem-oleo-de-massagem-500ml.jpeg,/home/gabbu/Área de trabalho/scripts/otimizacao-imgs-webp/ecommerce-produtos/hero/pytotratha/drenagem-oleo-de-massagem-500ml_hero.webp,hero,49361,37948,48.2 KB -> 37.1 KB
SUCCESS,/home/gabbu/Downloads/ecommerce-produtos/pytotratha/serum nano vitaminico facil complex - clareador e redutor de melasma.jpeg,/home/gabbu/Área de trabalho/scripts/otimizacao-imgs-webp/ecommerce-produtos/thumbnail/pytotratha/serum nano vitaminico facil complex - clareador e redutor de melasma_thumbnail.webp,thumbnail,73002,4258,71.3 KB -> 4.2 KB
SUCCESS,/home/gabbu/Downloads/ecommerce-produtos/pytotratha/serum nano vitaminico facil complex - clareador e redutor de melasma.jpeg,/home/gabbu/Área de trabalho/scripts/otimizacao-imgs-webp/ecommerce-produtos/card/pytotratha/serum nano vitaminico facil complex - clareador e redutor de melasma_card.webp,card,73002,13880,71.3 KB -> 13.6 KB
SUCCESS,/home/gabbu/Downloads/ecommerce-produtos/pytotratha/serum nano vitaminico facil complex - clareador e redutor de melasma.jpeg,/home/gabbu/Área de trabalho/scripts/otimizacao-imgs-webp/ecommerce-produtos/detail/pytotratha/serum nano vitaminico facil complex - clareador e redutor de melasma_detail.webp,detail,73002,37770,71.3 KB -> 36.9 KB
SUCCESS,/home/gabbu/Downloads/ecommerce-produtos/pytotratha/serum nano vitaminico facil complex - clareador e redutor de melasma.jpeg,/home/gabbu/Área de trabalho/scripts/otimizacao-imgs-webp/ecommerce-produtos/hero/pytotratha/serum nano vitaminico facil complex - clareador e redutor de melasma_hero.webp,hero,73002,53276,71.3 KB -> 52.0 KB
SUCCESS,/home/gabbu/Downloads/ecommerce-produtos/pytotratha/sabonete-iluminador-com-vitamina-c-complex-120ml.jpeg,/home/gabbu/Área de trabalho/scripts/otimizacao-imgs-webp/ecommerce-produtos/thumbnail/pytotratha/sabonete-iluminador-com-vitamina-c-complex-120ml_thumbnail.webp,thumbnail,53384,2184,52.1 KB -> 2.1 KB
SUCCESS,/home/gabbu/Downloads/ecommerce-produtos/pytotratha/sabonete-iluminador-com-vitamina-c-complex-120ml.jpeg,/home/gabbu/Área de trabalho/scripts/otimizacao-imgs-webp/ecommerce-produtos/card/pytotratha/sabonete-iluminador-com-vitamina-c-complex-120ml_card.webp,card,53384,7586,52.1 KB -> 7.4 KB
SUCCESS,/home/gabbu/Downloads/ecommerce-produtos/pytotratha/sabonete-iluminador-com-vitamina-c-complex-120ml.jpeg,/home/gabbu/Área de trabalho/scripts/otimizacao-imgs-webp/ecommerce-produtos/detail/pytotratha/sabonete-iluminador-com-vitamina-c-complex-120ml_detail.webp,detail,53384,24688,52.1 KB -> 24.1 KB
SUCCESS,/home/gabbu/Downloads/ecommerce-produtos/pytotratha/sabonete-iluminador-com-vitamina-c-complex-120ml.jpeg,/home/gabbu/Área de trabalho/scripts/otimizacao-imgs-webp/ecommerce-produtos/hero/pytotratha/sabonete-iluminador-com-vitamina-c-complex-120ml_hero.webp,hero,53384,36418,52.1 KB -> 35.6 KB
SUCCESS,/home/gabbu/Downloads/ecommerce-produtos/pytotratha/ serum-estimulante-de-crescimento-fios-grow-up-30ml.jpeg,/home/gabbu/Área de trabalho/scripts/otimizacao-imgs-webp/ecommerce-produtos/thumbnail/pytotratha/serum-estimulante-de-crescimento-fios-grow-up-30ml_thumbnail.webp,thumbnail,61771,3670,60.3 KB -> 3.6 KB
SUCCESS,/home/gabbu/Downloads/ecommerce-produtos/pytotratha/ serum-estimulante-de-crescimento-fios-grow-up-30ml.jpeg,/home/gabbu/Área de trabalho/scripts/otimizacao-imgs-webp/ecommerce-produtos/card/pytotratha/serum-estimulante-de-crescimento-fios-grow-up-30ml_card.webp,card,61771,11354,60.3 KB -> 11.1 KB
SUCCESS,/home/gabbu/Downloads/ecommerce-produtos/pytotratha/ serum-estimulante-de-crescimento-fios-grow-up-30ml.jpeg,/home/gabbu/Área de trabalho/scripts/otimizacao-imgs-webp/ecommerce-produtos/detail/pytotratha/serum-estimulante-de-crescimento-fios-grow-up-30ml_detail.webp,detail,61771,32134,60.3 KB -> 31.4 KB
SUCCESS,/home/gabbu/Downloads/ecommerce-produtos/pytotratha/ serum-estimulante-de-crescimento-fios-grow-up-30ml.jpeg,/home/gabbu/Área de trabalho/scripts/otimizacao-imgs-webp/ecommerce-produtos/hero/pytotratha/serum-estimulante-de-crescimento-fios-grow-up-30ml_hero.webp,hero,61771,46194,60.3 KB -> 45.1 KB
SUCCESS,/home/gabbu/Downloads/ecommerce-produtos/pytotratha/espuma-de-limpeza-remineralizante-microbooster-150ml.jpeg,/home/gabbu/Área de trabalho/scripts/otimizacao-imgs-webp/ecommerce-produtos/thumbnail/pytotratha/espuma-de-limpeza-remineralizante-microbooster-150ml_thumbnail.webp,thumbnail,49148,2416,48.0 KB -> 2.4 KB
SUCCESS,/home/gabbu/Downloads/ecommerce-produtos/pytotratha/espuma-de-limpeza-remineralizante-microbooster-150ml.jpeg,/home/gabbu/Área de trabalho/scripts/otimizacao-imgs-webp/ecommerce-produtos/card/pytotratha/espuma-de-limpeza-remineralizante-microbooster-150ml_card.webp,card,49148,7936,48.0 KB -> 7.8 KB
SUCCESS,/home/gabbu/Downloads/ecommerce-produtos/pytotratha/espuma-de-limpeza-remineralizante-microbooster-150ml.jpeg,/home/gabbu/Área de trabalho/scripts/otimizacao-imgs-webp/ecommerce-produtos/detail/pytotratha/espuma-de-limpeza-remineralizante-microbooster-150ml_detail.webp,detail,49148,23426,48.0 KB -> 22.9 KB
SUCCESS,/home/gabbu/Downloads/ecommerce-produtos/pytotratha/espuma-de-limpeza-remineralizante-microbooster-150ml.jpeg,/home/gabbu/Área de trabalho/scripts/otimizacao-imgs-webp/ecommerce-produtos/hero/pytotratha/espuma-de-limpeza-remineralizante-microbooster-150ml_hero.webp,hero,49148,35984,48.0 KB -> 35.1 KB
SUCCESS,/home/gabbu/Downloads/ecommerce-produtos/pytotratha/firm-up-firmador-corporal-240ml.jpeg,/home/gabbu/Área de trabalho/scripts/otimizacao-imgs-webp/ecommerce-produtos/thumbnail/pytotratha/firm-up-firmador-corporal-240ml_thumbnail.webp,thumbnail,49565,2516,48.4 KB -> 2.5 KB
SUCCESS,/home/gabbu/Downloads/ecommerce-produtos/pytotratha/firm-up-firmador-corporal-240ml.jpeg,/home/gabbu/Área de trabalho/scripts/otimizacao-imgs-webp/ecommerce-produtos/card/pytotratha/firm-up-firmador-corporal-240ml_card.webp,card,49565,8580,48.4 KB -> 8.4 KB
SUCCESS,/home/gabbu/Downloads/ecommerce-produtos/pytotratha/firm-up-firmador-corporal-240ml.jpeg,/home/gabbu/Área de trabalho/scripts/otimizacao-imgs-webp/ecommerce-produtos/detail/pytotratha/firm-up-firmador-corporal-240ml_detail.webp,detail,49565,25668,48.4 KB -> 25.1 KB
SUCCESS,/home/gabbu/Downloads/ecommerce-produtos/pytotratha/firm-up-firmador-corporal-240ml.jpeg,/home/gabbu/Área de trabalho/scripts/otimizacao-imgs-webp/ecommerce-produtos/hero/pytotratha/firm-up-firmador-corporal-240ml_hero.webp,hero,49565,37446,48.4 KB -> 36.6 KB
SUCCESS,/home/gabbu/Downloads/ecommerce-produtos/pytotratha/ gel-condutor-enzimatico-com-cafeina-1kg.jpeg,/home/gabbu/Área de trabalho/scripts/otimizacao-imgs-webp/ecommerce-produtos/thumbnail/pytotratha/gel-condutor-enzimatico-com-cafeina-1kg_thumbnail.webp,thumbnail,41585,1692,40.6 KB -> 1.7 KB
SUCCESS,/home/gabbu/Downloads/ecommerce-produtos/pytotratha/ gel-condutor-enzimatico-com-cafeina-1kg.jpeg,/home/gabbu/Área de trabalho/scripts/otimizacao-imgs-webp/ecommerce-produtos/card/pytotratha/gel-condutor-enzimatico-com-cafeina-1kg_card.webp,card,41585,6190,40.6 KB -> 6.0 KB
SUCCESS,/home/gabbu/Downloads/ecommerce-produtos/pytotratha/ gel-condutor-enzimatico-com-cafeina-1kg.jpeg,/home/gabbu/Área de trabalho/scripts/otimizacao-imgs-webp/ecommerce-produtos/detail/pytotratha/gel-condutor-enzimatico-com-cafeina-1kg_detail.webp,detail,41585,18340,40.6 KB -> 17.9 KB
SUCCESS,/home/gabbu/Downloads/ecommerce-produtos/pytotratha/ gel-condutor-enzimatico-com-cafeina-1kg.jpeg,/home/gabbu/Área de trabalho/scripts/otimizacao-imgs-webp/ecommerce-produtos/hero/pytotratha/gel-condutor-enzimatico-com-cafeina-1kg_hero.webp,hero,41585,26262,40.6 KB -> 25.6 KB
SUCCESS,/home/gabbu/Downloads/ecommerce-produtos/pytotratha/esfoliante-abrasivo-para-pele-oleosa-basic-clean-200g.jpeg,/home/gabbu/Área de trabalho/scripts/otimizacao-imgs-webp/ecommerce-produtos/thumbnail/pytotratha/esfoliante-abrasivo-para-pele-oleosa-basic-clean-200g_thumbnail.webp,thumbnail,44148,2148,43.1 KB -> 2.1 KB
SUCCESS,/home/gabbu/Downloads/ecommerce-produtos/pytotratha/esfoliante-abrasivo-para-pele-oleosa-basic-clean-200g.jpeg,/home/gabbu/Área de trabalho/scripts/otimizacao-imgs-webp/ecommerce-produtos/card/pytotratha/esfoliante-abrasivo-para-pele-oleosa-basic-clean-200g_card.webp,card,44148,7086,43.1 KB -> 6.9 KB
SUCCESS,/home/gabbu/Downloads/ecommerce-produtos/pytotratha/esfoliante-abrasivo-para-pele-oleosa-basic-clean-200g.jpeg,/home/gabbu/Área de trabalho/scripts/otimizacao-imgs-webp/ecommerce-produtos/detail/pytotratha/esfoliante-abrasivo-para-pele-oleosa-basic-clean-200g_detail.webp,detail,44148,20098,43.1 KB -> 19.6 KB
SUCCESS,/home/gabbu/Downloads/ecommerce-produtos/pytotratha/esfoliante-abrasivo-para-pele-oleosa-basic-clean-200g.jpeg,/home/gabbu/Área de trabalho/scripts/otimizacao-imgs-webp/ecommerce-produtos/hero/pytotratha/esfoliante-abrasivo-para-pele-oleosa-basic-clean-200g_hero.webp,hero,44148,29298,43.1 KB -> 28.6 KB
SUCCESS,/home/gabbu/Downloads/ecommerce-produtos/pytotratha/fluido-condutor-radiofrequencia-endermologia-e-ionizacao-eletroterapia-500ml.jpeg,/home/gabbu/Área de trabalho/scripts/otimizacao-imgs-webp/ecommerce-produtos/thumbnail/pytotratha/fluido-condutor-radiofrequencia-endermologia-e-ionizacao-eletroterapia-500ml_thumbnail.webp,thumbnail,46478,2256,45.4 KB -> 2.2 KB
SUCCESS,/home/gabbu/Downloads/ecommerce-produtos/pytotratha/fluido-condutor-radiofrequencia-endermologia-e-ionizacao-eletroterapia-500ml.jpeg,/home/gabbu/Área de trabalho/scripts/otimizacao-imgs-webp/ecommerce-produtos/card/pytotratha/fluido-condutor-radiofrequencia-endermologia-e-ionizacao-eletroterapia-500ml_card.webp,card,46478,7128,45.4 KB -> 7.0 KB
SUCCESS,/home/gabbu/Downloads/ecommerce-produtos/pytotratha/fluido-condutor-radiofrequencia-endermologia-e-ionizacao-eletroterapia-500ml.jpeg,/home/gabbu/Área de trabalho/scripts/otimizacao-imgs-webp/ecommerce-produtos/detail/pytotratha/fluido-condutor-radiofrequencia-endermologia-e-ionizacao-eletroterapia-500ml_detail.webp,detail,46478,22236,45.4 KB -> 21.7 KB
SUCCESS,/home/gabbu/Downloads/ecommerce-produtos/pytotratha/fluido-condutor-radiofrequencia-endermologia-e-ionizacao-eletroterapia-500ml.jpeg,/home/gabbu/Área de trabalho/scripts/otimizacao-imgs-webp/ecommerce-produtos/hero/pytotratha/fluido-condutor-radiofrequencia-endermologia-e-ionizacao-eletroterapia-500ml_hero.webp,hero,46478,33520,45.4 KB -> 32.7 KB
SUCCESS,/home/gabbu/Downloads/ecommerce-produtos/pytotratha/redutor-creme-desintoxicante-1kg.jpeg,/home/gabbu/Área de trabalho/scripts/otimizacao-imgs-webp/ecommerce-produtos/thumbnail/pytotratha/redutor-creme-desintoxicante-1kg_thumbnail.webp,thumbnail,60159,3102,58.7 KB -> 3.0 KB
SUCCESS,/home/gabbu/Downloads/ecommerce-produtos/pytotratha/redutor-creme-desintoxicante-1kg.jpeg,/home/gabbu/Área de trabalho/scripts/otimizacao-imgs-webp/ecommerce-produtos/card/pytotratha/redutor-creme-desintoxicante-1kg_card.webp,card,60159,10562,58.7 KB -> 10.3 KB
SUCCESS,/home/gabbu/Downloads/ecommerce-produtos/pytotratha/redutor-creme-desintoxicante-1kg.jpeg,/home/gabbu/Área de trabalho/scripts/otimizacao-imgs-webp/ecommerce-produtos/detail/pytotratha/redutor-creme-desintoxicante-1kg_detail.webp,detail,60159,30528,58.7 KB -> 29.8 KB
SUCCESS,/home/gabbu/Downloads/ecommerce-produtos/pytotratha/redutor-creme-desintoxicante-1kg.jpeg,/home/gabbu/Área de trabalho/scripts/otimizacao-imgs-webp/ecommerce-produtos/hero/pytotratha/redutor-creme-desintoxicante-1kg_hero.webp,hero,60159,44332,58.7 KB -> 43.3 KB
SUCCESS,/home/gabbu/Downloads/ecommerce-produtos/pytotratha/bruma-iluminadora-com-vitamina-c-120ml.jpeg,/home/gabbu/Área de trabalho/scripts/otimizacao-imgs-webp/ecommerce-produtos/thumbnail/pytotratha/bruma-iluminadora-com-vitamina-c-120ml_thumbnail.webp,thumbnail,54698,2464,53.4 KB -> 2.4 KB
SUCCESS,/home/gabbu/Downloads/ecommerce-produtos/pytotratha/bruma-iluminadora-com-vitamina-c-120ml.jpeg,/home/gabbu/Área de trabalho/scripts/otimizacao-imgs-webp/ecommerce-produtos/card/pytotratha/bruma-iluminadora-com-vitamina-c-120ml_card.webp,card,54698,7828,53.4 KB -> 7.6 KB
SUCCESS,/home/gabbu/Downloads/ecommerce-produtos/pytotratha/bruma-iluminadora-com-vitamina-c-120ml.jpeg,/home/gabbu/Área de trabalho/scripts/otimizacao-imgs-webp/ecommerce-produtos/detail/pytotratha/bruma-iluminadora-com-vitamina-c-120ml_detail.webp,detail,54698,23882,53.4 KB -> 23.3 KB
SUCCESS,/home/gabbu/Downloads/ecommerce-produtos/pytotratha/bruma-iluminadora-com-vitamina-c-120ml.jpeg,/home/gabbu/Área de trabalho/scripts/otimizacao-imgs-webp/ecommerce-produtos/hero/pytotratha/bruma-iluminadora-com-vitamina-c-120ml_hero.webp,hero,54698,36510,53.4 KB -> 35.7 KB
SUCCESS,/home/gabbu/Downloads/ecommerce-produtos/pytotratha/vitamina-c-serum-clareador-e-rejuvenescedor-nano-20-30ml.jpeg,/home/gabbu/Área de trabalho/scripts/otimizacao-imgs-webp/ecommerce-produtos/thumbnail/pytotratha/vitamina-c-serum-clareador-e-rejuvenescedor-nano-20-30ml_thumbnail.webp,thumbnail,51221,2612,50.0 KB -> 2.6 KB
SUCCESS,/home/gabbu/Downloads/ecommerce-produtos/pytotratha/vitamina-c-serum-clareador-e-rejuvenescedor-nano-20-30ml.jpeg,/home/gabbu/Área de trabalho/scripts/otimizacao-imgs-webp/ecommerce-produtos/card/pytotratha/vitamina-c-serum-clareador-e-rejuvenescedor-nano-20-30ml_card.webp,card,51221,8652,50.0 KB -> 8.4 KB
SUCCESS,/home/gabbu/Downloads/ecommerce-produtos/pytotratha/vitamina-c-serum-clareador-e-rejuvenescedor-nano-20-30ml.jpeg,/home/gabbu/Área de trabalho/scripts/otimizacao-imgs-webp/ecommerce-produtos/detail/pytotratha/vitamina-c-serum-clareador-e-rejuvenescedor-nano-20-30ml_detail.webp,detail,51221,25366,50.0 KB -> 24.8 KB
SUCCESS,/home/gabbu/Downloads/ecommerce-produtos/pytotratha/vitamina-c-serum-clareador-e-rejuvenescedor-nano-20-30ml.jpeg,/home/gabbu/Área de trabalho/scripts/otimizacao-imgs-webp/ecommerce-produtos/hero/pytotratha/vitamina-c-serum-clareador-e-rejuvenescedor-nano-20-30ml_hero.webp,hero,51221,36308,50.0 KB -> 35.5 KB
SUCCESS,/home/gabbu/Downloads/ecommerce-produtos/pytotratha/serum-anti-aging-firmador-dmae-lift-solution-30g.jpeg,/home/gabbu/Área de trabalho/scripts/otimizacao-imgs-webp/ecommerce-produtos/thumbnail/pytotratha/serum-anti-aging-firmador-dmae-lift-solution-30g_thumbnail.webp,thumbnail,46737,2108,45.6 KB -> 2.1 KB
SUCCESS,/home/gabbu/Downloads/ecommerce-produtos/pytotratha/serum-anti-aging-firmador-dmae-lift-solution-30g.jpeg,/home/gabbu/Área de trabalho/scripts/otimizacao-imgs-webp/ecommerce-produtos/card/pytotratha/serum-anti-aging-firmador-dmae-lift-solution-30g_card.webp,card,46737,7560,45.6 KB -> 7.4 KB
SUCCESS,/home/gabbu/Downloads/ecommerce-produtos/pytotratha/serum-anti-aging-firmador-dmae-lift-solution-30g.jpeg,/home/gabbu/Área de trabalho/scripts/otimizacao-imgs-webp/ecommerce-produtos/detail/pytotratha/serum-anti-aging-firmador-dmae-lift-solution-30g_detail.webp,detail,46737,22180,45.6 KB -> 21.7 KB
SUCCESS,/home/gabbu/Downloads/ecommerce-produtos/pytotratha/serum-anti-aging-firmador-dmae-lift-solution-30g.jpeg,/home/gabbu/Área de trabalho/scripts/otimizacao-imgs-webp/ecommerce-produtos/hero/pytotratha/serum-anti-aging-firmador-dmae-lift-solution-30g_hero.webp,hero,46737,32324,45.6 KB -> 31.6 KB
SUCCESS,/home/gabbu/Downloads/ecommerce-produtos/pytotratha/phytatratha facil - locao tonica secativa skin control.jpeg,/home/gabbu/Área de trabalho/scripts/otimizacao-imgs-webp/ecommerce-produtos/thumbnail/pytotratha/phytatratha facil - locao tonica secativa skin control_thumbnail.webp,thumbnail,65834,3516,64.3 KB -> 3.4 KB
SUCCESS,/home/gabbu/Downloads/ecommerce-produtos/pytotratha/phytatratha facil - locao tonica secativa skin control.jpeg,/home/gabbu/Área de trabalho/scripts/otimizacao-imgs-webp/ecommerce-produtos/card/pytotratha/phytatratha facil - locao tonica secativa skin control_card.webp,card,65834,11822,64.3 KB -> 11.5 KB
SUCCESS,/home/gabbu/Downloads/ecommerce-produtos/pytotratha/phytatratha facil - locao tonica secativa skin control.jpeg,/home/gabbu/Área de trabalho/scripts/otimizacao-imgs-webp/ecommerce-produtos/detail/pytotratha/phytatratha facil - locao tonica secativa skin control_detail.webp,detail,65834,32722,64.3 KB -> 32.0 KB
SUCCESS,/home/gabbu/Downloads/ecommerce-produtos/pytotratha/phytatratha facil - locao tonica secativa skin control.jpeg,/home/gabbu/Área de trabalho/scripts/otimizacao-imgs-webp/ecommerce-produtos/hero/pytotratha/phytatratha facil - locao tonica secativa skin control_hero.webp,hero,65834,46160,64.3 KB -> 45.1 KB
SUCCESS,/home/gabbu/Downloads/ecommerce-produtos/pytotratha/tonico-remineralizante-com-cha-verde-radiance-120ml.jpeg,/home/gabbu/Área de trabalho/scripts/otimizacao-imgs-webp/ecommerce-produtos/thumbnail/pytotratha/tonico-remineralizante-com-cha-verde-radiance-120ml_thumbnail.webp,thumbnail,33793,1154,33.0 KB -> 1.1 KB
SUCCESS,/home/gabbu/Downloads/ecommerce-produtos/pytotratha/tonico-remineralizante-com-cha-verde-radiance-120ml.jpeg,/home/gabbu/Área de trabalho/scripts/otimizacao-imgs-webp/ecommerce-produtos/card/pytotratha/tonico-remineralizante-com-cha-verde-radiance-120ml_card.webp,card,33793,3834,33.0 KB -> 3.7 KB
SUCCESS,/home/gabbu/Downloads/ecommerce-produtos/pytotratha/tonico-remineralizante-com-cha-verde-radiance-120ml.jpeg,/home/gabbu/Área de trabalho/scripts/otimizacao-imgs-webp/ecommerce-produtos/detail/pytotratha/tonico-remineralizante-com-cha-verde-radiance-120ml_detail.webp,detail,33793,11578,33.0 KB -> 11.3 KB
SUCCESS,/home/gabbu/Downloads/ecommerce-produtos/pytotratha/tonico-remineralizante-com-cha-verde-radiance-120ml.jpeg,/home/gabbu/Área de trabalho/scripts/otimizacao-imgs-webp/ecommerce-produtos/hero/pytotratha/tonico-remineralizante-com-cha-verde-radiance-120ml_hero.webp,hero,33793,17782,33.0 KB -> 17.4 KB
SUCCESS,/home/gabbu/Downloads/ecommerce-produtos/pytotratha/relaxante-oleo-de-massagem-500ml.jpeg,/home/gabbu/Área de trabalho/scripts/otimizacao-imgs-webp/ecommerce-produtos/thumbnail/pytotratha/relaxante-oleo-de-massagem-500ml_thumbnail.webp,thumbnail,59642,2698,58.2 KB -> 2.6 KB
SUCCESS,/home/gabbu/Downloads/ecommerce-produtos/pytotratha/relaxante-oleo-de-massagem-500ml.jpeg,/home/gabbu/Área de trabalho/scripts/otimizacao-imgs-webp/ecommerce-produtos/card/pytotratha/relaxante-oleo-de-massagem-500ml_card.webp,card,59642,9092,58.2 KB -> 8.9 KB
SUCCESS,/home/gabbu/Downloads/ecommerce-produtos/pytotratha/relaxante-oleo-de-massagem-500ml.jpeg,/home/gabbu/Área de trabalho/scripts/otimizacao-imgs-webp/ecommerce-produtos/detail/pytotratha/relaxante-oleo-de-massagem-500ml_detail.webp,detail,59642,28122,58.2 KB -> 27.5 KB
SUCCESS,/home/gabbu/Downloads/ecommerce-produtos/pytotratha/relaxante-oleo-de-massagem-500ml.jpeg,/home/gabbu/Área de trabalho/scripts/otimizacao-imgs-webp/ecommerce-produtos/hero/pytotratha/relaxante-oleo-de-massagem-500ml_hero.webp,hero,59642,41942,58.2 KB -> 41.0 KB
SUCCESS,/home/gabbu/Downloads/ecommerce-produtos/pytotratha/ mascara-calmante-vegana-pos-extracao-200g.jpeg,/home/gabbu/Área de trabalho/scripts/otimizacao-imgs-webp/ecommerce-produtos/thumbnail/pytotratha/mascara-calmante-vegana-pos-extracao-200g_thumbnail.webp,thumbnail,50011,2406,48.8 KB -> 2.3 KB
SUCCESS,/home/gabbu/Downloads/ecommerce-produtos/pytotratha/ mascara-calmante-vegana-pos-extracao-200g.jpeg,/home/gabbu/Área de trabalho/scripts/otimizacao-imgs-webp/ecommerce-produtos/card/pytotratha/mascara-calmante-vegana-pos-extracao-200g_card.webp,card,50011,7892,48.8 KB -> 7.7 KB
SUCCESS,/home/gabbu/Downloads/ecommerce-produtos/pytotratha/ mascara-calmante-vegana-pos-extracao-200g.jpeg,/home/gabbu/Área de trabalho/scripts/otimizacao-imgs-webp/ecommerce-produtos/detail/pytotratha/mascara-calmante-vegana-pos-extracao-200g_detail.webp,detail,50011,24794,48.8 KB -> 24.2 KB
SUCCESS,/home/gabbu/Downloads/ecommerce-produtos/pytotratha/ mascara-calmante-vegana-pos-extracao-200g.jpeg,/home/gabbu/Área de trabalho/scripts/otimizacao-imgs-webp/ecommerce-produtos/hero/pytotratha/mascara-calmante-vegana-pos-extracao-200g_hero.webp,hero,50011,36674,48.8 KB -> 35.8 KB
SUCCESS,/home/gabbu/Downloads/ecommerce-produtos/pytotratha/phytofratha corporal body action - creme corporal massagem.jpeg,/home/gabbu/Área de trabalho/scripts/otimizacao-imgs-webp/ecommerce-produtos/thumbnail/pytotratha/phytofratha corporal body action - creme corporal massagem_thumbnail.webp,thumbnail,92798,4930,90.6 KB -> 4.8 KB
SUCCESS,/home/gabbu/Downloads/ecommerce-produtos/pytotratha/phytofratha corporal body action - creme corporal massagem.jpeg,/home/gabbu/Área de trabalho/scripts/otimizacao-imgs-webp/ecommerce-produtos/card/pytotratha/phytofratha corporal body action - creme corporal massagem_card.webp,card,92798,16986,90.6 KB -> 16.6 KB
SUCCESS,/home/gabbu/Downloads/ecommerce-produtos/pytotratha/phytofratha corporal body action - creme corporal massagem.jpeg,/home/gabbu/Área de trabalho/scripts/otimizacao-imgs-webp/ecommerce-produtos/detail/pytotratha/phytofratha corporal body action - creme corporal massagem_detail.webp,detail,92798,50066,90.6 KB -> 48.9 KB
SUCCESS,/home/gabbu/Downloads/ecommerce-produtos/pytotratha/phytofratha corporal body action - creme corporal massagem.jpeg,/home/gabbu/Área de trabalho/scripts/otimizacao-imgs-webp/ecommerce-produtos/hero/pytotratha/phytofratha corporal body action - creme corporal massagem_hero.webp,hero,92798,72236,90.6 KB -> 70.5 KB
SUCCESS,/home/gabbu/Downloads/ecommerce-produtos/pytotratha/locao-tonica-calmante-antisseptica-e-secativa-350-ml.jpeg,/home/gabbu/Área de trabalho/scripts/otimizacao-imgs-webp/ecommerce-produtos/thumbnail/pytotratha/locao-tonica-calmante-antisseptica-e-secativa-350-ml_thumbnail.webp,thumbnail,47111,2148,46.0 KB -> 2.1 KB
SUCCESS,/home/gabbu/Downloads/ecommerce-produtos/pytotratha/locao-tonica-calmante-antisseptica-e-secativa-350-ml.jpeg,/home/gabbu/Área de trabalho/scripts/otimizacao-imgs-webp/ecommerce-produtos/card/pytotratha/locao-tonica-calmante-antisseptica-e-secativa-350-ml_card.webp,card,47111,6894,46.0 KB -> 6.7 KB
SUCCESS,/home/gabbu/Downloads/ecommerce-produtos/pytotratha/locao-tonica-calmante-antisseptica-e-secativa-350-ml.jpeg,/home/gabbu/Área de trabalho/scripts/otimizacao-imgs-webp/ecommerce-produtos/detail/pytotratha/locao-tonica-calmante-antisseptica-e-secativa-350-ml_detail.webp,detail,47111,21206,46.0 KB -> 20.7 KB
SUCCESS,/home/gabbu/Downloads/ecommerce-produtos/pytotratha/locao-tonica-calmante-antisseptica-e-secativa-350-ml.jpeg,/home/gabbu/Área de trabalho/scripts/otimizacao-imgs-webp/ecommerce-produtos/hero/pytotratha/locao-tonica-calmante-antisseptica-e-secativa-350-ml_hero.webp,hero,47111,30816,46.0 KB -> 30.1 KB
SUCCESS,/home/gabbu/Downloads/ecommerce-produtos/pytotratha/hidra-coco-mousse-efervescente-com-acido-hialuronico-120ml.jpeg,/home/gabbu/Área de trabalho/scripts/otimizacao-imgs-webp/ecommerce-produtos/thumbnail/pytotratha/hidra-coco-mousse-efervescente-com-acido-hialuronico-120ml_thumbnail.webp,thumbnail,51253,1850,50.1 KB -> 1.8 KB
SUCCESS,/home/gabbu/Downloads/ecommerce-produtos/pytotratha/hidra-coco-mousse-efervescente-com-acido-hialuronico-120ml.jpeg,/home/gabbu/Área de trabalho/scripts/otimizacao-imgs-webp/ecommerce-produtos/card/pytotratha/hidra-coco-mousse-efervescente-com-acido-hialuronico-120ml_card.webp,card,51253,6706,50.1 KB -> 6.5 KB
SUCCESS,/home/gabbu/Downloads/ecommerce-produtos/pytotratha/hidra-coco-mousse-efervescente-com-acido-hialuronico-120ml.jpeg,/home/gabbu/Área de trabalho/scripts/otimizacao-imgs-webp/ecommerce-produtos/detail/pytotratha/hidra-coco-mousse-efervescente-com-acido-hialuronico-120ml_detail.webp,detail,51253,21252,50.1 KB -> 20.8 KB
SUCCESS,/home/gabbu/Downloads/ecommerce-produtos/pytotratha/hidra-coco-mousse-efervescente-com-acido-hialuronico-120ml.jpeg,/home/gabbu/Área de trabalho/scripts/otimizacao-imgs-webp/ecommerce-produtos/hero/pytotratha/hidra-coco-mousse-efervescente-com-acido-hialuronico-120ml_hero.webp,hero,51253,32946,50.1 KB -> 32.2 KB
SUCCESS,/home/gabbu/Downloads/ecommerce-produtos/pytotratha/ protetor-solar-fps50-com-acido-hialuronico-60g.jpeg,/home/gabbu/Área de trabalho/scripts/otimizacao-imgs-webp/ecommerce-produtos/thumbnail/pytotratha/protetor-solar-fps50-com-acido-hialuronico-60g_thumbnail.webp,thumbnail,46232,2364,45.1 KB -> 2.3 KB
SUCCESS,/home/gabbu/Downloads/ecommerce-produtos/pytotratha/ protetor-solar-fps50-com-acido-hialuronico-60g.jpeg,/home/gabbu/Área de trabalho/scripts/otimizacao-imgs-webp/ecommerce-produtos/card/pytotratha/protetor-solar-fps50-com-acido-hialuronico-60g_card.webp,card,46232,7674,45.1 KB -> 7.5 KB
SUCCESS,/home/gabbu/Downloads/ecommerce-produtos/pytotratha/ protetor-solar-fps50-com-acido-hialuronico-60g.jpeg,/home/gabbu/Área de trabalho/scripts/otimizacao-imgs-webp/ecommerce-produtos/detail/pytotratha/protetor-solar-fps50-com-acido-hialuronico-60g_detail.webp,detail,46232,22910,45.1 KB -> 22.4 KB
SUCCESS,/home/gabbu/Downloads/ecommerce-produtos/pytotratha/ protetor-solar-fps50-com-acido-hialuronico-60g.jpeg,/home/gabbu/Área de trabalho/scripts/otimizacao-imgs-webp/ecommerce-produtos/hero/pytotratha/protetor-solar-fps50-com-acido-hialuronico-60g_hero.webp,hero,46232,32510,45.1 KB -> 31.7 KB
SUCCESS,/home/gabbu/Downloads/ecommerce-produtos/pytotratha/agua-thermal-mais-de-15-minerais-120ml.jpeg,/home/gabbu/Área de trabalho/scripts/otimizacao-imgs-webp/ecommerce-produtos/thumbnail/pytotratha/agua-thermal-mais-de-15-minerais-120ml_thumbnail.webp,thumbnail,46567,2210,45.5 KB -> 2.2 KB
SUCCESS,/home/gabbu/Downloads/ecommerce-produtos/pytotratha/agua-thermal-mais-de-15-minerais-120ml.jpeg,/home/gabbu/Área de trabalho/scripts/otimizacao-imgs-webp/ecommerce-produtos/card/pytotratha/agua-thermal-mais-de-15-minerais-120ml_card.webp,card,46567,7288,45.5 KB -> 7.1 KB
SUCCESS,/home/gabbu/Downloads/ecommerce-produtos/pytotratha/agua-thermal-mais-de-15-minerais-120ml.jpeg,/home/gabbu/Área de trabalho/scripts/otimizacao-imgs-webp/ecommerce-produtos/detail/pytotratha/agua-thermal-mais-de-15-minerais-120ml_detail.webp,detail,46567,21902,45.5 KB -> 21.4 KB
SUCCESS,/home/gabbu/Downloads/ecommerce-produtos/pytotratha/agua-thermal-mais-de-15-minerais-120ml.jpeg,/home/gabbu/Área de trabalho/scripts/otimizacao-imgs-webp/ecommerce-produtos/hero/pytotratha/agua-thermal-mais-de-15-minerais-120ml_hero.webp,hero,46567,32784,45.5 KB -> 32.0 KB
SUCCESS,/home/gabbu/Downloads/ecommerce-produtos/pytotratha/tonificador-cremoil-para-massagem-relaxante-1kg.jpeg,/home/gabbu/Área de trabalho/scripts/otimizacao-imgs-webp/ecommerce-produtos/thumbnail/pytotratha/tonificador-cremoil-para-massagem-relaxante-1kg_thumbnail.webp,thumbnail,49170,1940,48.0 KB -> 1.9 KB
SUCCESS,/home/gabbu/Downloads/ecommerce-produtos/pytotratha/tonificador-cremoil-para-massagem-relaxante-1kg.jpeg,/home/gabbu/Área de trabalho/scripts/otimizacao-imgs-webp/ecommerce-produtos/card/pytotratha/tonificador-cremoil-para-massagem-relaxante-1kg_card.webp,card,49170,6914,48.0 KB -> 6.8 KB
SUCCESS,/home/gabbu/Downloads/ecommerce-produtos/pytotratha/tonificador-cremoil-para-massagem-relaxante-1kg.jpeg,/home/gabbu/Área de trabalho/scripts/otimizacao-imgs-webp/ecommerce-produtos/detail/pytotratha/tonificador-cremoil-para-massagem-relaxante-1kg_detail.webp,detail,49170,21958,48.0 KB -> 21.4 KB
SUCCESS,/home/gabbu/Downloads/ecommerce-produtos/pytotratha/tonificador-cremoil-para-massagem-relaxante-1kg.jpeg,/home/gabbu/Área de trabalho/scripts/otimizacao-imgs-webp/ecommerce-produtos/hero/pytotratha/tonificador-cremoil-para-massagem-relaxante-1kg_hero.webp,hero,49170,32612,48.0 KB -> 31.8 KB
SUCCESS,/home/gabbu/Downloads/ecommerce-produtos/pytotratha/ agua-micelar-vegana-demaquilante-hidra-mais.jpeg,/home/gabbu/Área de trabalho/scripts/otimizacao-imgs-webp/ecommerce-produtos/thumbnail/pytotratha/agua-micelar-vegana-demaquilante-hidra-mais_thumbnail.webp,thumbnail,38818,1622,37.9 KB -> 1.6 KB
SUCCESS,/home/gabbu/Downloads/ecommerce-produtos/pytotratha/ agua-micelar-vegana-demaquilante-hidra-mais.jpeg,/home/gabbu/Área de trabalho/scripts/otimizacao-imgs-webp/ecommerce-produtos/card/pytotratha/agua-micelar-vegana-demaquilante-hidra-mais_card.webp,card,38818,5766,37.9 KB -> 5.6 KB
SUCCESS,/home/gabbu/Downloads/ecommerce-produtos/pytotratha/ agua-micelar-vegana-demaquilante-hidra-mais.jpeg,/home/gabbu/Área de trabalho/scripts/otimizacao-imgs-webp/ecommerce-produtos/detail/pytotratha/agua-micelar-vegana-demaquilante-hidra-mais_detail.webp,detail,38818,18398,37.9 KB -> 18.0 KB
SUCCESS,/home/gabbu/Downloads/ecommerce-produtos/pytotratha/ agua-micelar-vegana-demaquilante-hidra-mais.jpeg,/home/gabbu/Área de trabalho/scripts/otimizacao-imgs-webp/ecommerce-produtos/hero/pytotratha/agua-micelar-vegana-demaquilante-hidra-mais_hero.webp,hero,38818,28032,37.9 KB -> 27.4 KB
SUCCESS,/home/gabbu/Downloads/ecommerce-produtos/pytotratha/creme-de-massagem-arnica-cha-verde-e-hera-1kg.jpeg,/home/gabbu/Área de trabalho/scripts/otimizacao-imgs-webp/ecommerce-produtos/thumbnail/pytotratha/creme-de-massagem-arnica-cha-verde-e-hera-1kg_thumbnail.webp,thumbnail,43542,1972,42.5 KB -> 1.9 KB
SUCCESS,/home/gabbu/Downloads/ecommerce-produtos/pytotratha/creme-de-massagem-arnica-cha-verde-e-hera-1kg.jpeg,/home/gabbu/Área de trabalho/scripts/otimizacao-imgs-webp/ecommerce-produtos/card/pytotratha/creme-de-massagem-arnica-cha-verde-e-hera-1kg_card.webp,card,43542,7224,42.5 KB -> 7.1 KB
SUCCESS,/home/gabbu/Downloads/ecommerce-produtos/pytotratha/creme-de-massagem-arnica-cha-verde-e-hera-1kg.jpeg,/home/gabbu/Área de trabalho/scripts/otimizacao-imgs-webp/ecommerce-produtos/detail/pytotratha/creme-de-massagem-arnica-cha-verde-e-hera-1kg_detail.webp,detail,43542,20842,42.5 KB -> 20.4 KB
SUCCESS,/home/gabbu/Downloads/ecommerce-produtos/pytotratha/creme-de-massagem-arnica-cha-verde-e-hera-1kg.jpeg,/home/gabbu/Área de trabalho/scripts/otimizacao-imgs-webp/ecommerce-produtos/hero/pytotratha/creme-de-massagem-arnica-cha-verde-e-hera-1kg_hero.webp,hero,43542,30668,42.5 KB -> 29.9 KB
SUCCESS,/home/gabbu/Downloads/ecommerce-produtos/pytotratha/filtro-solar-bb-cream-fps50-cor-bronze-60g.jpeg,/home/gabbu/Área de trabalho/scripts/otimizacao-imgs-webp/ecommerce-produtos/thumbnail/pytotratha/filtro-solar-bb-cream-fps50-cor-bronze-60g_thumbnail.webp,thumbnail,42492,1770,41.5 KB -> 1.7 KB
SUCCESS,/home/gabbu/Downloads/ecommerce-produtos/pytotratha/filtro-solar-bb-cream-fps50-cor-bronze-60g.jpeg,/home/gabbu/Área de trabalho/scripts/otimizacao-imgs-webp/ecommerce-produtos/card/pytotratha/filtro-solar-bb-cream-fps50-cor-bronze-60g_card.webp,card,42492,6374,41.5 KB -> 6.2 KB
SUCCESS,/home/gabbu/Downloads/ecommerce-produtos/pytotratha/filtro-solar-bb-cream-fps50-cor-bronze-60g.jpeg,/home/gabbu/Área de trabalho/scripts/otimizacao-imgs-webp/ecommerce-produtos/detail/pytotratha/filtro-solar-bb-cream-fps50-cor-bronze-60g_detail.webp,detail,42492,19708,41.5 KB -> 19.2 KB
SUCCESS,/home/gabbu/Downloads/ecommerce-produtos/pytotratha/filtro-solar-bb-cream-fps50-cor-bronze-60g.jpeg,/home/gabbu/Área de trabalho/scripts/otimizacao-imgs-webp/ecommerce-produtos/hero/pytotratha/filtro-solar-bb-cream-fps50-cor-bronze-60g_hero.webp,hero,42492,29426,41.5 KB -> 28.7 KB
SUCCESS,/home/gabbu/Downloads/ecommerce-produtos/pytotratha/sabonete-remineralizante-radiance-120ml.jpeg,/home/gabbu/Área de trabalho/scripts/otimizacao-imgs-webp/ecommerce-produtos/thumbnail/pytotratha/sabonete-remineralizante-radiance-120ml_thumbnail.webp,thumbnail,39442,1592,38.5 KB -> 1.6 KB
SUCCESS,/home/gabbu/Downloads/ecommerce-produtos/pytotratha/sabonete-remineralizante-radiance-120ml.jpeg,/home/gabbu/Área de trabalho/scripts/otimizacao-imgs-webp/ecommerce-produtos/card/pytotratha/sabonete-remineralizante-radiance-120ml_card.webp,card,39442,5672,38.5 KB -> 5.5 KB
SUCCESS,/home/gabbu/Downloads/ecommerce-produtos/pytotratha/sabonete-remineralizante-radiance-120ml.jpeg,/home/gabbu/Área de trabalho/scripts/otimizacao-imgs-webp/ecommerce-produtos/detail/pytotratha/sabonete-remineralizante-radiance-120ml_detail.webp,detail,39442,17544,38.5 KB -> 17.1 KB
SUCCESS,/home/gabbu/Downloads/ecommerce-produtos/pytotratha/sabonete-remineralizante-radiance-120ml.jpeg,/home/gabbu/Área de trabalho/scripts/otimizacao-imgs-webp/ecommerce-produtos/hero/pytotratha/sabonete-remineralizante-radiance-120ml_hero.webp,hero,39442,27478,38.5 KB -> 26.8 KB
SUCCESS,/home/gabbu/Downloads/ecommerce-produtos/pytotratha/ clareador-de-manchas-whitening-skin-30ml.jpeg,/home/gabbu/Área de trabalho/scripts/otimizacao-imgs-webp/ecommerce-produtos/thumbnail/pytotratha/clareador-de-manchas-whitening-skin-30ml_thumbnail.webp,thumbnail,57886,3604,56.5 KB -> 3.5 KB
SUCCESS,/home/gabbu/Downloads/ecommerce-produtos/pytotratha/ clareador-de-manchas-whitening-skin-30ml.jpeg,/home/gabbu/Área de trabalho/scripts/otimizacao-imgs-webp/ecommerce-produtos/card/pytotratha/clareador-de-manchas-whitening-skin-30ml_card.webp,card,57886,10204,56.5 KB -> 10.0 KB
SUCCESS,/home/gabbu/Downloads/ecommerce-produtos/pytotratha/ clareador-de-manchas-whitening-skin-30ml.jpeg,/home/gabbu/Área de trabalho/scripts/otimizacao-imgs-webp/ecommerce-produtos/detail/pytotratha/clareador-de-manchas-whitening-skin-30ml_detail.webp,detail,57886,28384,56.5 KB -> 27.7 KB
SUCCESS,/home/gabbu/Downloads/ecommerce-produtos/pytotratha/ clareador-de-manchas-whitening-skin-30ml.jpeg,/home/gabbu/Área de trabalho/scripts/otimizacao-imgs-webp/ecommerce-produtos/hero/pytotratha/clareador-de-manchas-whitening-skin-30ml_hero.webp,hero,57886,40518,56.5 KB -> 39.6 KB
SUCCESS,/home/gabbu/Downloads/ecommerce-produtos/pytotratha/phytatratha facial - sabonete secativo skin control.jpeg,/home/gabbu/Área de trabalho/scripts/otimizacao-imgs-webp/ecommerce-produtos/thumbnail/pytotratha/phytatratha facial - sabonete secativo skin control_thumbnail.webp,thumbnail,47387,2948,46.3 KB -> 2.9 KB
SUCCESS,/home/gabbu/Downloads/ecommerce-produtos/pytotratha/phytatratha facial - sabonete secativo skin control.jpeg,/home/gabbu/Área de trabalho/scripts/otimizacao-imgs-webp/ecommerce-produtos/card/pytotratha/phytatratha facial - sabonete secativo skin control_card.webp,card,47387,8666,46.3 KB -> 8.5 KB
SUCCESS,/home/gabbu/Downloads/ecommerce-produtos/pytotratha/phytatratha facial - sabonete secativo skin control.jpeg,/home/gabbu/Área de trabalho/scripts/otimizacao-imgs-webp/ecommerce-produtos/detail/pytotratha/phytatratha facial - sabonete secativo skin control_detail.webp,detail,47387,23262,46.3 KB -> 22.7 KB
SUCCESS,/home/gabbu/Downloads/ecommerce-produtos/pytotratha/phytatratha facial - sabonete secativo skin control.jpeg,/home/gabbu/Área de trabalho/scripts/otimizacao-imgs-webp/ecommerce-produtos/hero/pytotratha/phytatratha facial - sabonete secativo skin control_hero.webp,hero,47387,33168,46.3 KB -> 32.4 KB
SUCCESS,/home/gabbu/Downloads/ecommerce-produtos/pytotratha/creme-hiperemiante-com-nicotinato-thermo-redux-1kg.jpeg,/home/gabbu/Área de trabalho/scripts/otimizacao-imgs-webp/ecommerce-produtos/thumbnail/pytotratha/creme-hiperemiante-com-nicotinato-thermo-redux-1kg_thumbnail.webp,thumbnail,52699,2720,51.5 KB -> 2.7 KB
SUCCESS,/home/gabbu/Downloads/ecommerce-produtos/pytotratha/creme-hiperemiante-com-nicotinato-thermo-redux-1kg.jpeg,/home/gabbu/Área de trabalho/scripts/otimizacao-imgs-webp/ecommerce-produtos/card/pytotratha/creme-hiperemiante-com-nicotinato-thermo-redux-1kg_card.webp,card,52699,9148,51.5 KB -> 8.9 KB
SUCCESS,/home/gabbu/Downloads/ecommerce-produtos/pytotratha/creme-hiperemiante-com-nicotinato-thermo-redux-1kg.jpeg,/home/gabbu/Área de trabalho/scripts/otimizacao-imgs-webp/ecommerce-produtos/detail/pytotratha/creme-hiperemiante-com-nicotinato-thermo-redux-1kg_detail.webp,detail,52699,26418,51.5 KB -> 25.8 KB
SUCCESS,/home/gabbu/Downloads/ecommerce-produtos/pytotratha/creme-hiperemiante-com-nicotinato-thermo-redux-1kg.jpeg,/home/gabbu/Área de trabalho/scripts/otimizacao-imgs-webp/ecommerce-produtos/hero/pytotratha/creme-hiperemiante-com-nicotinato-thermo-redux-1kg_hero.webp,hero,52699,37814,51.5 KB -> 36.9 KB
SUCCESS,/home/gabbu/Downloads/ecommerce-produtos/pytotratha/ redutor-creme-multifuncional-11-ativos-body-action-1kg.jpeg,/home/gabbu/Área de trabalho/scripts/otimizacao-imgs-webp/ecommerce-produtos/thumbnail/pytotratha/redutor-creme-multifuncional-11-ativos-body-action-1kg_thumbnail.webp,thumbnail,53435,2590,52.2 KB -> 2.5 KB
SUCCESS,/home/gabbu/Downloads/ecommerce-produtos/pytotratha/ redutor-creme-multifuncional-11-ativos-body-action-1kg.jpeg,/home/gabbu/Área de trabalho/scripts/otimizacao-imgs-webp/ecommerce-produtos/card/pytotratha/redutor-creme-multifuncional-11-ativos-body-action-1kg_card.webp,card,53435,9120,52.2 KB -> 8.9 KB
SUCCESS,/home/gabbu/Downloads/ecommerce-produtos/pytotratha/ redutor-creme-multifuncional-11-ativos-body-action-1kg.jpeg,/home/gabbu/Área de trabalho/scripts/otimizacao-imgs-webp/ecommerce-produtos/detail/pytotratha/redutor-creme-multifuncional-11-ativos-body-action-1kg_detail.webp,detail,53435,27650,52.2 KB -> 27.0 KB
SUCCESS,/home/gabbu/Downloads/ecommerce-produtos/pytotratha/ redutor-creme-multifuncional-11-ativos-body-action-1kg.jpeg,/home/gabbu/Área de trabalho/scripts/otimizacao-imgs-webp/ecommerce-produtos/hero/pytotratha/redutor-creme-multifuncional-11-ativos-body-action-1kg_hero.webp,hero,53435,39346,52.2 KB -> 38.4 KB
SUCCESS,/home/gabbu/Downloads/ecommerce-produtos/pytotratha/ serum-preenchedor-hyalu8-30ml.jpeg,/home/gabbu/Área de trabalho/scripts/otimizacao-imgs-webp/ecommerce-produtos/thumbnail/pytotratha/serum-preenchedor-hyalu8-30ml_thumbnail.webp,thumbnail,65966,3606,64.4 KB -> 3.5 KB
SUCCESS,/home/gabbu/Downloads/ecommerce-produtos/pytotratha/ serum-preenchedor-hyalu8-30ml.jpeg,/home/gabbu/Área de trabalho/scripts/otimizacao-imgs-webp/ecommerce-produtos/card/pytotratha/serum-preenchedor-hyalu8-30ml_card.webp,card,65966,10812,64.4 KB -> 10.6 KB
SUCCESS,/home/gabbu/Downloads/ecommerce-produtos/pytotratha/ serum-preenchedor-hyalu8-30ml.jpeg,/home/gabbu/Área de trabalho/scripts/otimizacao-imgs-webp/ecommerce-produtos/detail/pytotratha/serum-preenchedor-hyalu8-30ml_detail.webp,detail,65966,30940,64.4 KB -> 30.2 KB
SUCCESS,/home/gabbu/Downloads/ecommerce-produtos/pytotratha/ serum-preenchedor-hyalu8-30ml.jpeg,/home/gabbu/Área de trabalho/scripts/otimizacao-imgs-webp/ecommerce-produtos/hero/pytotratha/serum-preenchedor-hyalu8-30ml_hero.webp,hero,65966,44018,64.4 KB -> 43.0 KB
SUCCESS,/home/gabbu/Downloads/ecommerce-produtos/pytotratha/ creme-emoliente-de-cravos-com-trieta-500g.jpeg,/home/gabbu/Área de trabalho/scripts/otimizacao-imgs-webp/ecommerce-produtos/thumbnail/pytotratha/creme-emoliente-de-cravos-com-trieta-500g_thumbnail.webp,thumbnail,46808,2326,45.7 KB -> 2.3 KB
SUCCESS,/home/gabbu/Downloads/ecommerce-produtos/pytotratha/ creme-emoliente-de-cravos-com-trieta-500g.jpeg,/home/gabbu/Área de trabalho/scripts/otimizacao-imgs-webp/ecommerce-produtos/card/pytotratha/creme-emoliente-de-cravos-com-trieta-500g_card.webp,card,46808,7214,45.7 KB -> 7.0 KB
SUCCESS,/home/gabbu/Downloads/ecommerce-produtos/pytotratha/ creme-emoliente-de-cravos-com-trieta-500g.jpeg,/home/gabbu/Área de trabalho/scripts/otimizacao-imgs-webp/ecommerce-produtos/detail/pytotratha/creme-emoliente-de-cravos-com-trieta-500g_detail.webp,detail,46808,21538,45.7 KB -> 21.0 KB
SUCCESS,/home/gabbu/Downloads/ecommerce-produtos/pytotratha/ creme-emoliente-de-cravos-com-trieta-500g.jpeg,/home/gabbu/Área de trabalho/scripts/otimizacao-imgs-webp/ecommerce-produtos/hero/pytotratha/creme-emoliente-de-cravos-com-trieta-500g_hero.webp,hero,46808,31832,45.7 KB -> 31.1 KB
SUCCESS,/home/gabbu/Downloads/ecommerce-produtos/pytotratha/serum-firmador-com-efeito-botox-dmae-up-30ml.jpeg,/home/gabbu/Área de trabalho/scripts/otimizacao-imgs-webp/ecommerce-produtos/thumbnail/pytotratha/serum-firmador-com-efeito-botox-dmae-up-30ml_thumbnail.webp,thumbnail,51303,2796,50.1 KB -> 2.7 KB
SUCCESS,/home/gabbu/Downloads/ecommerce-produtos/pytotratha/serum-firmador-com-efeito-botox-dmae-up-30ml.jpeg,/home/gabbu/Área de trabalho/scripts/otimizacao-imgs-webp/ecommerce-produtos/card/pytotratha/serum-firmador-com-efeito-botox-dmae-up-30ml_card.webp,card,51303,8698,50.1 KB -> 8.5 KB
SUCCESS,/home/gabbu/Downloads/ecommerce-produtos/pytotratha/serum-firmador-com-efeito-botox-dmae-up-30ml.jpeg,/home/gabbu/Área de trabalho/scripts/otimizacao-imgs-webp/ecommerce-produtos/detail/pytotratha/serum-firmador-com-efeito-botox-dmae-up-30ml_detail.webp,detail,51303,24696,50.1 KB -> 24.1 KB
SUCCESS,/home/gabbu/Downloads/ecommerce-produtos/pytotratha/serum-firmador-com-efeito-botox-dmae-up-30ml.jpeg,/home/gabbu/Área de trabalho/scripts/otimizacao-imgs-webp/ecommerce-produtos/hero/pytotratha/serum-firmador-com-efeito-botox-dmae-up-30ml_hero.webp,hero,51303,35324,50.1 KB -> 34.5 KB
SUCCESS,/home/gabbu/Downloads/ecommerce-produtos/pytotratha/fluido-condutor-eletroterapia-500ml.jpeg,/home/gabbu/Área de trabalho/scripts/otimizacao-imgs-webp/ecommerce-produtos/thumbnail/pytotratha/fluido-condutor-eletroterapia-500ml_thumbnail.webp,thumbnail,37679,1354,36.8 KB -> 1.3 KB
SUCCESS,/home/gabbu/Downloads/ecommerce-produtos/pytotratha/fluido-condutor-eletroterapia-500ml.jpeg,/home/gabbu/Área de trabalho/scripts/otimizacao-imgs-webp/ecommerce-produtos/card/pytotratha/fluido-condutor-eletroterapia-500ml_card.webp,card,37679,4870,36.8 KB -> 4.8 KB
SUCCESS,/home/gabbu/Downloads/ecommerce-produtos/pytotratha/fluido-condutor-eletroterapia-500ml.jpeg,/home/gabbu/Área de trabalho/scripts/otimizacao-imgs-webp/ecommerce-produtos/detail/pytotratha/fluido-condutor-eletroterapia-500ml_detail.webp,detail,37679,16980,36.8 KB -> 16.6 KB
SUCCESS,/home/gabbu/Downloads/ecommerce-produtos/pytotratha/fluido-condutor-eletroterapia-500ml.jpeg,/home/gabbu/Área de trabalho/scripts/otimizacao-imgs-webp/ecommerce-produtos/hero/pytotratha/fluido-condutor-eletroterapia-500ml_hero.webp,hero,37679,25770,36.8 KB -> 25.2 KB
SUCCESS,/home/gabbu/Downloads/ecommerce-produtos/pytotratha/phytotratha facial - creme de massagem facial lift solution.jpeg,/home/gabbu/Área de trabalho/scripts/otimizacao-imgs-webp/ecommerce-produtos/thumbnail/pytotratha/phytotratha facial - creme de massagem facial lift solution_thumbnail.webp,thumbnail,47890,2862,46.8 KB -> 2.8 KB
SUCCESS,/home/gabbu/Downloads/ecommerce-produtos/pytotratha/phytotratha facial - creme de massagem facial lift solution.jpeg,/home/gabbu/Área de trabalho/scripts/otimizacao-imgs-webp/ecommerce-produtos/card/pytotratha/phytotratha facial - creme de massagem facial lift solution_card.webp,card,47890,9168,46.8 KB -> 9.0 KB
SUCCESS,/home/gabbu/Downloads/ecommerce-produtos/pytotratha/phytotratha facial - creme de massagem facial lift solution.jpeg,/home/gabbu/Área de trabalho/scripts/otimizacao-imgs-webp/ecommerce-produtos/detail/pytotratha/phytotratha facial - creme de massagem facial lift solution_detail.webp,detail,47890,22932,46.8 KB -> 22.4 KB
SUCCESS,/home/gabbu/Downloads/ecommerce-produtos/pytotratha/phytotratha facial - creme de massagem facial lift solution.jpeg,/home/gabbu/Área de trabalho/scripts/otimizacao-imgs-webp/ecommerce-produtos/hero/pytotratha/phytotratha facial - creme de massagem facial lift solution_hero.webp,hero,47890,31540,46.8 KB -> 30.8 KB
SUCCESS,/home/gabbu/Downloads/ecommerce-produtos/pytotratha/bb-cream-fps-50-ppd-18-natural-60g.jpeg,/home/gabbu/Área de trabalho/scripts/otimizacao-imgs-webp/ecommerce-produtos/thumbnail/pytotratha/bb-cream-fps-50-ppd-18-natural-60g_thumbnail.webp,thumbnail,43601,2176,42.6 KB -> 2.1 KB
SUCCESS,/home/gabbu/Downloads/ecommerce-produtos/pytotratha/bb-cream-fps-50-ppd-18-natural-60g.jpeg,/home/gabbu/Área de trabalho/scripts/otimizacao-imgs-webp/ecommerce-produtos/card/pytotratha/bb-cream-fps-50-ppd-18-natural-60g_card.webp,card,43601,7004,42.6 KB -> 6.8 KB
SUCCESS,/home/gabbu/Downloads/ecommerce-produtos/pytotratha/bb-cream-fps-50-ppd-18-natural-60g.jpeg,/home/gabbu/Área de trabalho/scripts/otimizacao-imgs-webp/ecommerce-produtos/detail/pytotratha/bb-cream-fps-50-ppd-18-natural-60g_detail.webp,detail,43601,20832,42.6 KB -> 20.3 KB
SUCCESS,/home/gabbu/Downloads/ecommerce-produtos/pytotratha/bb-cream-fps-50-ppd-18-natural-60g.jpeg,/home/gabbu/Área de trabalho/scripts/otimizacao-imgs-webp/ecommerce-produtos/hero/pytotratha/bb-cream-fps-50-ppd-18-natural-60g_hero.webp,hero,43601,30688,42.6 KB -> 30.0 KB
SUCCESS,/home/gabbu/Downloads/ecommerce-produtos/pytotratha/fluido-hiperemiante-com-nicotinato-thermo-redux-1l.jpeg,/home/gabbu/Área de trabalho/scripts/otimizacao-imgs-webp/ecommerce-produtos/thumbnail/pytotratha/fluido-hiperemiante-com-nicotinato-thermo-redux-1l_thumbnail.webp,thumbnail,39373,1808,38.5 KB -> 1.8 KB
SUCCESS,/home/gabbu/Downloads/ecommerce-produtos/pytotratha/fluido-hiperemiante-com-nicotinato-thermo-redux-1l.jpeg,/home/gabbu/Área de trabalho/scripts/otimizacao-imgs-webp/ecommerce-produtos/card/pytotratha/fluido-hiperemiante-com-nicotinato-thermo-redux-1l_card.webp,card,39373,6276,38.5 KB -> 6.1 KB
SUCCESS,/home/gabbu/Downloads/ecommerce-produtos/pytotratha/fluido-hiperemiante-com-nicotinato-thermo-redux-1l.jpeg,/home/gabbu/Área de trabalho/scripts/otimizacao-imgs-webp/ecommerce-produtos/detail/pytotratha/fluido-hiperemiante-com-nicotinato-thermo-redux-1l_detail.webp,detail,39373,18650,38.5 KB -> 18.2 KB
SUCCESS,/home/gabbu/Downloads/ecommerce-produtos/pytotratha/fluido-hiperemiante-com-nicotinato-thermo-redux-1l.jpeg,/home/gabbu/Área de trabalho/scripts/otimizacao-imgs-webp/ecommerce-produtos/hero/pytotratha/fluido-hiperemiante-com-nicotinato-thermo-redux-1l_hero.webp,hero,39373,27206,38.5 KB -> 26.6 KB
SUCCESS,/home/gabbu/Downloads/ecommerce-produtos/pytotratha/locao-emoliente-de-cravos-com-trieta-500ml.jpeg,/home/gabbu/Área de trabalho/scripts/otimizacao-imgs-webp/ecommerce-produtos/thumbnail/pytotratha/locao-emoliente-de-cravos-com-trieta-500ml_thumbnail.webp,thumbnail,49019,2030,47.9 KB -> 2.0 KB
SUCCESS,/home/gabbu/Downloads/ecommerce-produtos/pytotratha/locao-emoliente-de-cravos-com-trieta-500ml.jpeg,/home/gabbu/Área de trabalho/scripts/otimizacao-imgs-webp/ecommerce-produtos/card/pytotratha/locao-emoliente-de-cravos-com-trieta-500ml_card.webp,card,49019,7148,47.9 KB -> 7.0 KB
SUCCESS,/home/gabbu/Downloads/ecommerce-produtos/pytotratha/locao-emoliente-de-cravos-com-trieta-500ml.jpeg,/home/gabbu/Área de trabalho/scripts/otimizacao-imgs-webp/ecommerce-produtos/detail/pytotratha/locao-emoliente-de-cravos-com-trieta-500ml_detail.webp,detail,49019,22436,47.9 KB -> 21.9 KB
SUCCESS,/home/gabbu/Downloads/ecommerce-produtos/pytotratha/locao-emoliente-de-cravos-com-trieta-500ml.jpeg,/home/gabbu/Área de trabalho/scripts/otimizacao-imgs-webp/ecommerce-produtos/hero/pytotratha/locao-emoliente-de-cravos-com-trieta-500ml_hero.webp,hero,49019,33346,47.9 KB -> 32.6 KB
SUCCESS,/home/gabbu/Downloads/ecommerce-produtos/pytotratha/fluido-o3-spray-ozonio-potencializador-240ml.jpeg,/home/gabbu/Área de trabalho/scripts/otimizacao-imgs-webp/ecommerce-produtos/thumbnail/pytotratha/fluido-o3-spray-ozonio-potencializador-240ml_thumbnail.webp,thumbnail,51944,1802,50.7 KB -> 1.8 KB
SUCCESS,/home/gabbu/Downloads/ecommerce-produtos/pytotratha/fluido-o3-spray-ozonio-potencializador-240ml.jpeg,/home/gabbu/Área de trabalho/scripts/otimizacao-imgs-webp/ecommerce-produtos/card/pytotratha/fluido-o3-spray-ozonio-potencializador-240ml_card.webp,card,51944,6588,50.7 KB -> 6.4 KB
SUCCESS,/home/gabbu/Downloads/ecommerce-produtos/pytotratha/fluido-o3-spray-ozonio-potencializador-240ml.jpeg,/home/gabbu/Área de trabalho/scripts/otimizacao-imgs-webp/ecommerce-produtos/detail/pytotratha/fluido-o3-spray-ozonio-potencializador-240ml_detail.webp,detail,51944,22484,50.7 KB -> 22.0 KB
SUCCESS,/home/gabbu/Downloads/ecommerce-produtos/pytotratha/fluido-o3-spray-ozonio-potencializador-240ml.jpeg,/home/gabbu/Área de trabalho/scripts/otimizacao-imgs-webp/ecommerce-produtos/hero/pytotratha/fluido-o3-spray-ozonio-potencializador-240ml_hero.webp,hero,51944,34478,50.7 KB -> 33.7 KB
SUCCESS,/home/gabbu/Downloads/ecommerce-produtos/pytotratha/phytatratha facial - iluminador corporal luminy gold.jpeg,/home/gabbu/Área de trabalho/scripts/otimizacao-imgs-webp/ecommerce-produtos/thumbnail/pytotratha/phytatratha facial - iluminador corporal luminy gold_thumbnail.webp,thumbnail,86621,4732,84.6 KB -> 4.6 KB
SUCCESS,/home/gabbu/Downloads/ecommerce-produtos/pytotratha/phytatratha facial - iluminador corporal luminy gold.jpeg,/home/gabbu/Área de trabalho/scripts/otimizacao-imgs-webp/ecommerce-produtos/card/pytotratha/phytatratha facial - iluminador corporal luminy gold_card.webp,card,86621,15102,84.6 KB -> 14.7 KB
SUCCESS,/home/gabbu/Downloads/ecommerce-produtos/pytotratha/phytatratha facial - iluminador corporal luminy gold.jpeg,/home/gabbu/Área de trabalho/scripts/otimizacao-imgs-webp/ecommerce-produtos/detail/pytotratha/phytatratha facial - iluminador corporal luminy gold_detail.webp,detail,86621,41146,84.6 KB -> 40.2 KB
SUCCESS,/home/gabbu/Downloads/ecommerce-produtos/pytotratha/phytatratha facial - iluminador corporal luminy gold.jpeg,/home/gabbu/Área de trabalho/scripts/otimizacao-imgs-webp/ecommerce-produtos/hero/pytotratha/phytatratha facial - iluminador corporal luminy gold_hero.webp,hero,86621,59372,84.6 KB -> 58.0 KB
SUCCESS,/home/gabbu/Downloads/ecommerce-produtos/pytotratha/sabonete-liquido-facial-350ml.jpeg,/home/gabbu/Área de trabalho/scripts/otimizacao-imgs-webp/ecommerce-produtos/thumbnail/pytotratha/sabonete-liquido-facial-350ml_thumbnail.webp,thumbnail,41713,1622,40.7 KB -> 1.6 KB
SUCCESS,/home/gabbu/Downloads/ecommerce-produtos/pytotratha/sabonete-liquido-facial-350ml.jpeg,/home/gabbu/Área de trabalho/scripts/otimizacao-imgs-webp/ecommerce-produtos/card/pytotratha/sabonete-liquido-facial-350ml_card.webp,card,41713,5986,40.7 KB -> 5.8 KB
SUCCESS,/home/gabbu/Downloads/ecommerce-produtos/pytotratha/sabonete-liquido-facial-350ml.jpeg,/home/gabbu/Área de trabalho/scripts/otimizacao-imgs-webp/ecommerce-produtos/detail/pytotratha/sabonete-liquido-facial-350ml_detail.webp,detail,41713,19450,40.7 KB -> 19.0 KB
SUCCESS,/home/gabbu/Downloads/ecommerce-produtos/pytotratha/sabonete-liquido-facial-350ml.jpeg,/home/gabbu/Área de trabalho/scripts/otimizacao-imgs-webp/ecommerce-produtos/hero/pytotratha/sabonete-liquido-facial-350ml_hero.webp,hero,41713,29742,40.7 KB -> 29.0 KB
SUCCESS,/home/gabbu/Downloads/ecommerce-produtos/pytotratha/gel-crioterapico-crio-redux-1kg.jpeg,/home/gabbu/Área de trabalho/scripts/otimizacao-imgs-webp/ecommerce-produtos/thumbnail/pytotratha/gel-crioterapico-crio-redux-1kg_thumbnail.webp,thumbnail,62499,2730,61.0 KB -> 2.7 KB
SUCCESS,/home/gabbu/Downloads/ecommerce-produtos/pytotratha/gel-crioterapico-crio-redux-1kg.jpeg,/home/gabbu/Área de trabalho/scripts/otimizacao-imgs-webp/ecommerce-produtos/card/pytotratha/gel-crioterapico-crio-redux-1kg_card.webp,card,62499,9588,61.0 KB -> 9.4 KB
SUCCESS,/home/gabbu/Downloads/ecommerce-produtos/pytotratha/gel-crioterapico-crio-redux-1kg.jpeg,/home/gabbu/Área de trabalho/scripts/otimizacao-imgs-webp/ecommerce-produtos/detail/pytotratha/gel-crioterapico-crio-redux-1kg_detail.webp,detail,62499,29086,61.0 KB -> 28.4 KB
SUCCESS,/home/gabbu/Downloads/ecommerce-produtos/pytotratha/gel-crioterapico-crio-redux-1kg.jpeg,/home/gabbu/Área de trabalho/scripts/otimizacao-imgs-webp/ecommerce-produtos/hero/pytotratha/gel-crioterapico-crio-redux-1kg_hero.webp,hero,62499,42782,61.0 KB -> 41.8 KB
SUCCESS,/home/gabbu/Downloads/ecommerce-produtos/pytotratha/base-stick-fps-90-com-acido-hialuronico-adapt-14g.jpeg,/home/gabbu/Área de trabalho/scripts/otimizacao-imgs-webp/ecommerce-produtos/thumbnail/pytotratha/base-stick-fps-90-com-acido-hialuronico-adapt-14g_thumbnail.webp,thumbnail,61883,3438,60.4 KB -> 3.4 KB
SUCCESS,/home/gabbu/Downloads/ecommerce-produtos/pytotratha/base-stick-fps-90-com-acido-hialuronico-adapt-14g.jpeg,/home/gabbu/Área de trabalho/scripts/otimizacao-imgs-webp/ecommerce-produtos/card/pytotratha/base-stick-fps-90-com-acido-hialuronico-adapt-14g_card.webp,card,61883,11126,60.4 KB -> 10.9 KB
SUCCESS,/home/gabbu/Downloads/ecommerce-produtos/pytotratha/base-stick-fps-90-com-acido-hialuronico-adapt-14g.jpeg,/home/gabbu/Área de trabalho/scripts/otimizacao-imgs-webp/ecommerce-produtos/detail/pytotratha/base-stick-fps-90-com-acido-hialuronico-adapt-14g_detail.webp,detail,61883,30988,60.4 KB -> 30.3 KB
SUCCESS,/home/gabbu/Downloads/ecommerce-produtos/pytotratha/base-stick-fps-90-com-acido-hialuronico-adapt-14g.jpeg,/home/gabbu/Área de trabalho/scripts/otimizacao-imgs-webp/ecommerce-produtos/hero/pytotratha/base-stick-fps-90-com-acido-hialuronico-adapt-14g_hero.webp,hero,61883,44800,60.4 KB -> 43.8 KB
SUCCESS,/home/gabbu/Downloads/ecommerce-produtos/pytotratha/phytotratha facial - serum corretivo facil skin control .jpeg,/home/gabbu/Área de trabalho/scripts/otimizacao-imgs-webp/ecommerce-produtos/thumbnail/pytotratha/phytotratha facial - serum corretivo facil skin control_thumbnail.webp,thumbnail,83959,4256,82.0 KB -> 4.2 KB
SUCCESS,/home/gabbu/Downloads/ecommerce-produtos/pytotratha/phytotratha facial - serum corretivo facil skin control .jpeg,/home/gabbu/Área de trabalho/scripts/otimizacao-imgs-webp/ecommerce-produtos/card/pytotratha/phytotratha facial - serum corretivo facil skin control_card.webp,card,83959,14928,82.0 KB -> 14.6 KB
SUCCESS,/home/gabbu/Downloads/ecommerce-produtos/pytotratha/phytotratha facial - serum corretivo facil skin control .jpeg,/home/gabbu/Área de trabalho/scripts/otimizacao-imgs-webp/ecommerce-produtos/detail/pytotratha/phytotratha facial - serum corretivo facil skin control_detail.webp,detail,83959,45230,82.0 KB -> 44.2 KB
SUCCESS,/home/gabbu/Downloads/ecommerce-produtos/pytotratha/phytotratha facial - serum corretivo facil skin control .jpeg,/home/gabbu/Área de trabalho/scripts/otimizacao-imgs-webp/ecommerce-produtos/hero/pytotratha/phytotratha facial - serum corretivo facil skin control_hero.webp,hero,83959,65298,82.0 KB -> 63.8 KB
SUCCESS,/home/gabbu/Downloads/ecommerce-produtos/pytotratha/esfoliante-corporal-com-cafeina-1kg.jpeg,/home/gabbu/Área de trabalho/scripts/otimizacao-imgs-webp/ecommerce-produtos/thumbnail/pytotratha/esfoliante-corporal-com-cafeina-1kg_thumbnail.webp,thumbnail,59475,3152,58.1 KB -> 3.1 KB
SUCCESS,/home/gabbu/Downloads/ecommerce-produtos/pytotratha/esfoliante-corporal-com-cafeina-1kg.jpeg,/home/gabbu/Área de trabalho/scripts/otimizacao-imgs-webp/ecommerce-produtos/card/pytotratha/esfoliante-corporal-com-cafeina-1kg_card.webp,card,59475,10294,58.1 KB -> 10.1 KB
SUCCESS,/home/gabbu/Downloads/ecommerce-produtos/pytotratha/esfoliante-corporal-com-cafeina-1kg.jpeg,/home/gabbu/Área de trabalho/scripts/otimizacao-imgs-webp/ecommerce-produtos/detail/pytotratha/esfoliante-corporal-com-cafeina-1kg_detail.webp,detail,59475,29938,58.1 KB -> 29.2 KB
SUCCESS,/home/gabbu/Downloads/ecommerce-produtos/pytotratha/esfoliante-corporal-com-cafeina-1kg.jpeg,/home/gabbu/Área de trabalho/scripts/otimizacao-imgs-webp/ecommerce-produtos/hero/pytotratha/esfoliante-corporal-com-cafeina-1kg_hero.webp,hero,59475,43774,58.1 KB -> 42.7 KB
SUCCESS,/home/gabbu/Downloads/ecommerce-produtos/pytotratha/serum-volumizador-facial-e-labial-filler-up-30ml.jpeg,/home/gabbu/Área de trabalho/scripts/otimizacao-imgs-webp/ecommerce-produtos/thumbnail/pytotratha/serum-volumizador-facial-e-labial-filler-up-30ml_thumbnail.webp,thumbnail,54110,2988,52.8 KB -> 2.9 KB
SUCCESS,/home/gabbu/Downloads/ecommerce-produtos/pytotratha/serum-volumizador-facial-e-labial-filler-up-30ml.jpeg,/home/gabbu/Área de trabalho/scripts/otimizacao-imgs-webp/ecommerce-produtos/card/pytotratha/serum-volumizador-facial-e-labial-filler-up-30ml_card.webp,card,54110,9806,52.8 KB -> 9.6 KB
SUCCESS,/home/gabbu/Downloads/ecommerce-produtos/pytotratha/serum-volumizador-facial-e-labial-filler-up-30ml.jpeg,/home/gabbu/Área de trabalho/scripts/otimizacao-imgs-webp/ecommerce-produtos/detail/pytotratha/serum-volumizador-facial-e-labial-filler-up-30ml_detail.webp,detail,54110,27590,52.8 KB -> 26.9 KB
SUCCESS,/home/gabbu/Downloads/ecommerce-produtos/pytotratha/serum-volumizador-facial-e-labial-filler-up-30ml.jpeg,/home/gabbu/Área de trabalho/scripts/otimizacao-imgs-webp/ecommerce-produtos/hero/pytotratha/serum-volumizador-facial-e-labial-filler-up-30ml_hero.webp,hero,54110,38012,52.8 KB -> 37.1 KB
SUCCESS,/home/gabbu/Downloads/ecommerce-produtos/pytotratha/phytotratha protect sun color fps 20 - protetor solar.jpeg,/home/gabbu/Área de trabalho/scripts/otimizacao-imgs-webp/ecommerce-produtos/thumbnail/pytotratha/phytotratha protect sun color fps 20 - protetor solar_thumbnail.webp,thumbnail,67608,3180,66.0 KB -> 3.1 KB
SUCCESS,/home/gabbu/Downloads/ecommerce-produtos/pytotratha/phytotratha protect sun color fps 20 - protetor solar.jpeg,/home/gabbu/Área de trabalho/scripts/otimizacao-imgs-webp/ecommerce-produtos/card/pytotratha/phytotratha protect sun color fps 20 - protetor solar_card.webp,card,67608,10680,66.0 KB -> 10.4 KB
SUCCESS,/home/gabbu/Downloads/ecommerce-produtos/pytotratha/phytotratha protect sun color fps 20 - protetor solar.jpeg,/home/gabbu/Área de trabalho/scripts/otimizacao-imgs-webp/ecommerce-produtos/detail/pytotratha/phytotratha protect sun color fps 20 - protetor solar_detail.webp,detail,67608,31660,66.0 KB -> 30.9 KB
SUCCESS,/home/gabbu/Downloads/ecommerce-produtos/pytotratha/phytotratha protect sun color fps 20 - protetor solar.jpeg,/home/gabbu/Área de trabalho/scripts/otimizacao-imgs-webp/ecommerce-produtos/hero/pytotratha/phytotratha protect sun color fps 20 - protetor solar_hero.webp,hero,67608,48286,66.0 KB -> 47.2 KB
SUCCESS,/home/gabbu/Downloads/ecommerce-produtos/capilar/cb4d107c-9150-4bc5-8339-59087e68f82b.png,/home/gabbu/Área de trabalho/scripts/otimizacao-imgs-webp/ecommerce-produtos/thumbnail/capilar/cb4d107c-9150-4bc5-8339-59087e68f82b_thumbnail.webp,thumbnail,1875666,7440,1.8 MB -> 7.3 KB
SUCCESS,/home/gabbu/Downloads/ecommerce-produtos/capilar/cb4d107c-9150-4bc5-8339-59087e68f82b.png,/home/gabbu/Área de trabalho/scripts/otimizacao-imgs-webp/ecommerce-produtos/card/capilar/cb4d107c-9150-4bc5-8339-59087e68f82b_card.webp,card,1875666,24890,1.8 MB -> 24.3 KB
SUCCESS,/home/gabbu/Downloads/ecommerce-produtos/capilar/cb4d107c-9150-4bc5-8339-59087e68f82b.png,/home/gabbu/Área de trabalho/scripts/otimizacao-imgs-webp/ecommerce-produtos/detail/capilar/cb4d107c-9150-4bc5-8339-59087e68f82b_detail.webp,detail,1875666,72364,1.8 MB -> 70.7 KB
SUCCESS,/home/gabbu/Downloads/ecommerce-produtos/capilar/cb4d107c-9150-4bc5-8339-59087e68f82b.png,/home/gabbu/Área de trabalho/scripts/otimizacao-imgs-webp/ecommerce-produtos/hero/capilar/cb4d107c-9150-4bc5-8339-59087e68f82b_hero.webp,hero,1875666,103312,1.8 MB -> 100.9 KB
SUCCESS,/home/gabbu/Downloads/ecommerce-produtos/barba-cerrada/leave-in-ativa-cachos-barba-cerrada.jpeg,/home/gabbu/Área de trabalho/scripts/otimizacao-imgs-webp/ecommerce-produtos/thumbnail/barba-cerrada/leave-in-ativa-cachos-barba-cerrada_thumbnail.webp,thumbnail,83248,4796,81.3 KB -> 4.7 KB
SUCCESS,/home/gabbu/Downloads/ecommerce-produtos/barba-cerrada/leave-in-ativa-cachos-barba-cerrada.jpeg,/home/gabbu/Área de trabalho/scripts/otimizacao-imgs-webp/ecommerce-produtos/card/barba-cerrada/leave-in-ativa-cachos-barba-cerrada_card.webp,card,83248,14510,81.3 KB -> 14.2 KB
SUCCESS,/home/gabbu/Downloads/ecommerce-produtos/barba-cerrada/leave-in-ativa-cachos-barba-cerrada.jpeg,/home/gabbu/Área de trabalho/scripts/otimizacao-imgs-webp/ecommerce-produtos/detail/barba-cerrada/leave-in-ativa-cachos-barba-cerrada_detail.webp,detail,83248,38812,81.3 KB -> 37.9 KB
SUCCESS,/home/gabbu/Downloads/ecommerce-produtos/barba-cerrada/leave-in-ativa-cachos-barba-cerrada.jpeg,/home/gabbu/Área de trabalho/scripts/otimizacao-imgs-webp/ecommerce-produtos/hero/barba-cerrada/leave-in-ativa-cachos-barba-cerrada_hero.webp,hero,83248,55074,81.3 KB -> 53.8 KB
SUCCESS,/home/gabbu/Downloads/ecommerce-produtos/barba-cerrada/oleo-de-barba-barba-cerrada-cosmeticos-30ml.jpeg,/home/gabbu/Área de trabalho/scripts/otimizacao-imgs-webp/ecommerce-produtos/thumbnail/barba-cerrada/oleo-de-barba-barba-cerrada-cosmeticos-30ml_thumbnail.webp,thumbnail,75370,4048,73.6 KB -> 4.0 KB
SUCCESS,/home/gabbu/Downloads/ecommerce-produtos/barba-cerrada/oleo-de-barba-barba-cerrada-cosmeticos-30ml.jpeg,/home/gabbu/Área de trabalho/scripts/otimizacao-imgs-webp/ecommerce-produtos/card/barba-cerrada/oleo-de-barba-barba-cerrada-cosmeticos-30ml_card.webp,card,75370,12444,73.6 KB -> 12.2 KB
SUCCESS,/home/gabbu/Downloads/ecommerce-produtos/barba-cerrada/oleo-de-barba-barba-cerrada-cosmeticos-30ml.jpeg,/home/gabbu/Área de trabalho/scripts/otimizacao-imgs-webp/ecommerce-produtos/detail/barba-cerrada/oleo-de-barba-barba-cerrada-cosmeticos-30ml_detail.webp,detail,75370,33810,73.6 KB -> 33.0 KB
SUCCESS,/home/gabbu/Downloads/ecommerce-produtos/barba-cerrada/oleo-de-barba-barba-cerrada-cosmeticos-30ml.jpeg,/home/gabbu/Área de trabalho/scripts/otimizacao-imgs-webp/ecommerce-produtos/hero/barba-cerrada/oleo-de-barba-barba-cerrada-cosmeticos-30ml_hero.webp,hero,75370,51832,73.6 KB -> 50.6 KB
SUCCESS,/home/gabbu/Downloads/ecommerce-produtos/barba-cerrada/xampu-cabelo-barba-barba-cerrada.jpeg,/home/gabbu/Área de trabalho/scripts/otimizacao-imgs-webp/ecommerce-produtos/thumbnail/barba-cerrada/xampu-cabelo-barba-barba-cerrada_thumbnail.webp,thumbnail,80198,4700,78.3 KB -> 4.6 KB
SUCCESS,/home/gabbu/Downloads/ecommerce-produtos/barba-cerrada/xampu-cabelo-barba-barba-cerrada.jpeg,/home/gabbu/Área de trabalho/scripts/otimizacao-imgs-webp/ecommerce-produtos/card/barba-cerrada/xampu-cabelo-barba-barba-cerrada_card.webp,card,80198,14200,78.3 KB -> 13.9 KB
SUCCESS,/home/gabbu/Downloads/ecommerce-produtos/barba-cerrada/xampu-cabelo-barba-barba-cerrada.jpeg,/home/gabbu/Área de trabalho/scripts/otimizacao-imgs-webp/ecommerce-produtos/detail/barba-cerrada/xampu-cabelo-barba-barba-cerrada_detail.webp,detail,80198,36906,78.3 KB -> 36.0 KB
SUCCESS,/home/gabbu/Downloads/ecommerce-produtos/barba-cerrada/xampu-cabelo-barba-barba-cerrada.jpeg,/home/gabbu/Área de trabalho/scripts/otimizacao-imgs-webp/ecommerce-produtos/hero/barba-cerrada/xampu-cabelo-barba-barba-cerrada_hero.webp,hero,80198,52970,78.3 KB -> 51.7 KB
SUCCESS,/home/gabbu/Downloads/ecommerce-produtos/barba-cerrada/xampu-de-barba-barba-cerrada.jpeg,/home/gabbu/Área de trabalho/scripts/otimizacao-imgs-webp/ecommerce-produtos/thumbnail/barba-cerrada/xampu-de-barba-barba-cerrada_thumbnail.webp,thumbnail,88884,5172,86.8 KB -> 5.1 KB
SUCCESS,/home/gabbu/Downloads/ecommerce-produtos/barba-cerrada/xampu-de-barba-barba-cerrada.jpeg,/home/gabbu/Área de trabalho/scripts/otimizacao-imgs-webp/ecommerce-produtos/card/barba-cerrada/xampu-de-barba-barba-cerrada_card.webp,card,88884,15754,86.8 KB -> 15.4 KB
SUCCESS,/home/gabbu/Downloads/ecommerce-produtos/barba-cerrada/xampu-de-barba-barba-cerrada.jpeg,/home/gabbu/Área de trabalho/scripts/otimizacao-imgs-webp/ecommerce-produtos/detail/barba-cerrada/xampu-de-barba-barba-cerrada_detail.webp,detail,88884,41838,86.8 KB -> 40.9 KB
SUCCESS,/home/gabbu/Downloads/ecommerce-produtos/barba-cerrada/xampu-de-barba-barba-cerrada.jpeg,/home/gabbu/Área de trabalho/scripts/otimizacao-imgs-webp/ecommerce-produtos/hero/barba-cerrada/xampu-de-barba-barba-cerrada_hero.webp,hero,88884,62488,86.8 KB -> 61.0 KB
SUCCESS,/home/gabbu/Downloads/ecommerce-produtos/barba-cerrada/modelador-efeito-matte-barba-cerrada.jpeg,/home/gabbu/Área de trabalho/scripts/otimizacao-imgs-webp/ecommerce-produtos/thumbnail/barba-cerrada/modelador-efeito-matte-barba-cerrada_thumbnail.webp,thumbnail,52513,3268,51.3 KB -> 3.2 KB
SUCCESS,/home/gabbu/Downloads/ecommerce-produtos/barba-cerrada/modelador-efeito-matte-barba-cerrada.jpeg,/home/gabbu/Área de trabalho/scripts/otimizacao-imgs-webp/ecommerce-produtos/card/barba-cerrada/modelador-efeito-matte-barba-cerrada_card.webp,card,52513,9624,51.3 KB -> 9.4 KB
SUCCESS,/home/gabbu/Downloads/ecommerce-produtos/barba-cerrada/modelador-efeito-matte-barba-cerrada.jpeg,/home/gabbu/Área de trabalho/scripts/otimizacao-imgs-webp/ecommerce-produtos/detail/barba-cerrada/modelador-efeito-matte-barba-cerrada_detail.webp,detail,52513,25460,51.3 KB -> 24.9 KB
SUCCESS,/home/gabbu/Downloads/ecommerce-produtos/barba-cerrada/modelador-efeito-matte-barba-cerrada.jpeg,/home/gabbu/Área de trabalho/scripts/otimizacao-imgs-webp/ecommerce-produtos/hero/barba-cerrada/modelador-efeito-matte-barba-cerrada_hero.webp,hero,52513,36616,51.3 KB -> 35.8 KB
SUCCESS,/home/gabbu/Downloads/ecommerce-produtos/barba-cerrada/ po-modelador-fixacao-inteligente-e-volume-natural.jpeg,/home/gabbu/Área de trabalho/scripts/otimizacao-imgs-webp/ecommerce-produtos/thumbnail/barba-cerrada/po-modelador-fixacao-inteligente-e-volume-natural_thumbnail.webp,thumbnail,69179,3844,67.6 KB -> 3.8 KB
SUCCESS,/home/gabbu/Downloads/ecommerce-produtos/barba-cerrada/ po-modelador-fixacao-inteligente-e-volume-natural.jpeg,/home/gabbu/Área de trabalho/scripts/otimizacao-imgs-webp/ecommerce-produtos/card/barba-cerrada/po-modelador-fixacao-inteligente-e-volume-natural_card.webp,card,69179,12108,67.6 KB -> 11.8 KB
SUCCESS,/home/gabbu/Downloads/ecommerce-produtos/barba-cerrada/ po-modelador-fixacao-inteligente-e-volume-natural.jpeg,/home/gabbu/Área de trabalho/scripts/otimizacao-imgs-webp/ecommerce-produtos/detail/barba-cerrada/po-modelador-fixacao-inteligente-e-volume-natural_detail.webp,detail,69179,33526,67.6 KB -> 32.7 KB
SUCCESS,/home/gabbu/Downloads/ecommerce-produtos/barba-cerrada/ po-modelador-fixacao-inteligente-e-volume-natural.jpeg,/home/gabbu/Área de trabalho/scripts/otimizacao-imgs-webp/ecommerce-produtos/hero/barba-cerrada/po-modelador-fixacao-inteligente-e-volume-natural_hero.webp,hero,69179,48554,67.6 KB -> 47.4 KB
SUCCESS,/home/gabbu/Downloads/ecommerce-produtos/barba-cerrada/balm-de-barba-barba-cerrada-180ml.jpeg,/home/gabbu/Área de trabalho/scripts/otimizacao-imgs-webp/ecommerce-produtos/thumbnail/barba-cerrada/balm-de-barba-barba-cerrada-180ml_thumbnail.webp,thumbnail,92143,5540,90.0 KB -> 5.4 KB
SUCCESS,/home/gabbu/Downloads/ecommerce-produtos/barba-cerrada/balm-de-barba-barba-cerrada-180ml.jpeg,/home/gabbu/Área de trabalho/scripts/otimizacao-imgs-webp/ecommerce-produtos/card/barba-cerrada/balm-de-barba-barba-cerrada-180ml_card.webp,card,92143,17042,90.0 KB -> 16.6 KB
SUCCESS,/home/gabbu/Downloads/ecommerce-produtos/barba-cerrada/balm-de-barba-barba-cerrada-180ml.jpeg,/home/gabbu/Área de trabalho/scripts/otimizacao-imgs-webp/ecommerce-produtos/detail/barba-cerrada/balm-de-barba-barba-cerrada-180ml_detail.webp,detail,92143,45312,90.0 KB -> 44.2 KB
SUCCESS,/home/gabbu/Downloads/ecommerce-produtos/barba-cerrada/balm-de-barba-barba-cerrada-180ml.jpeg,/home/gabbu/Área de trabalho/scripts/otimizacao-imgs-webp/ecommerce-produtos/hero/barba-cerrada/balm-de-barba-barba-cerrada-180ml_hero.webp,hero,92143,66470,90.0 KB -> 64.9 KB
SUCCESS,/home/gabbu/Downloads/ecommerce-produtos/barba-cerrada/pomada-modeladora-classica-efeito-brilho.jpeg,/home/gabbu/Área de trabalho/scripts/otimizacao-imgs-webp/ecommerce-produtos/thumbnail/barba-cerrada/pomada-modeladora-classica-efeito-brilho_thumbnail.webp,thumbnail,54540,3294,53.3 KB -> 3.2 KB
SUCCESS,/home/gabbu/Downloads/ecommerce-produtos/barba-cerrada/pomada-modeladora-classica-efeito-brilho.jpeg,/home/gabbu/Área de trabalho/scripts/otimizacao-imgs-webp/ecommerce-produtos/card/barba-cerrada/pomada-modeladora-classica-efeito-brilho_card.webp,card,54540,9994,53.3 KB -> 9.8 KB
SUCCESS,/home/gabbu/Downloads/ecommerce-produtos/barba-cerrada/pomada-modeladora-classica-efeito-brilho.jpeg,/home/gabbu/Área de trabalho/scripts/otimizacao-imgs-webp/ecommerce-produtos/detail/barba-cerrada/pomada-modeladora-classica-efeito-brilho_detail.webp,detail,54540,27152,53.3 KB -> 26.5 KB
SUCCESS,/home/gabbu/Downloads/ecommerce-produtos/barba-cerrada/pomada-modeladora-classica-efeito-brilho.jpeg,/home/gabbu/Área de trabalho/scripts/otimizacao-imgs-webp/ecommerce-produtos/hero/barba-cerrada/pomada-modeladora-classica-efeito-brilho_hero.webp,hero,54540,39014,53.3 KB -> 38.1 KB
SUCCESS,/home/gabbu/Downloads/ecommerce-produtos/barba-cerrada/oleo-de-barba-barba-cerrada.jpeg,/home/gabbu/Área de trabalho/scripts/otimizacao-imgs-webp/ecommerce-produtos/thumbnail/barba-cerrada/oleo-de-barba-barba-cerrada_thumbnail.webp,thumbnail,73630,4132,71.9 KB -> 4.0 KB
SUCCESS,/home/gabbu/Downloads/ecommerce-produtos/barba-cerrada/oleo-de-barba-barba-cerrada.jpeg,/home/gabbu/Área de trabalho/scripts/otimizacao-imgs-webp/ecommerce-produtos/card/barba-cerrada/oleo-de-barba-barba-cerrada_card.webp,card,73630,12524,71.9 KB -> 12.2 KB
SUCCESS,/home/gabbu/Downloads/ecommerce-produtos/barba-cerrada/oleo-de-barba-barba-cerrada.jpeg,/home/gabbu/Área de trabalho/scripts/otimizacao-imgs-webp/ecommerce-produtos/detail/barba-cerrada/oleo-de-barba-barba-cerrada_detail.webp,detail,73630,34378,71.9 KB -> 33.6 KB
SUCCESS,/home/gabbu/Downloads/ecommerce-produtos/barba-cerrada/oleo-de-barba-barba-cerrada.jpeg,/home/gabbu/Área de trabalho/scripts/otimizacao-imgs-webp/ecommerce-produtos/hero/barba-cerrada/oleo-de-barba-barba-cerrada_hero.webp,hero,73630,51076,71.9 KB -> 49.9 KB
SUCCESS,/home/gabbu/Downloads/ecommerce-produtos/barba-cerrada/leave-in-barba-cerrada.jpeg,/home/gabbu/Área de trabalho/scripts/otimizacao-imgs-webp/ecommerce-produtos/thumbnail/barba-cerrada/leave-in-barba-cerrada_thumbnail.webp,thumbnail,92317,5628,90.2 KB -> 5.5 KB
SUCCESS,/home/gabbu/Downloads/ecommerce-produtos/barba-cerrada/leave-in-barba-cerrada.jpeg,/home/gabbu/Área de trabalho/scripts/otimizacao-imgs-webp/ecommerce-produtos/card/barba-cerrada/leave-in-barba-cerrada_card.webp,card,92317,17094,90.2 KB -> 16.7 KB
SUCCESS,/home/gabbu/Downloads/ecommerce-produtos/barba-cerrada/leave-in-barba-cerrada.jpeg,/home/gabbu/Área de trabalho/scripts/otimizacao-imgs-webp/ecommerce-produtos/detail/barba-cerrada/leave-in-barba-cerrada_detail.webp,detail,92317,46182,90.2 KB -> 45.1 KB
SUCCESS,/home/gabbu/Downloads/ecommerce-produtos/barba-cerrada/leave-in-barba-cerrada.jpeg,/home/gabbu/Área de trabalho/scripts/otimizacao-imgs-webp/ecommerce-produtos/hero/barba-cerrada/leave-in-barba-cerrada_hero.webp,hero,92317,67190,90.2 KB -> 65.6 KB
SUCCESS,/home/gabbu/Downloads/ecommerce-produtos/barba-cerrada/modelador-efeito-nuvem-barba-cerrada.jpeg,/home/gabbu/Área de trabalho/scripts/otimizacao-imgs-webp/ecommerce-produtos/thumbnail/barba-cerrada/modelador-efeito-nuvem-barba-cerrada_thumbnail.webp,thumbnail,61655,3482,60.2 KB -> 3.4 KB
SUCCESS,/home/gabbu/Downloads/ecommerce-produtos/barba-cerrada/modelador-efeito-nuvem-barba-cerrada.jpeg,/home/gabbu/Área de trabalho/scripts/otimizacao-imgs-webp/ecommerce-produtos/card/barba-cerrada/modelador-efeito-nuvem-barba-cerrada_card.webp,card,61655,10778,60.2 KB -> 10.5 KB
SUCCESS,/home/gabbu/Downloads/ecommerce-produtos/barba-cerrada/modelador-efeito-nuvem-barba-cerrada.jpeg,/home/gabbu/Área de trabalho/scripts/otimizacao-imgs-webp/ecommerce-produtos/detail/barba-cerrada/modelador-efeito-nuvem-barba-cerrada_detail.webp,detail,61655,31926,60.2 KB -> 31.2 KB
SUCCESS,/home/gabbu/Downloads/ecommerce-produtos/barba-cerrada/modelador-efeito-nuvem-barba-cerrada.jpeg,/home/gabbu/Área de trabalho/scripts/otimizacao-imgs-webp/ecommerce-produtos/hero/barba-cerrada/modelador-efeito-nuvem-barba-cerrada_hero.webp,hero,61655,45806,60.2 KB -> 44.7 KB
SUCCESS,/home/gabbu/Downloads/ecommerce-produtos/barba-cerrada/balm-de-barba-barba-cerrada-2-em-1.jpeg,/home/gabbu/Área de trabalho/scripts/otimizacao-imgs-webp/ecommerce-produtos/thumbnail/barba-cerrada/balm-de-barba-barba-cerrada-2-em-1_thumbnail.webp,thumbnail,83940,5208,82.0 KB -> 5.1 KB
SUCCESS,/home/gabbu/Downloads/ecommerce-produtos/barba-cerrada/balm-de-barba-barba-cerrada-2-em-1.jpeg,/home/gabbu/Área de trabalho/scripts/otimizacao-imgs-webp/ecommerce-produtos/card/barba-cerrada/balm-de-barba-barba-cerrada-2-em-1_card.webp,card,83940,15064,82.0 KB -> 14.7 KB
SUCCESS,/home/gabbu/Downloads/ecommerce-produtos/barba-cerrada/balm-de-barba-barba-cerrada-2-em-1.jpeg,/home/gabbu/Área de trabalho/scripts/otimizacao-imgs-webp/ecommerce-produtos/detail/barba-cerrada/balm-de-barba-barba-cerrada-2-em-1_detail.webp,detail,83940,40504,82.0 KB -> 39.6 KB
SUCCESS,/home/gabbu/Downloads/ecommerce-produtos/barba-cerrada/balm-de-barba-barba-cerrada-2-em-1.jpeg,/home/gabbu/Área de trabalho/scripts/otimizacao-imgs-webp/ecommerce-produtos/hero/barba-cerrada/balm-de-barba-barba-cerrada-2-em-1_hero.webp,hero,83940,57858,82.0 KB -> 56.5 KB
SUCCESS,/home/gabbu/Downloads/ecommerce-produtos/capilar/shampoo/aussie-collection-total-miracle-7em1-shampoo-360ml.png,/home/gabbu/Área de trabalho/scripts/otimizacao-imgs-webp/ecommerce-produtos/thumbnail/capilar/shampoo/aussie-collection-total-miracle-7em1-shampoo-360ml_thumbnail.webp,thumbnail,1484821,5006,1.4 MB -> 4.9 KB
SUCCESS,/home/gabbu/Downloads/ecommerce-produtos/capilar/shampoo/aussie-collection-total-miracle-7em1-shampoo-360ml.png,/home/gabbu/Área de trabalho/scripts/otimizacao-imgs-webp/ecommerce-produtos/card/capilar/shampoo/aussie-collection-total-miracle-7em1-shampoo-360ml_card.webp,card,1484821,16952,1.4 MB -> 16.6 KB
SUCCESS,/home/gabbu/Downloads/ecommerce-produtos/capilar/shampoo/aussie-collection-total-miracle-7em1-shampoo-360ml.png,/home/gabbu/Área de trabalho/scripts/otimizacao-imgs-webp/ecommerce-produtos/detail/capilar/shampoo/aussie-collection-total-miracle-7em1-shampoo-360ml_detail.webp,detail,1484821,49022,1.4 MB -> 47.9 KB
SUCCESS,/home/gabbu/Downloads/ecommerce-produtos/capilar/shampoo/aussie-collection-total-miracle-7em1-shampoo-360ml.png,/home/gabbu/Área de trabalho/scripts/otimizacao-imgs-webp/ecommerce-produtos/hero/capilar/shampoo/aussie-collection-total-miracle-7em1-shampoo-360ml_hero.webp,hero,1484821,70430,1.4 MB -> 68.8 KB
SUCCESS,/home/gabbu/Downloads/ecommerce-produtos/capilar/shampoo/aussie total miracle 7in1 - shampoo.jpeg,/home/gabbu/Área de trabalho/scripts/otimizacao-imgs-webp/ecommerce-produtos/thumbnail/capilar/shampoo/aussie total miracle 7in1 - shampoo_thumbnail.webp,thumbnail,87014,5562,85.0 KB -> 5.4 KB
SUCCESS,/home/gabbu/Downloads/ecommerce-produtos/capilar/shampoo/aussie total miracle 7in1 - shampoo.jpeg,/home/gabbu/Área de trabalho/scripts/otimizacao-imgs-webp/ecommerce-produtos/card/capilar/shampoo/aussie total miracle 7in1 - shampoo_card.webp,card,87014,17082,85.0 KB -> 16.7 KB
SUCCESS,/home/gabbu/Downloads/ecommerce-produtos/capilar/shampoo/aussie total miracle 7in1 - shampoo.jpeg,/home/gabbu/Área de trabalho/scripts/otimizacao-imgs-webp/ecommerce-produtos/detail/capilar/shampoo/aussie total miracle 7in1 - shampoo_detail.webp,detail,87014,44622,85.0 KB -> 43.6 KB
SUCCESS,/home/gabbu/Downloads/ecommerce-produtos/capilar/shampoo/aussie total miracle 7in1 - shampoo.jpeg,/home/gabbu/Área de trabalho/scripts/otimizacao-imgs-webp/ecommerce-produtos/hero/capilar/shampoo/aussie total miracle 7in1 - shampoo_hero.webp,hero,87014,61390,85.0 KB -> 60.0 KB
SUCCESS,/home/gabbu/Downloads/ecommerce-produtos/capilar/shampoo/aussie mega moist - shampoo.jpeg,/home/gabbu/Área de trabalho/scripts/otimizacao-imgs-webp/ecommerce-produtos/thumbnail/capilar/shampoo/aussie mega moist - shampoo_thumbnail.webp,thumbnail,97713,6162,95.4 KB -> 6.0 KB
SUCCESS,/home/gabbu/Downloads/ecommerce-produtos/capilar/shampoo/aussie mega moist - shampoo.jpeg,/home/gabbu/Área de trabalho/scripts/otimizacao-imgs-webp/ecommerce-produtos/card/capilar/shampoo/aussie mega moist - shampoo_card.webp,card,97713,19318,95.4 KB -> 18.9 KB
SUCCESS,/home/gabbu/Downloads/ecommerce-produtos/capilar/shampoo/aussie mega moist - shampoo.jpeg,/home/gabbu/Área de trabalho/scripts/otimizacao-imgs-webp/ecommerce-produtos/detail/capilar/shampoo/aussie mega moist - shampoo_detail.webp,detail,97713,52688,95.4 KB -> 51.5 KB
SUCCESS,/home/gabbu/Downloads/ecommerce-produtos/capilar/shampoo/aussie mega moist - shampoo.jpeg,/home/gabbu/Área de trabalho/scripts/otimizacao-imgs-webp/ecommerce-produtos/hero/capilar/shampoo/aussie mega moist - shampoo_hero.webp,hero,97713,73024,95.4 KB -> 71.3 KB
SUCCESS,/home/gabbu/Downloads/ecommerce-produtos/capilar/shampoo/aussie miracle curls - shampoo.jpeg,/home/gabbu/Área de trabalho/scripts/otimizacao-imgs-webp/ecommerce-produtos/thumbnail/capilar/shampoo/aussie miracle curls - shampoo_thumbnail.webp,thumbnail,95914,5806,93.7 KB -> 5.7 KB
SUCCESS,/home/gabbu/Downloads/ecommerce-produtos/capilar/shampoo/aussie miracle curls - shampoo.jpeg,/home/gabbu/Área de trabalho/scripts/otimizacao-imgs-webp/ecommerce-produtos/card/capilar/shampoo/aussie miracle curls - shampoo_card.webp,card,95914,18264,93.7 KB -> 17.8 KB
SUCCESS,/home/gabbu/Downloads/ecommerce-produtos/capilar/shampoo/aussie miracle curls - shampoo.jpeg,/home/gabbu/Área de trabalho/scripts/otimizacao-imgs-webp/ecommerce-produtos/detail/capilar/shampoo/aussie miracle curls - shampoo_detail.webp,detail,95914,51160,93.7 KB -> 50.0 KB
SUCCESS,/home/gabbu/Downloads/ecommerce-produtos/capilar/shampoo/aussie miracle curls - shampoo.jpeg,/home/gabbu/Área de trabalho/scripts/otimizacao-imgs-webp/ecommerce-produtos/hero/capilar/shampoo/aussie miracle curls - shampoo_hero.webp,hero,95914,71822,93.7 KB -> 70.1 KB
SUCCESS,/home/gabbu/Downloads/ecommerce-produtos/capilar/mascara/karseell maca power collagen - 500ml.jpeg,/home/gabbu/Área de trabalho/scripts/otimizacao-imgs-webp/ecommerce-produtos/thumbnail/capilar/mascara/karseell maca power collagen - 500ml_thumbnail.webp,thumbnail,51957,3072,50.7 KB -> 3.0 KB
SUCCESS,/home/gabbu/Downloads/ecommerce-produtos/capilar/mascara/karseell maca power collagen - 500ml.jpeg,/home/gabbu/Área de trabalho/scripts/otimizacao-imgs-webp/ecommerce-produtos/card/capilar/mascara/karseell maca power collagen - 500ml_card.webp,card,51957,9724,50.7 KB -> 9.5 KB
SUCCESS,/home/gabbu/Downloads/ecommerce-produtos/capilar/mascara/karseell maca power collagen - 500ml.jpeg,/home/gabbu/Área de trabalho/scripts/otimizacao-imgs-webp/ecommerce-produtos/detail/capilar/mascara/karseell maca power collagen - 500ml_detail.webp,detail,51957,27238,50.7 KB -> 26.6 KB
SUCCESS,/home/gabbu/Downloads/ecommerce-produtos/capilar/mascara/karseell maca power collagen - 500ml.jpeg,/home/gabbu/Área de trabalho/scripts/otimizacao-imgs-webp/ecommerce-produtos/hero/capilar/mascara/karseell maca power collagen - 500ml_hero.webp,hero,51957,38796,50.7 KB -> 37.9 KB
SUCCESS,/home/gabbu/Downloads/ecommerce-produtos/capilar/mascara/loreal professional lumino constrast - mascara capilar.jpeg,/home/gabbu/Área de trabalho/scripts/otimizacao-imgs-webp/ecommerce-produtos/thumbnail/capilar/mascara/loreal professional lumino constrast - mascara capilar_thumbnail.webp,thumbnail,48305,2880,47.2 KB -> 2.8 KB
SUCCESS,/home/gabbu/Downloads/ecommerce-produtos/capilar/mascara/loreal professional lumino constrast - mascara capilar.jpeg,/home/gabbu/Área de trabalho/scripts/otimizacao-imgs-webp/ecommerce-produtos/card/capilar/mascara/loreal professional lumino constrast - mascara capilar_card.webp,card,48305,8872,47.2 KB -> 8.7 KB
SUCCESS,/home/gabbu/Downloads/ecommerce-produtos/capilar/mascara/loreal professional lumino constrast - mascara capilar.jpeg,/home/gabbu/Área de trabalho/scripts/otimizacao-imgs-webp/ecommerce-produtos/detail/capilar/mascara/loreal professional lumino constrast - mascara capilar_detail.webp,detail,48305,24546,47.2 KB -> 24.0 KB
SUCCESS,/home/gabbu/Downloads/ecommerce-produtos/capilar/mascara/loreal professional lumino constrast - mascara capilar.jpeg,/home/gabbu/Área de trabalho/scripts/otimizacao-imgs-webp/ecommerce-produtos/hero/capilar/mascara/loreal professional lumino constrast - mascara capilar_hero.webp,hero,48305,33850,47.2 KB -> 33.1 KB
SUCCESS,/home/gabbu/Downloads/ecommerce-produtos/capilar/mascara/loreal professional nutrifier - mascara capilar.jpeg,/home/gabbu/Área de trabalho/scripts/otimizacao-imgs-webp/ecommerce-produtos/thumbnail/capilar/mascara/loreal professional nutrifier - mascara capilar_thumbnail.webp,thumbnail,50873,3118,49.7 KB -> 3.0 KB
SUCCESS,/home/gabbu/Downloads/ecommerce-produtos/capilar/mascara/loreal professional nutrifier - mascara capilar.jpeg,/home/gabbu/Área de trabalho/scripts/otimizacao-imgs-webp/ecommerce-produtos/card/capilar/mascara/loreal professional nutrifier - mascara capilar_card.webp,card,50873,9598,49.7 KB -> 9.4 KB
SUCCESS,/home/gabbu/Downloads/ecommerce-produtos/capilar/mascara/loreal professional nutrifier - mascara capilar.jpeg,/home/gabbu/Área de trabalho/scripts/otimizacao-imgs-webp/ecommerce-produtos/detail/capilar/mascara/loreal professional nutrifier - mascara capilar_detail.webp,detail,50873,26170,49.7 KB -> 25.6 KB
SUCCESS,/home/gabbu/Downloads/ecommerce-produtos/capilar/mascara/loreal professional nutrifier - mascara capilar.jpeg,/home/gabbu/Área de trabalho/scripts/otimizacao-imgs-webp/ecommerce-produtos/hero/capilar/mascara/loreal professional nutrifier - mascara capilar_hero.webp,hero,50873,36644,49.7 KB -> 35.8 KB
SUCCESS,/home/gabbu/Downloads/ecommerce-produtos/capilar/mascara/loreal professional force relax - mascara capilar.jpeg,/home/gabbu/Área de trabalho/scripts/otimizacao-imgs-webp/ecommerce-produtos/thumbnail/capilar/mascara/loreal professional force relax - mascara capilar_thumbnail.webp,thumbnail,53413,3466,52.2 KB -> 3.4 KB
SUCCESS,/home/gabbu/Downloads/ecommerce-produtos/capilar/mascara/loreal professional force relax - mascara capilar.jpeg,/home/gabbu/Área de trabalho/scripts/otimizacao-imgs-webp/ecommerce-produtos/card/capilar/mascara/loreal professional force relax - mascara capilar_card.webp,card,53413,10132,52.2 KB -> 9.9 KB
SUCCESS,/home/gabbu/Downloads/ecommerce-produtos/capilar/mascara/loreal professional force relax - mascara capilar.jpeg,/home/gabbu/Área de trabalho/scripts/otimizacao-imgs-webp/ecommerce-produtos/detail/capilar/mascara/loreal professional force relax - mascara capilar_detail.webp,detail,53413,26684,52.2 KB -> 26.1 KB
SUCCESS,/home/gabbu/Downloads/ecommerce-produtos/capilar/mascara/loreal professional force relax - mascara capilar.jpeg,/home/gabbu/Área de trabalho/scripts/otimizacao-imgs-webp/ecommerce-produtos/hero/capilar/mascara/loreal professional force relax - mascara capilar_hero.webp,hero,53413,37110,52.2 KB -> 36.2 KB
SUCCESS,/home/gabbu/Downloads/ecommerce-produtos/capilar/oleo/ n132 - hair oil elixir premium - brand collection carlota - 50m.jpeg,/home/gabbu/Área de trabalho/scripts/otimizacao-imgs-webp/ecommerce-produtos/thumbnail/capilar/oleo/n132 - hair oil elixir premium - brand collection carlota - 50m_thumbnail.webp,thumbnail,86035,5132,84.0 KB -> 5.0 KB
SUCCESS,/home/gabbu/Downloads/ecommerce-produtos/capilar/oleo/ n132 - hair oil elixir premium - brand collection carlota - 50m.jpeg,/home/gabbu/Área de trabalho/scripts/otimizacao-imgs-webp/ecommerce-produtos/card/capilar/oleo/n132 - hair oil elixir premium - brand collection carlota - 50m_card.webp,card,86035,16902,84.0 KB -> 16.5 KB
SUCCESS,/home/gabbu/Downloads/ecommerce-produtos/capilar/oleo/ n132 - hair oil elixir premium - brand collection carlota - 50m.jpeg,/home/gabbu/Área de trabalho/scripts/otimizacao-imgs-webp/ecommerce-produtos/detail/capilar/oleo/n132 - hair oil elixir premium - brand collection carlota - 50m_detail.webp,detail,86035,43066,84.0 KB -> 42.1 KB
SUCCESS,/home/gabbu/Downloads/ecommerce-produtos/capilar/oleo/ n132 - hair oil elixir premium - brand collection carlota - 50m.jpeg,/home/gabbu/Área de trabalho/scripts/otimizacao-imgs-webp/ecommerce-produtos/hero/capilar/oleo/n132 - hair oil elixir premium - brand collection carlota - 50m_hero.webp,hero,86035,62838,84.0 KB -> 61.4 KB
SUCCESS,/home/gabbu/Downloads/ecommerce-produtos/capilar/oleo/n238 - hair oil elixir premium - brand collection carlotta - 50m.jpeg,/home/gabbu/Área de trabalho/scripts/otimizacao-imgs-webp/ecommerce-produtos/thumbnail/capilar/oleo/n238 - hair oil elixir premium - brand collection carlotta - 50m_thumbnail.webp,thumbnail,87139,4684,85.1 KB -> 4.6 KB
SUCCESS,/home/gabbu/Downloads/ecommerce-produtos/capilar/oleo/n238 - hair oil elixir premium - brand collection carlotta - 50m.jpeg,/home/gabbu/Área de trabalho/scripts/otimizacao-imgs-webp/ecommerce-produtos/card/capilar/oleo/n238 - hair oil elixir premium - brand collection carlotta - 50m_card.webp,card,87139,15622,85.1 KB -> 15.3 KB
SUCCESS,/home/gabbu/Downloads/ecommerce-produtos/capilar/oleo/n238 - hair oil elixir premium - brand collection carlotta - 50m.jpeg,/home/gabbu/Área de trabalho/scripts/otimizacao-imgs-webp/ecommerce-produtos/detail/capilar/oleo/n238 - hair oil elixir premium - brand collection carlotta - 50m_detail.webp,detail,87139,43550,85.1 KB -> 42.5 KB
SUCCESS,/home/gabbu/Downloads/ecommerce-produtos/capilar/oleo/n238 - hair oil elixir premium - brand collection carlotta - 50m.jpeg,/home/gabbu/Área de trabalho/scripts/otimizacao-imgs-webp/ecommerce-produtos/hero/capilar/oleo/n238 - hair oil elixir premium - brand collection carlotta - 50m_hero.webp,hero,87139,63924,85.1 KB -> 62.4 KB
SUCCESS,/home/gabbu/Downloads/ecommerce-produtos/capilar/condicionador/aussie total miracle 7in1 - condicionador.jpeg,/home/gabbu/Área de trabalho/scripts/otimizacao-imgs-webp/ecommerce-produtos/thumbnail/capilar/condicionador/aussie total miracle 7in1 - condicionador_thumbnail.webp,thumbnail,90864,5952,88.7 KB -> 5.8 KB
SUCCESS,/home/gabbu/Downloads/ecommerce-produtos/capilar/condicionador/aussie total miracle 7in1 - condicionador.jpeg,/home/gabbu/Área de trabalho/scripts/otimizacao-imgs-webp/ecommerce-produtos/card/capilar/condicionador/aussie total miracle 7in1 - condicionador_card.webp,card,90864,18566,88.7 KB -> 18.1 KB
SUCCESS,/home/gabbu/Downloads/ecommerce-produtos/capilar/condicionador/aussie total miracle 7in1 - condicionador.jpeg,/home/gabbu/Área de trabalho/scripts/otimizacao-imgs-webp/ecommerce-produtos/detail/capilar/condicionador/aussie total miracle 7in1 - condicionador_detail.webp,detail,90864,47738,88.7 KB -> 46.6 KB
SUCCESS,/home/gabbu/Downloads/ecommerce-produtos/capilar/condicionador/aussie total miracle 7in1 - condicionador.jpeg,/home/gabbu/Área de trabalho/scripts/otimizacao-imgs-webp/ecommerce-produtos/hero/capilar/condicionador/aussie total miracle 7in1 - condicionador_hero.webp,hero,90864,65184,88.7 KB -> 63.7 KB
SUCCESS,/home/gabbu/Downloads/ecommerce-produtos/capilar/condicionador/aussie miracle moist - condicionador.jpeg,/home/gabbu/Área de trabalho/scripts/otimizacao-imgs-webp/ecommerce-produtos/thumbnail/capilar/condicionador/aussie miracle moist - condicionador_thumbnail.webp,thumbnail,87155,5584,85.1 KB -> 5.5 KB
SUCCESS,/home/gabbu/Downloads/ecommerce-produtos/capilar/condicionador/aussie miracle moist - condicionador.jpeg,/home/gabbu/Área de trabalho/scripts/otimizacao-imgs-webp/ecommerce-produtos/card/capilar/condicionador/aussie miracle moist - condicionador_card.webp,card,87155,17130,85.1 KB -> 16.7 KB
SUCCESS,/home/gabbu/Downloads/ecommerce-produtos/capilar/condicionador/aussie miracle moist - condicionador.jpeg,/home/gabbu/Área de trabalho/scripts/otimizacao-imgs-webp/ecommerce-produtos/detail/capilar/condicionador/aussie miracle moist - condicionador_detail.webp,detail,87155,44684,85.1 KB -> 43.6 KB
SUCCESS,/home/gabbu/Downloads/ecommerce-produtos/capilar/condicionador/aussie miracle moist - condicionador.jpeg,/home/gabbu/Área de trabalho/scripts/otimizacao-imgs-webp/ecommerce-produtos/hero/capilar/condicionador/aussie miracle moist - condicionador_hero.webp,hero,87155,61596,85.1 KB -> 60.2 KB
SUCCESS,/home/gabbu/Downloads/ecommerce-produtos/capilar/condicionador/aussie miracle curls - condicionador.jpeg,/home/gabbu/Área de trabalho/scripts/otimizacao-imgs-webp/ecommerce-produtos/thumbnail/capilar/condicionador/aussie miracle curls - condicionador_thumbnail.webp,thumbnail,92441,6120,90.3 KB -> 6.0 KB
SUCCESS,/home/gabbu/Downloads/ecommerce-produtos/capilar/condicionador/aussie miracle curls - condicionador.jpeg,/home/gabbu/Área de trabalho/scripts/otimizacao-imgs-webp/ecommerce-produtos/card/capilar/condicionador/aussie miracle curls - condicionador_card.webp,card,92441,18676,90.3 KB -> 18.2 KB
SUCCESS,/home/gabbu/Downloads/ecommerce-produtos/capilar/condicionador/aussie miracle curls - condicionador.jpeg,/home/gabbu/Área de trabalho/scripts/otimizacao-imgs-webp/ecommerce-produtos/detail/capilar/condicionador/aussie miracle curls - condicionador_detail.webp,detail,92441,49298,90.3 KB -> 48.1 KB
SUCCESS,/home/gabbu/Downloads/ecommerce-produtos/capilar/condicionador/aussie miracle curls - condicionador.jpeg,/home/gabbu/Área de trabalho/scripts/otimizacao-imgs-webp/ecommerce-produtos/hero/capilar/condicionador/aussie miracle curls - condicionador_hero.webp,hero,92441,68068,90.3 KB -> 66.5 KB
SUCCESS,/home/gabbu/Downloads/ecommerce-produtos/capilar/condicionador/aussie-total-miracle-condicionador-7em1-revitalizante-778ml.png,/home/gabbu/Área de trabalho/scripts/otimizacao-imgs-webp/ecommerce-produtos/thumbnail/capilar/condicionador/aussie-total-miracle-condicionador-7em1-revitalizante-778ml_thumbnail.webp,thumbnail,1721098,5382,1.6 MB -> 5.3 KB
SUCCESS,/home/gabbu/Downloads/ecommerce-produtos/capilar/condicionador/aussie-total-miracle-condicionador-7em1-revitalizante-778ml.png,/home/gabbu/Área de trabalho/scripts/otimizacao-imgs-webp/ecommerce-produtos/card/capilar/condicionador/aussie-total-miracle-condicionador-7em1-revitalizante-778ml_card.webp,card,1721098,18264,1.6 MB -> 17.8 KB
SUCCESS,/home/gabbu/Downloads/ecommerce-produtos/capilar/condicionador/aussie-total-miracle-condicionador-7em1-revitalizante-778ml.png,/home/gabbu/Área de trabalho/scripts/otimizacao-imgs-webp/ecommerce-produtos/detail/capilar/condicionador/aussie-total-miracle-condicionador-7em1-revitalizante-778ml_detail.webp,detail,1721098,57060,1.6 MB -> 55.7 KB
SUCCESS,/home/gabbu/Downloads/ecommerce-produtos/capilar/condicionador/aussie-total-miracle-condicionador-7em1-revitalizante-778ml.png,/home/gabbu/Área de trabalho/scripts/otimizacao-imgs-webp/ecommerce-produtos/hero/capilar/condicionador/aussie-total-miracle-condicionador-7em1-revitalizante-778ml_hero.webp,hero,1721098,84028,1.6 MB -> 82.1 KB
SUCCESS,/home/gabbu/Downloads/ecommerce-produtos/capilar/condicionador/aussie miracle moist - condicionador hidratante.jpeg,/home/gabbu/Área de trabalho/scripts/otimizacao-imgs-webp/ecommerce-produtos/thumbnail/capilar/condicionador/aussie miracle moist - condicionador hidratante_thumbnail.webp,thumbnail,80486,5204,78.6 KB -> 5.1 KB
SUCCESS,/home/gabbu/Downloads/ecommerce-produtos/capilar/condicionador/aussie miracle moist - condicionador hidratante.jpeg,/home/gabbu/Área de trabalho/scripts/otimizacao-imgs-webp/ecommerce-produtos/card/capilar/condicionador/aussie miracle moist - condicionador hidratante_card.webp,card,80486,15392,78.6 KB -> 15.0 KB
SUCCESS,/home/gabbu/Downloads/ecommerce-produtos/capilar/condicionador/aussie miracle moist - condicionador hidratante.jpeg,/home/gabbu/Área de trabalho/scripts/otimizacao-imgs-webp/ecommerce-produtos/detail/capilar/condicionador/aussie miracle moist - condicionador hidratante_detail.webp,detail,80486,40164,78.6 KB -> 39.2 KB
SUCCESS,/home/gabbu/Downloads/ecommerce-produtos/capilar/condicionador/aussie miracle moist - condicionador hidratante.jpeg,/home/gabbu/Área de trabalho/scripts/otimizacao-imgs-webp/ecommerce-produtos/hero/capilar/condicionador/aussie miracle moist - condicionador hidratante_hero.webp,hero,80486,55622,78.6 KB -> 54.3 KB
SUCCESS,/home/gabbu/Downloads/ecommerce-produtos/capilar/condicionador/aussie miracle curls - condicionador cachos.jpeg,/home/gabbu/Área de trabalho/scripts/otimizacao-imgs-webp/ecommerce-produtos/thumbnail/capilar/condicionador/aussie miracle curls - condicionador cachos_thumbnail.webp,thumbnail,89713,6232,87.6 KB -> 6.1 KB
SUCCESS,/home/gabbu/Downloads/ecommerce-produtos/capilar/condicionador/aussie miracle curls - condicionador cachos.jpeg,/home/gabbu/Área de trabalho/scripts/otimizacao-imgs-webp/ecommerce-produtos/card/capilar/condicionador/aussie miracle curls - condicionador cachos_card.webp,card,89713,18078,87.6 KB -> 17.7 KB
SUCCESS,/home/gabbu/Downloads/ecommerce-produtos/capilar/condicionador/aussie miracle curls - condicionador cachos.jpeg,/home/gabbu/Área de trabalho/scripts/otimizacao-imgs-webp/ecommerce-produtos/detail/capilar/condicionador/aussie miracle curls - condicionador cachos_detail.webp,detail,89713,45968,87.6 KB -> 44.9 KB
SUCCESS,/home/gabbu/Downloads/ecommerce-produtos/capilar/condicionador/aussie miracle curls - condicionador cachos.jpeg,/home/gabbu/Área de trabalho/scripts/otimizacao-imgs-webp/ecommerce-produtos/hero/capilar/condicionador/aussie miracle curls - condicionador cachos_hero.webp,hero,89713,63374,87.6 KB -> 61.9 KB
SUCCESS,/home/gabbu/Downloads/ecommerce-produtos/capilar/condicionador/aussie total miracle - condionador  revitalizante.jpeg,/home/gabbu/Área de trabalho/scripts/otimizacao-imgs-webp/ecommerce-produtos/thumbnail/capilar/condicionador/aussie total miracle - condionador  revitalizante_thumbnail.webp,thumbnail,83925,5766,82.0 KB -> 5.6 KB
SUCCESS,/home/gabbu/Downloads/ecommerce-produtos/capilar/condicionador/aussie total miracle - condionador  revitalizante.jpeg,/home/gabbu/Área de trabalho/scripts/otimizacao-imgs-webp/ecommerce-produtos/card/capilar/condicionador/aussie total miracle - condionador  revitalizante_card.webp,card,83925,16590,82.0 KB -> 16.2 KB
SUCCESS,/home/gabbu/Downloads/ecommerce-produtos/capilar/condicionador/aussie total miracle - condionador  revitalizante.jpeg,/home/gabbu/Área de trabalho/scripts/otimizacao-imgs-webp/ecommerce-produtos/detail/capilar/condicionador/aussie total miracle - condionador  revitalizante_detail.webp,detail,83925,42334,82.0 KB -> 41.3 KB
SUCCESS,/home/gabbu/Downloads/ecommerce-produtos/capilar/condicionador/aussie total miracle - condionador  revitalizante.jpeg,/home/gabbu/Área de trabalho/scripts/otimizacao-imgs-webp/ecommerce-produtos/hero/capilar/condicionador/aussie total miracle - condionador  revitalizante_hero.webp,hero,83925,58038,82.0 KB -> 56.7 KB
SUCCESS,/home/gabbu/Downloads/ecommerce-produtos/capilar/kit/kit joico k-park professional.jpeg,/home/gabbu/Área de trabalho/scripts/otimizacao-imgs-webp/ecommerce-produtos/thumbnail/capilar/kit/kit joico k-park professional_thumbnail.webp,thumbnail,119848,3468,117.0 KB -> 3.4 KB
SUCCESS,/home/gabbu/Downloads/ecommerce-produtos/capilar/kit/kit joico k-park professional.jpeg,/home/gabbu/Área de trabalho/scripts/otimizacao-imgs-webp/ecommerce-produtos/card/capilar/kit/kit joico k-park professional_card.webp,card,119848,11468,117.0 KB -> 11.2 KB
SUCCESS,/home/gabbu/Downloads/ecommerce-produtos/capilar/kit/kit joico k-park professional.jpeg,/home/gabbu/Área de trabalho/scripts/otimizacao-imgs-webp/ecommerce-produtos/detail/capilar/kit/kit joico k-park professional_detail.webp,detail,119848,35202,117.0 KB -> 34.4 KB
SUCCESS,/home/gabbu/Downloads/ecommerce-produtos/capilar/kit/kit joico k-park professional.jpeg,/home/gabbu/Área de trabalho/scripts/otimizacao-imgs-webp/ecommerce-produtos/hero/capilar/kit/kit joico k-park professional_hero.webp,hero,119848,60256,117.0 KB -> 58.8 KB
SUCCESS,/home/gabbu/Downloads/ecommerce-produtos/maquiagem/blush/blush rimocoo love - barbie.jpeg,/home/gabbu/Área de trabalho/scripts/otimizacao-imgs-webp/ecommerce-produtos/thumbnail/maquiagem/blush/blush rimocoo love - barbie_thumbnail.webp,thumbnail,96976,6220,94.7 KB -> 6.1 KB
SUCCESS,/home/gabbu/Downloads/ecommerce-produtos/maquiagem/blush/blush rimocoo love - barbie.jpeg,/home/gabbu/Área de trabalho/scripts/otimizacao-imgs-webp/ecommerce-produtos/card/maquiagem/blush/blush rimocoo love - barbie_card.webp,card,96976,18268,94.7 KB -> 17.8 KB
SUCCESS,/home/gabbu/Downloads/ecommerce-produtos/maquiagem/blush/blush rimocoo love - barbie.jpeg,/home/gabbu/Área de trabalho/scripts/otimizacao-imgs-webp/ecommerce-produtos/detail/maquiagem/blush/blush rimocoo love - barbie_detail.webp,detail,96976,47520,94.7 KB -> 46.4 KB
SUCCESS,/home/gabbu/Downloads/ecommerce-produtos/maquiagem/blush/blush rimocoo love - barbie.jpeg,/home/gabbu/Área de trabalho/scripts/otimizacao-imgs-webp/ecommerce-produtos/hero/maquiagem/blush/blush rimocoo love - barbie_hero.webp,hero,96976,68264,94.7 KB -> 66.7 KB
SUCCESS,/home/gabbu/Downloads/ecommerce-produtos/maquiagem/blush/miss rose  pro - paleta de blush make-up.jpeg,/home/gabbu/Área de trabalho/scripts/otimizacao-imgs-webp/ecommerce-produtos/thumbnail/maquiagem/blush/miss rose  pro - paleta de blush make-up_thumbnail.webp,thumbnail,90386,5480,88.3 KB -> 5.4 KB
SUCCESS,/home/gabbu/Downloads/ecommerce-produtos/maquiagem/blush/miss rose  pro - paleta de blush make-up.jpeg,/home/gabbu/Área de trabalho/scripts/otimizacao-imgs-webp/ecommerce-produtos/card/maquiagem/blush/miss rose  pro - paleta de blush make-up_card.webp,card,90386,16658,88.3 KB -> 16.3 KB
SUCCESS,/home/gabbu/Downloads/ecommerce-produtos/maquiagem/blush/miss rose  pro - paleta de blush make-up.jpeg,/home/gabbu/Área de trabalho/scripts/otimizacao-imgs-webp/ecommerce-produtos/detail/maquiagem/blush/miss rose  pro - paleta de blush make-up_detail.webp,detail,90386,46310,88.3 KB -> 45.2 KB
SUCCESS,/home/gabbu/Downloads/ecommerce-produtos/maquiagem/blush/miss rose  pro - paleta de blush make-up.jpeg,/home/gabbu/Área de trabalho/scripts/otimizacao-imgs-webp/ecommerce-produtos/hero/maquiagem/blush/miss rose  pro - paleta de blush make-up_hero.webp,hero,90386,67074,88.3 KB -> 65.5 KB
SUCCESS,/home/gabbu/Downloads/ecommerce-produtos/maquiagem/blush/miss rose pro 2 - paleta de blush make-up.jpeg,/home/gabbu/Área de trabalho/scripts/otimizacao-imgs-webp/ecommerce-produtos/thumbnail/maquiagem/blush/miss rose pro 2 - paleta de blush make-up_thumbnail.webp,thumbnail,91363,5550,89.2 KB -> 5.4 KB
SUCCESS,/home/gabbu/Downloads/ecommerce-produtos/maquiagem/blush/miss rose pro 2 - paleta de blush make-up.jpeg,/home/gabbu/Área de trabalho/scripts/otimizacao-imgs-webp/ecommerce-produtos/card/maquiagem/blush/miss rose pro 2 - paleta de blush make-up_card.webp,card,91363,16752,89.2 KB -> 16.4 KB
SUCCESS,/home/gabbu/Downloads/ecommerce-produtos/maquiagem/blush/miss rose pro 2 - paleta de blush make-up.jpeg,/home/gabbu/Área de trabalho/scripts/otimizacao-imgs-webp/ecommerce-produtos/detail/maquiagem/blush/miss rose pro 2 - paleta de blush make-up_detail.webp,detail,91363,45366,89.2 KB -> 44.3 KB
SUCCESS,/home/gabbu/Downloads/ecommerce-produtos/maquiagem/blush/miss rose pro 2 - paleta de blush make-up.jpeg,/home/gabbu/Área de trabalho/scripts/otimizacao-imgs-webp/ecommerce-produtos/hero/maquiagem/blush/miss rose pro 2 - paleta de blush make-up_hero.webp,hero,91363,67332,89.2 KB -> 65.8 KB
SUCCESS,/home/gabbu/Downloads/ecommerce-produtos/maquiagem/delineador/misslyn-made-to-stay-eye-liner21.jpeg,/home/gabbu/Área de trabalho/scripts/otimizacao-imgs-webp/ecommerce-produtos/thumbnail/maquiagem/delineador/misslyn-made-to-stay-eye-liner21_thumbnail.webp,thumbnail,64281,3788,62.8 KB -> 3.7 KB
SUCCESS,/home/gabbu/Downloads/ecommerce-produtos/maquiagem/delineador/misslyn-made-to-stay-eye-liner21.jpeg,/home/gabbu/Área de trabalho/scripts/otimizacao-imgs-webp/ecommerce-produtos/card/maquiagem/delineador/misslyn-made-to-stay-eye-liner21_card.webp,card,64281,11454,62.8 KB -> 11.2 KB
SUCCESS,/home/gabbu/Downloads/ecommerce-produtos/maquiagem/delineador/misslyn-made-to-stay-eye-liner21.jpeg,/home/gabbu/Área de trabalho/scripts/otimizacao-imgs-webp/ecommerce-produtos/detail/maquiagem/delineador/misslyn-made-to-stay-eye-liner21_detail.webp,detail,64281,30736,62.8 KB -> 30.0 KB
SUCCESS,/home/gabbu/Downloads/ecommerce-produtos/maquiagem/delineador/misslyn-made-to-stay-eye-liner21.jpeg,/home/gabbu/Área de trabalho/scripts/otimizacao-imgs-webp/ecommerce-produtos/hero/maquiagem/delineador/misslyn-made-to-stay-eye-liner21_hero.webp,hero,64281,43110,62.8 KB -> 42.1 KB
SUCCESS,/home/gabbu/Downloads/ecommerce-produtos/maquiagem/delineador/misslyn-stay-eye-liner-15.jpeg,/home/gabbu/Área de trabalho/scripts/otimizacao-imgs-webp/ecommerce-produtos/thumbnail/maquiagem/delineador/misslyn-stay-eye-liner-15_thumbnail.webp,thumbnail,67332,3936,65.8 KB -> 3.8 KB
SUCCESS,/home/gabbu/Downloads/ecommerce-produtos/maquiagem/delineador/misslyn-stay-eye-liner-15.jpeg,/home/gabbu/Área de trabalho/scripts/otimizacao-imgs-webp/ecommerce-produtos/card/maquiagem/delineador/misslyn-stay-eye-liner-15_card.webp,card,67332,12362,65.8 KB -> 12.1 KB
SUCCESS,/home/gabbu/Downloads/ecommerce-produtos/maquiagem/delineador/misslyn-stay-eye-liner-15.jpeg,/home/gabbu/Área de trabalho/scripts/otimizacao-imgs-webp/ecommerce-produtos/detail/maquiagem/delineador/misslyn-stay-eye-liner-15_detail.webp,detail,67332,33198,65.8 KB -> 32.4 KB
SUCCESS,/home/gabbu/Downloads/ecommerce-produtos/maquiagem/delineador/misslyn-stay-eye-liner-15.jpeg,/home/gabbu/Área de trabalho/scripts/otimizacao-imgs-webp/ecommerce-produtos/hero/maquiagem/delineador/misslyn-stay-eye-liner-15_hero.webp,hero,67332,47024,65.8 KB -> 45.9 KB
SUCCESS,/home/gabbu/Downloads/ecommerce-produtos/maquiagem/delineador/delineador-gel-missrose-blacknoir-03.jpeg,/home/gabbu/Área de trabalho/scripts/otimizacao-imgs-webp/ecommerce-produtos/thumbnail/maquiagem/delineador/delineador-gel-missrose-blacknoir-03_thumbnail.webp,thumbnail,69294,4322,67.7 KB -> 4.2 KB
SUCCESS,/home/gabbu/Downloads/ecommerce-produtos/maquiagem/delineador/delineador-gel-missrose-blacknoir-03.jpeg,/home/gabbu/Área de trabalho/scripts/otimizacao-imgs-webp/ecommerce-produtos/card/maquiagem/delineador/delineador-gel-missrose-blacknoir-03_card.webp,card,69294,12402,67.7 KB -> 12.1 KB
SUCCESS,/home/gabbu/Downloads/ecommerce-produtos/maquiagem/delineador/delineador-gel-missrose-blacknoir-03.jpeg,/home/gabbu/Área de trabalho/scripts/otimizacao-imgs-webp/ecommerce-produtos/detail/maquiagem/delineador/delineador-gel-missrose-blacknoir-03_detail.webp,detail,69294,32634,67.7 KB -> 31.9 KB
SUCCESS,/home/gabbu/Downloads/ecommerce-produtos/maquiagem/delineador/delineador-gel-missrose-blacknoir-03.jpeg,/home/gabbu/Área de trabalho/scripts/otimizacao-imgs-webp/ecommerce-produtos/hero/maquiagem/delineador/delineador-gel-missrose-blacknoir-03_hero.webp,hero,69294,46186,67.7 KB -> 45.1 KB
SUCCESS,/home/gabbu/Downloads/ecommerce-produtos/maquiagem/delineador/magic delineador liquido - miss rose.jpeg,/home/gabbu/Área de trabalho/scripts/otimizacao-imgs-webp/ecommerce-produtos/thumbnail/maquiagem/delineador/magic delineador liquido - miss rose_thumbnail.webp,thumbnail,85634,5096,83.6 KB -> 5.0 KB
SUCCESS,/home/gabbu/Downloads/ecommerce-produtos/maquiagem/delineador/magic delineador liquido - miss rose.jpeg,/home/gabbu/Área de trabalho/scripts/otimizacao-imgs-webp/ecommerce-produtos/card/maquiagem/delineador/magic delineador liquido - miss rose_card.webp,card,85634,15346,83.6 KB -> 15.0 KB
SUCCESS,/home/gabbu/Downloads/ecommerce-produtos/maquiagem/delineador/magic delineador liquido - miss rose.jpeg,/home/gabbu/Área de trabalho/scripts/otimizacao-imgs-webp/ecommerce-produtos/detail/maquiagem/delineador/magic delineador liquido - miss rose_detail.webp,detail,85634,42054,83.6 KB -> 41.1 KB
SUCCESS,/home/gabbu/Downloads/ecommerce-produtos/maquiagem/delineador/magic delineador liquido - miss rose.jpeg,/home/gabbu/Área de trabalho/scripts/otimizacao-imgs-webp/ecommerce-produtos/hero/maquiagem/delineador/magic delineador liquido - miss rose_hero.webp,hero,85634,61520,83.6 KB -> 60.1 KB
SUCCESS,/home/gabbu/Downloads/ecommerce-produtos/maquiagem/delineador/delineador-gel-miss-rose-bountiful-brown-ep07.jpeg,/home/gabbu/Área de trabalho/scripts/otimizacao-imgs-webp/ecommerce-produtos/thumbnail/maquiagem/delineador/delineador-gel-miss-rose-bountiful-brown-ep07_thumbnail.webp,thumbnail,71647,4318,70.0 KB -> 4.2 KB
SUCCESS,/home/gabbu/Downloads/ecommerce-produtos/maquiagem/delineador/delineador-gel-miss-rose-bountiful-brown-ep07.jpeg,/home/gabbu/Área de trabalho/scripts/otimizacao-imgs-webp/ecommerce-produtos/card/maquiagem/delineador/delineador-gel-miss-rose-bountiful-brown-ep07_card.webp,card,71647,12512,70.0 KB -> 12.2 KB
SUCCESS,/home/gabbu/Downloads/ecommerce-produtos/maquiagem/delineador/delineador-gel-miss-rose-bountiful-brown-ep07.jpeg,/home/gabbu/Área de trabalho/scripts/otimizacao-imgs-webp/ecommerce-produtos/detail/maquiagem/delineador/delineador-gel-miss-rose-bountiful-brown-ep07_detail.webp,detail,71647,33824,70.0 KB -> 33.0 KB
SUCCESS,/home/gabbu/Downloads/ecommerce-produtos/maquiagem/delineador/delineador-gel-miss-rose-bountiful-brown-ep07.jpeg,/home/gabbu/Área de trabalho/scripts/otimizacao-imgs-webp/ecommerce-produtos/hero/maquiagem/delineador/delineador-gel-miss-rose-bountiful-brown-ep07_hero.webp,hero,71647,47056,70.0 KB -> 46.0 KB
SUCCESS,/home/gabbu/Downloads/ecommerce-produtos/maquiagem/delineador/delineador liquido para olhos mocallure waterproof.jpeg,/home/gabbu/Área de trabalho/scripts/otimizacao-imgs-webp/ecommerce-produtos/thumbnail/maquiagem/delineador/delineador liquido para olhos mocallure waterproof_thumbnail.webp,thumbnail,64656,3916,63.1 KB -> 3.8 KB
SUCCESS,/home/gabbu/Downloads/ecommerce-produtos/maquiagem/delineador/delineador liquido para olhos mocallure waterproof.jpeg,/home/gabbu/Área de trabalho/scripts/otimizacao-imgs-webp/ecommerce-produtos/card/maquiagem/delineador/delineador liquido para olhos mocallure waterproof_card.webp,card,64656,11612,63.1 KB -> 11.3 KB
SUCCESS,/home/gabbu/Downloads/ecommerce-produtos/maquiagem/delineador/delineador liquido para olhos mocallure waterproof.jpeg,/home/gabbu/Área de trabalho/scripts/otimizacao-imgs-webp/ecommerce-produtos/detail/maquiagem/delineador/delineador liquido para olhos mocallure waterproof_detail.webp,detail,64656,30336,63.1 KB -> 29.6 KB
SUCCESS,/home/gabbu/Downloads/ecommerce-produtos/maquiagem/delineador/delineador liquido para olhos mocallure waterproof.jpeg,/home/gabbu/Área de trabalho/scripts/otimizacao-imgs-webp/ecommerce-produtos/hero/maquiagem/delineador/delineador liquido para olhos mocallure waterproof_hero.webp,hero,64656,43132,63.1 KB -> 42.1 KB
SUCCESS,/home/gabbu/Downloads/ecommerce-produtos/maquiagem/delineador/miss rose-black-brown-Jazz - ep 02.jpeg,/home/gabbu/Área de trabalho/scripts/otimizacao-imgs-webp/ecommerce-produtos/thumbnail/maquiagem/delineador/miss rose-black-brown-Jazz - ep 02_thumbnail.webp,thumbnail,69294,4322,67.7 KB -> 4.2 KB
SUCCESS,/home/gabbu/Downloads/ecommerce-produtos/maquiagem/delineador/miss rose-black-brown-Jazz - ep 02.jpeg,/home/gabbu/Área de trabalho/scripts/otimizacao-imgs-webp/ecommerce-produtos/card/maquiagem/delineador/miss rose-black-brown-Jazz - ep 02_card.webp,card,69294,12402,67.7 KB -> 12.1 KB
SUCCESS,/home/gabbu/Downloads/ecommerce-produtos/maquiagem/delineador/miss rose-black-brown-Jazz - ep 02.jpeg,/home/gabbu/Área de trabalho/scripts/otimizacao-imgs-webp/ecommerce-produtos/detail/maquiagem/delineador/miss rose-black-brown-Jazz - ep 02_detail.webp,detail,69294,32634,67.7 KB -> 31.9 KB
SUCCESS,/home/gabbu/Downloads/ecommerce-produtos/maquiagem/delineador/miss rose-black-brown-Jazz - ep 02.jpeg,/home/gabbu/Área de trabalho/scripts/otimizacao-imgs-webp/ecommerce-produtos/hero/maquiagem/delineador/miss rose-black-brown-Jazz - ep 02_hero.webp,hero,69294,46186,67.7 KB -> 45.1 KB
SUCCESS,/home/gabbu/Downloads/ecommerce-produtos/maquiagem/delineador/delineador-miss-rose-fashion-eyebrow-waterproof.jpeg,/home/gabbu/Área de trabalho/scripts/otimizacao-imgs-webp/ecommerce-produtos/thumbnail/maquiagem/delineador/delineador-miss-rose-fashion-eyebrow-waterproof_thumbnail.webp,thumbnail,69109,4066,67.5 KB -> 4.0 KB
SUCCESS,/home/gabbu/Downloads/ecommerce-produtos/maquiagem/delineador/delineador-miss-rose-fashion-eyebrow-waterproof.jpeg,/home/gabbu/Área de trabalho/scripts/otimizacao-imgs-webp/ecommerce-produtos/card/maquiagem/delineador/delineador-miss-rose-fashion-eyebrow-waterproof_card.webp,card,69109,12364,67.5 KB -> 12.1 KB
SUCCESS,/home/gabbu/Downloads/ecommerce-produtos/maquiagem/delineador/delineador-miss-rose-fashion-eyebrow-waterproof.jpeg,/home/gabbu/Área de trabalho/scripts/otimizacao-imgs-webp/ecommerce-produtos/detail/maquiagem/delineador/delineador-miss-rose-fashion-eyebrow-waterproof_detail.webp,detail,69109,33492,67.5 KB -> 32.7 KB
SUCCESS,/home/gabbu/Downloads/ecommerce-produtos/maquiagem/delineador/delineador-miss-rose-fashion-eyebrow-waterproof.jpeg,/home/gabbu/Área de trabalho/scripts/otimizacao-imgs-webp/ecommerce-produtos/hero/maquiagem/delineador/delineador-miss-rose-fashion-eyebrow-waterproof_hero.webp,hero,69109,47020,67.5 KB -> 45.9 KB
SUCCESS,/home/gabbu/Downloads/ecommerce-produtos/maquiagem/delineador/102-Intensivo color linerMissilyn.jpeg,/home/gabbu/Área de trabalho/scripts/otimizacao-imgs-webp/ecommerce-produtos/thumbnail/maquiagem/delineador/102-Intensivo color linerMissilyn_thumbnail.webp,thumbnail,62204,3306,60.7 KB -> 3.2 KB
SUCCESS,/home/gabbu/Downloads/ecommerce-produtos/maquiagem/delineador/102-Intensivo color linerMissilyn.jpeg,/home/gabbu/Área de trabalho/scripts/otimizacao-imgs-webp/ecommerce-produtos/card/maquiagem/delineador/102-Intensivo color linerMissilyn_card.webp,card,62204,10524,60.7 KB -> 10.3 KB
SUCCESS,/home/gabbu/Downloads/ecommerce-produtos/maquiagem/delineador/102-Intensivo color linerMissilyn.jpeg,/home/gabbu/Área de trabalho/scripts/otimizacao-imgs-webp/ecommerce-produtos/detail/maquiagem/delineador/102-Intensivo color linerMissilyn_detail.webp,detail,62204,28506,60.7 KB -> 27.8 KB
SUCCESS,/home/gabbu/Downloads/ecommerce-produtos/maquiagem/delineador/102-Intensivo color linerMissilyn.jpeg,/home/gabbu/Área de trabalho/scripts/otimizacao-imgs-webp/ecommerce-produtos/hero/maquiagem/delineador/102-Intensivo color linerMissilyn_hero.webp,hero,62204,41748,60.7 KB -> 40.8 KB
SUCCESS,/home/gabbu/Downloads/ecommerce-produtos/maquiagem/sobrancelhas/lapis-para-sobrancelhas-misslyn-precision-eyebrow-liner-7-cor-m370-7.jpeg,/home/gabbu/Área de trabalho/scripts/otimizacao-imgs-webp/ecommerce-produtos/thumbnail/maquiagem/sobrancelhas/lapis-para-sobrancelhas-misslyn-precision-eyebrow-liner-7-cor-m370-7_thumbnail.webp,thumbnail,56620,3292,55.3 KB -> 3.2 KB
SUCCESS,/home/gabbu/Downloads/ecommerce-produtos/maquiagem/sobrancelhas/lapis-para-sobrancelhas-misslyn-precision-eyebrow-liner-7-cor-m370-7.jpeg,/home/gabbu/Área de trabalho/scripts/otimizacao-imgs-webp/ecommerce-produtos/card/maquiagem/sobrancelhas/lapis-para-sobrancelhas-misslyn-precision-eyebrow-liner-7-cor-m370-7_card.webp,card,56620,10186,55.3 KB -> 9.9 KB
SUCCESS,/home/gabbu/Downloads/ecommerce-produtos/maquiagem/sobrancelhas/lapis-para-sobrancelhas-misslyn-precision-eyebrow-liner-7-cor-m370-7.jpeg,/home/gabbu/Área de trabalho/scripts/otimizacao-imgs-webp/ecommerce-produtos/detail/maquiagem/sobrancelhas/lapis-para-sobrancelhas-misslyn-precision-eyebrow-liner-7-cor-m370-7_detail.webp,detail,56620,28436,55.3 KB -> 27.8 KB
SUCCESS,/home/gabbu/Downloads/ecommerce-produtos/maquiagem/sobrancelhas/lapis-para-sobrancelhas-misslyn-precision-eyebrow-liner-7-cor-m370-7.jpeg,/home/gabbu/Área de trabalho/scripts/otimizacao-imgs-webp/ecommerce-produtos/hero/maquiagem/sobrancelhas/lapis-para-sobrancelhas-misslyn-precision-eyebrow-liner-7-cor-m370-7_hero.webp,hero,56620,40074,55.3 KB -> 39.1 KB
SUCCESS,/home/gabbu/Downloads/ecommerce-produtos/maquiagem/sobrancelhas/misslyn-eyebrow-liner-5.jpeg,/home/gabbu/Área de trabalho/scripts/otimizacao-imgs-webp/ecommerce-produtos/thumbnail/maquiagem/sobrancelhas/misslyn-eyebrow-liner-5_thumbnail.webp,thumbnail,65638,3828,64.1 KB -> 3.7 KB
SUCCESS,/home/gabbu/Downloads/ecommerce-produtos/maquiagem/sobrancelhas/misslyn-eyebrow-liner-5.jpeg,/home/gabbu/Área de trabalho/scripts/otimizacao-imgs-webp/ecommerce-produtos/card/maquiagem/sobrancelhas/misslyn-eyebrow-liner-5_card.webp,card,65638,11224,64.1 KB -> 11.0 KB
SUCCESS,/home/gabbu/Downloads/ecommerce-produtos/maquiagem/sobrancelhas/misslyn-eyebrow-liner-5.jpeg,/home/gabbu/Área de trabalho/scripts/otimizacao-imgs-webp/ecommerce-produtos/detail/maquiagem/sobrancelhas/misslyn-eyebrow-liner-5_detail.webp,detail,65638,30844,64.1 KB -> 30.1 KB
SUCCESS,/home/gabbu/Downloads/ecommerce-produtos/maquiagem/sobrancelhas/misslyn-eyebrow-liner-5.jpeg,/home/gabbu/Área de trabalho/scripts/otimizacao-imgs-webp/ecommerce-produtos/hero/maquiagem/sobrancelhas/misslyn-eyebrow-liner-5_hero.webp,hero,65638,44208,64.1 KB -> 43.2 KB
SUCCESS,/home/gabbu/Downloads/ecommerce-produtos/maquiagem/sobrancelhas/sobrancelha-MisslynPrecise-Brow-Liner-07.jpeg,/home/gabbu/Área de trabalho/scripts/otimizacao-imgs-webp/ecommerce-produtos/thumbnail/maquiagem/sobrancelhas/sobrancelha-MisslynPrecise-Brow-Liner-07_thumbnail.webp,thumbnail,72548,4296,70.8 KB -> 4.2 KB
SUCCESS,/home/gabbu/Downloads/ecommerce-produtos/maquiagem/sobrancelhas/sobrancelha-MisslynPrecise-Brow-Liner-07.jpeg,/home/gabbu/Área de trabalho/scripts/otimizacao-imgs-webp/ecommerce-produtos/card/maquiagem/sobrancelhas/sobrancelha-MisslynPrecise-Brow-Liner-07_card.webp,card,72548,13366,70.8 KB -> 13.1 KB
SUCCESS,/home/gabbu/Downloads/ecommerce-produtos/maquiagem/sobrancelhas/sobrancelha-MisslynPrecise-Brow-Liner-07.jpeg,/home/gabbu/Área de trabalho/scripts/otimizacao-imgs-webp/ecommerce-produtos/detail/maquiagem/sobrancelhas/sobrancelha-MisslynPrecise-Brow-Liner-07_detail.webp,detail,72548,35916,70.8 KB -> 35.1 KB
SUCCESS,/home/gabbu/Downloads/ecommerce-produtos/maquiagem/sobrancelhas/sobrancelha-MisslynPrecise-Brow-Liner-07.jpeg,/home/gabbu/Área de trabalho/scripts/otimizacao-imgs-webp/ecommerce-produtos/hero/maquiagem/sobrancelhas/sobrancelha-MisslynPrecise-Brow-Liner-07_hero.webp,hero,72548,50666,70.8 KB -> 49.5 KB
SUCCESS,/home/gabbu/Downloads/ecommerce-produtos/maquiagem/cilios/mascara de cilios mocallure dense curl mascara.jpeg,/home/gabbu/Área de trabalho/scripts/otimizacao-imgs-webp/ecommerce-produtos/thumbnail/maquiagem/cilios/mascara de cilios mocallure dense curl mascara_thumbnail.webp,thumbnail,72441,4382,70.7 KB -> 4.3 KB
SUCCESS,/home/gabbu/Downloads/ecommerce-produtos/maquiagem/cilios/mascara de cilios mocallure dense curl mascara.jpeg,/home/gabbu/Área de trabalho/scripts/otimizacao-imgs-webp/ecommerce-produtos/card/maquiagem/cilios/mascara de cilios mocallure dense curl mascara_card.webp,card,72441,13150,70.7 KB -> 12.8 KB
SUCCESS,/home/gabbu/Downloads/ecommerce-produtos/maquiagem/cilios/mascara de cilios mocallure dense curl mascara.jpeg,/home/gabbu/Área de trabalho/scripts/otimizacao-imgs-webp/ecommerce-produtos/detail/maquiagem/cilios/mascara de cilios mocallure dense curl mascara_detail.webp,detail,72441,34516,70.7 KB -> 33.7 KB
SUCCESS,/home/gabbu/Downloads/ecommerce-produtos/maquiagem/cilios/mascara de cilios mocallure dense curl mascara.jpeg,/home/gabbu/Área de trabalho/scripts/otimizacao-imgs-webp/ecommerce-produtos/hero/maquiagem/cilios/mascara de cilios mocallure dense curl mascara_hero.webp,hero,72441,48344,70.7 KB -> 47.2 KB
SUCCESS,/home/gabbu/Downloads/ecommerce-produtos/maquiagem/cilios/mascara cilios - pro.jpeg,/home/gabbu/Área de trabalho/scripts/otimizacao-imgs-webp/ecommerce-produtos/thumbnail/maquiagem/cilios/mascara cilios - pro_thumbnail.webp,thumbnail,68170,3442,66.6 KB -> 3.4 KB
SUCCESS,/home/gabbu/Downloads/ecommerce-produtos/maquiagem/cilios/mascara cilios - pro.jpeg,/home/gabbu/Área de trabalho/scripts/otimizacao-imgs-webp/ecommerce-produtos/card/maquiagem/cilios/mascara cilios - pro_card.webp,card,68170,11078,66.6 KB -> 10.8 KB
SUCCESS,/home/gabbu/Downloads/ecommerce-produtos/maquiagem/cilios/mascara cilios - pro.jpeg,/home/gabbu/Área de trabalho/scripts/otimizacao-imgs-webp/ecommerce-produtos/detail/maquiagem/cilios/mascara cilios - pro_detail.webp,detail,68170,31926,66.6 KB -> 31.2 KB
SUCCESS,/home/gabbu/Downloads/ecommerce-produtos/maquiagem/cilios/mascara cilios - pro.jpeg,/home/gabbu/Área de trabalho/scripts/otimizacao-imgs-webp/ecommerce-produtos/hero/maquiagem/cilios/mascara cilios - pro_hero.webp,hero,68170,47054,66.6 KB -> 46.0 KB
SUCCESS,/home/gabbu/Downloads/ecommerce-produtos/maquiagem/cilios/masca de cilios pro - rimel - miss rose.jpeg,/home/gabbu/Área de trabalho/scripts/otimizacao-imgs-webp/ecommerce-produtos/thumbnail/maquiagem/cilios/masca de cilios pro - rimel - miss rose_thumbnail.webp,thumbnail,51275,2090,50.1 KB -> 2.0 KB
SUCCESS,/home/gabbu/Downloads/ecommerce-produtos/maquiagem/cilios/masca de cilios pro - rimel - miss rose.jpeg,/home/gabbu/Área de trabalho/scripts/otimizacao-imgs-webp/ecommerce-produtos/card/maquiagem/cilios/masca de cilios pro - rimel - miss rose_card.webp,card,51275,6548,50.1 KB -> 6.4 KB
SUCCESS,/home/gabbu/Downloads/ecommerce-produtos/maquiagem/cilios/masca de cilios pro - rimel - miss rose.jpeg,/home/gabbu/Área de trabalho/scripts/otimizacao-imgs-webp/ecommerce-produtos/detail/maquiagem/cilios/masca de cilios pro - rimel - miss rose_detail.webp,detail,51275,20054,50.1 KB -> 19.6 KB
SUCCESS,/home/gabbu/Downloads/ecommerce-produtos/maquiagem/cilios/masca de cilios pro - rimel - miss rose.jpeg,/home/gabbu/Área de trabalho/scripts/otimizacao-imgs-webp/ecommerce-produtos/hero/maquiagem/cilios/masca de cilios pro - rimel - miss rose_hero.webp,hero,51275,31380,50.1 KB -> 30.6 KB
SUCCESS,/home/gabbu/Downloads/ecommerce-produtos/maquiagem/cilios/mascara cilios .jpeg,/home/gabbu/Área de trabalho/scripts/otimizacao-imgs-webp/ecommerce-produtos/thumbnail/maquiagem/cilios/mascara cilios_thumbnail.webp,thumbnail,65583,2822,64.0 KB -> 2.8 KB
SUCCESS,/home/gabbu/Downloads/ecommerce-produtos/maquiagem/cilios/mascara cilios .jpeg,/home/gabbu/Área de trabalho/scripts/otimizacao-imgs-webp/ecommerce-produtos/card/maquiagem/cilios/mascara cilios_card.webp,card,65583,9186,64.0 KB -> 9.0 KB
SUCCESS,/home/gabbu/Downloads/ecommerce-produtos/maquiagem/cilios/mascara cilios .jpeg,/home/gabbu/Área de trabalho/scripts/otimizacao-imgs-webp/ecommerce-produtos/detail/maquiagem/cilios/mascara cilios_detail.webp,detail,65583,29418,64.0 KB -> 28.7 KB
SUCCESS,/home/gabbu/Downloads/ecommerce-produtos/maquiagem/cilios/mascara cilios .jpeg,/home/gabbu/Área de trabalho/scripts/otimizacao-imgs-webp/ecommerce-produtos/hero/maquiagem/cilios/mascara cilios_hero.webp,hero,65583,45606,64.0 KB -> 44.5 KB
SUCCESS,/home/gabbu/Downloads/ecommerce-produtos/maquiagem/cilios/masca de cilios - rimel - miss rose.jpeg,/home/gabbu/Área de trabalho/scripts/otimizacao-imgs-webp/ecommerce-produtos/thumbnail/maquiagem/cilios/masca de cilios - rimel - miss rose_thumbnail.webp,thumbnail,55009,2632,53.7 KB -> 2.6 KB
SUCCESS,/home/gabbu/Downloads/ecommerce-produtos/maquiagem/cilios/masca de cilios - rimel - miss rose.jpeg,/home/gabbu/Área de trabalho/scripts/otimizacao-imgs-webp/ecommerce-produtos/card/maquiagem/cilios/masca de cilios - rimel - miss rose_card.webp,card,55009,7866,53.7 KB -> 7.7 KB
SUCCESS,/home/gabbu/Downloads/ecommerce-produtos/maquiagem/cilios/masca de cilios - rimel - miss rose.jpeg,/home/gabbu/Área de trabalho/scripts/otimizacao-imgs-webp/ecommerce-produtos/detail/maquiagem/cilios/masca de cilios - rimel - miss rose_detail.webp,detail,55009,23318,53.7 KB -> 22.8 KB
SUCCESS,/home/gabbu/Downloads/ecommerce-produtos/maquiagem/cilios/masca de cilios - rimel - miss rose.jpeg,/home/gabbu/Área de trabalho/scripts/otimizacao-imgs-webp/ecommerce-produtos/hero/maquiagem/cilios/masca de cilios - rimel - miss rose_hero.webp,hero,55009,35786,53.7 KB -> 34.9 KB
SUCCESS,/home/gabbu/Downloads/ecommerce-produtos/maquiagem/bases/n7 - base liquida hana imperial foundation - hana by miss rose - 35ml.jpeg,/home/gabbu/Área de trabalho/scripts/otimizacao-imgs-webp/ecommerce-produtos/thumbnail/maquiagem/bases/n7 - base liquida hana imperial foundation - hana by miss rose - 35ml_thumbnail.webp,thumbnail,77062,3936,75.3 KB -> 3.8 KB
SUCCESS,/home/gabbu/Downloads/ecommerce-produtos/maquiagem/bases/n7 - base liquida hana imperial foundation - hana by miss rose - 35ml.jpeg,/home/gabbu/Área de trabalho/scripts/otimizacao-imgs-webp/ecommerce-produtos/card/maquiagem/bases/n7 - base liquida hana imperial foundation - hana by miss rose - 35ml_card.webp,card,77062,12414,75.3 KB -> 12.1 KB
SUCCESS,/home/gabbu/Downloads/ecommerce-produtos/maquiagem/bases/n7 - base liquida hana imperial foundation - hana by miss rose - 35ml.jpeg,/home/gabbu/Área de trabalho/scripts/otimizacao-imgs-webp/ecommerce-produtos/detail/maquiagem/bases/n7 - base liquida hana imperial foundation - hana by miss rose - 35ml_detail.webp,detail,77062,35526,75.3 KB -> 34.7 KB
SUCCESS,/home/gabbu/Downloads/ecommerce-produtos/maquiagem/bases/n7 - base liquida hana imperial foundation - hana by miss rose - 35ml.jpeg,/home/gabbu/Área de trabalho/scripts/otimizacao-imgs-webp/ecommerce-produtos/hero/maquiagem/bases/n7 - base liquida hana imperial foundation - hana by miss rose - 35ml_hero.webp,hero,77062,51942,75.3 KB -> 50.7 KB
SUCCESS,/home/gabbu/Downloads/ecommerce-produtos/maquiagem/bases/n1 - base liquida hana imperial foundation - hana by miss rose - 35ml.jpeg,/home/gabbu/Área de trabalho/scripts/otimizacao-imgs-webp/ecommerce-produtos/thumbnail/maquiagem/bases/n1 - base liquida hana imperial foundation - hana by miss rose - 35ml_thumbnail.webp,thumbnail,77882,3862,76.1 KB -> 3.8 KB
SUCCESS,/home/gabbu/Downloads/ecommerce-produtos/maquiagem/bases/n1 - base liquida hana imperial foundation - hana by miss rose - 35ml.jpeg,/home/gabbu/Área de trabalho/scripts/otimizacao-imgs-webp/ecommerce-produtos/card/maquiagem/bases/n1 - base liquida hana imperial foundation - hana by miss rose - 35ml_card.webp,card,77882,12350,76.1 KB -> 12.1 KB
SUCCESS,/home/gabbu/Downloads/ecommerce-produtos/maquiagem/bases/n1 - base liquida hana imperial foundation - hana by miss rose - 35ml.jpeg,/home/gabbu/Área de trabalho/scripts/otimizacao-imgs-webp/ecommerce-produtos/detail/maquiagem/bases/n1 - base liquida hana imperial foundation - hana by miss rose - 35ml_detail.webp,detail,77882,35924,76.1 KB -> 35.1 KB
SUCCESS,/home/gabbu/Downloads/ecommerce-produtos/maquiagem/bases/n1 - base liquida hana imperial foundation - hana by miss rose - 35ml.jpeg,/home/gabbu/Área de trabalho/scripts/otimizacao-imgs-webp/ecommerce-produtos/hero/maquiagem/bases/n1 - base liquida hana imperial foundation - hana by miss rose - 35ml_hero.webp,hero,77882,53252,76.1 KB -> 52.0 KB
SUCCESS,/home/gabbu/Downloads/ecommerce-produtos/maquiagem/bases/base mate boca rosa beauty.jpeg,/home/gabbu/Área de trabalho/scripts/otimizacao-imgs-webp/ecommerce-produtos/thumbnail/maquiagem/bases/base mate boca rosa beauty_thumbnail.webp,thumbnail,84735,4794,82.7 KB -> 4.7 KB
SUCCESS,/home/gabbu/Downloads/ecommerce-produtos/maquiagem/bases/base mate boca rosa beauty.jpeg,/home/gabbu/Área de trabalho/scripts/otimizacao-imgs-webp/ecommerce-produtos/card/maquiagem/bases/base mate boca rosa beauty_card.webp,card,84735,14352,82.7 KB -> 14.0 KB
SUCCESS,/home/gabbu/Downloads/ecommerce-produtos/maquiagem/bases/base mate boca rosa beauty.jpeg,/home/gabbu/Área de trabalho/scripts/otimizacao-imgs-webp/ecommerce-produtos/detail/maquiagem/bases/base mate boca rosa beauty_detail.webp,detail,84735,39708,82.7 KB -> 38.8 KB
SUCCESS,/home/gabbu/Downloads/ecommerce-produtos/maquiagem/bases/base mate boca rosa beauty.jpeg,/home/gabbu/Área de trabalho/scripts/otimizacao-imgs-webp/ecommerce-produtos/hero/maquiagem/bases/base mate boca rosa beauty_hero.webp,hero,84735,57954,82.7 KB -> 56.6 KB
SUCCESS,/home/gabbu/Downloads/ecommerce-produtos/maquiagem/bases/n4 - base liquida hana imperial foundation - hana by miss rose - 35ml.jpeg,/home/gabbu/Área de trabalho/scripts/otimizacao-imgs-webp/ecommerce-produtos/thumbnail/maquiagem/bases/n4 - base liquida hana imperial foundation - hana by miss rose - 35ml_thumbnail.webp,thumbnail,66489,1770,64.9 KB -> 1.7 KB
SUCCESS,/home/gabbu/Downloads/ecommerce-produtos/maquiagem/bases/n4 - base liquida hana imperial foundation - hana by miss rose - 35ml.jpeg,/home/gabbu/Área de trabalho/scripts/otimizacao-imgs-webp/ecommerce-produtos/card/maquiagem/bases/n4 - base liquida hana imperial foundation - hana by miss rose - 35ml_card.webp,card,66489,5918,64.9 KB -> 5.8 KB
SUCCESS,/home/gabbu/Downloads/ecommerce-produtos/maquiagem/bases/n4 - base liquida hana imperial foundation - hana by miss rose - 35ml.jpeg,/home/gabbu/Área de trabalho/scripts/otimizacao-imgs-webp/ecommerce-produtos/detail/maquiagem/bases/n4 - base liquida hana imperial foundation - hana by miss rose - 35ml_detail.webp,detail,66489,18658,64.9 KB -> 18.2 KB
SUCCESS,/home/gabbu/Downloads/ecommerce-produtos/maquiagem/bases/n4 - base liquida hana imperial foundation - hana by miss rose - 35ml.jpeg,/home/gabbu/Área de trabalho/scripts/otimizacao-imgs-webp/ecommerce-produtos/hero/maquiagem/bases/n4 - base liquida hana imperial foundation - hana by miss rose - 35ml_hero.webp,hero,66489,33012,64.9 KB -> 32.2 KB
SUCCESS,/home/gabbu/Downloads/ecommerce-produtos/maquiagem/bases/base liquida facial fit me 201 lastin skin radiance - vitamina c.jpeg,/home/gabbu/Área de trabalho/scripts/otimizacao-imgs-webp/ecommerce-produtos/thumbnail/maquiagem/bases/base liquida facial fit me 201 lastin skin radiance - vitamina c_thumbnail.webp,thumbnail,75771,5000,74.0 KB -> 4.9 KB
SUCCESS,/home/gabbu/Downloads/ecommerce-produtos/maquiagem/bases/base liquida facial fit me 201 lastin skin radiance - vitamina c.jpeg,/home/gabbu/Área de trabalho/scripts/otimizacao-imgs-webp/ecommerce-produtos/card/maquiagem/bases/base liquida facial fit me 201 lastin skin radiance - vitamina c_card.webp,card,75771,14318,74.0 KB -> 14.0 KB
SUCCESS,/home/gabbu/Downloads/ecommerce-produtos/maquiagem/bases/base liquida facial fit me 201 lastin skin radiance - vitamina c.jpeg,/home/gabbu/Área de trabalho/scripts/otimizacao-imgs-webp/ecommerce-produtos/detail/maquiagem/bases/base liquida facial fit me 201 lastin skin radiance - vitamina c_detail.webp,detail,75771,35916,74.0 KB -> 35.1 KB
SUCCESS,/home/gabbu/Downloads/ecommerce-produtos/maquiagem/bases/base liquida facial fit me 201 lastin skin radiance - vitamina c.jpeg,/home/gabbu/Área de trabalho/scripts/otimizacao-imgs-webp/ecommerce-produtos/hero/maquiagem/bases/base liquida facial fit me 201 lastin skin radiance - vitamina c_hero.webp,hero,75771,50832,74.0 KB -> 49.6 KB
SUCCESS,/home/gabbu/Downloads/ecommerce-produtos/maquiagem/iluminador/miss-rose-under-eye-maker-white-blanc-n03.jpeg,/home/gabbu/Área de trabalho/scripts/otimizacao-imgs-webp/ecommerce-produtos/thumbnail/maquiagem/iluminador/miss-rose-under-eye-maker-white-blanc-n03_thumbnail.webp,thumbnail,62279,4148,60.8 KB -> 4.1 KB
SUCCESS,/home/gabbu/Downloads/ecommerce-produtos/maquiagem/iluminador/miss-rose-under-eye-maker-white-blanc-n03.jpeg,/home/gabbu/Área de trabalho/scripts/otimizacao-imgs-webp/ecommerce-produtos/card/maquiagem/iluminador/miss-rose-under-eye-maker-white-blanc-n03_card.webp,card,62279,11900,60.8 KB -> 11.6 KB
SUCCESS,/home/gabbu/Downloads/ecommerce-produtos/maquiagem/iluminador/miss-rose-under-eye-maker-white-blanc-n03.jpeg,/home/gabbu/Área de trabalho/scripts/otimizacao-imgs-webp/ecommerce-produtos/detail/maquiagem/iluminador/miss-rose-under-eye-maker-white-blanc-n03_detail.webp,detail,62279,30842,60.8 KB -> 30.1 KB
SUCCESS,/home/gabbu/Downloads/ecommerce-produtos/maquiagem/iluminador/miss-rose-under-eye-maker-white-blanc-n03.jpeg,/home/gabbu/Área de trabalho/scripts/otimizacao-imgs-webp/ecommerce-produtos/hero/maquiagem/iluminador/miss-rose-under-eye-maker-white-blanc-n03_hero.webp,hero,62279,43388,60.8 KB -> 42.4 KB
SUCCESS,/home/gabbu/Downloads/ecommerce-produtos/maquiagem/corretivo/imperial concealer cover 03 - corretivo liquido alta cobertura 24h.jpeg,/home/gabbu/Área de trabalho/scripts/otimizacao-imgs-webp/ecommerce-produtos/thumbnail/maquiagem/corretivo/imperial concealer cover 03 - corretivo liquido alta cobertura 24h_thumbnail.webp,thumbnail,68338,3404,66.7 KB -> 3.3 KB
SUCCESS,/home/gabbu/Downloads/ecommerce-produtos/maquiagem/corretivo/imperial concealer cover 03 - corretivo liquido alta cobertura 24h.jpeg,/home/gabbu/Área de trabalho/scripts/otimizacao-imgs-webp/ecommerce-produtos/card/maquiagem/corretivo/imperial concealer cover 03 - corretivo liquido alta cobertura 24h_card.webp,card,68338,10616,66.7 KB -> 10.4 KB
SUCCESS,/home/gabbu/Downloads/ecommerce-produtos/maquiagem/corretivo/imperial concealer cover 03 - corretivo liquido alta cobertura 24h.jpeg,/home/gabbu/Área de trabalho/scripts/otimizacao-imgs-webp/ecommerce-produtos/detail/maquiagem/corretivo/imperial concealer cover 03 - corretivo liquido alta cobertura 24h_detail.webp,detail,68338,30402,66.7 KB -> 29.7 KB
SUCCESS,/home/gabbu/Downloads/ecommerce-produtos/maquiagem/corretivo/imperial concealer cover 03 - corretivo liquido alta cobertura 24h.jpeg,/home/gabbu/Área de trabalho/scripts/otimizacao-imgs-webp/ecommerce-produtos/hero/maquiagem/corretivo/imperial concealer cover 03 - corretivo liquido alta cobertura 24h_hero.webp,hero,68338,44444,66.7 KB -> 43.4 KB
SUCCESS,/home/gabbu/Downloads/ecommerce-produtos/maquiagem/sombras/miss rose pro - 12 - paleta de maquiagem - make-up.jpeg,/home/gabbu/Área de trabalho/scripts/otimizacao-imgs-webp/ecommerce-produtos/thumbnail/maquiagem/sombras/miss rose pro - 12 - paleta de maquiagem - make-up_thumbnail.webp,thumbnail,171580,3034,167.6 KB -> 3.0 KB
SUCCESS,/home/gabbu/Downloads/ecommerce-produtos/maquiagem/sombras/miss rose pro - 12 - paleta de maquiagem - make-up.jpeg,/home/gabbu/Área de trabalho/scripts/otimizacao-imgs-webp/ecommerce-produtos/card/maquiagem/sombras/miss rose pro - 12 - paleta de maquiagem - make-up_card.webp,card,171580,14790,167.6 KB -> 14.4 KB
SUCCESS,/home/gabbu/Downloads/ecommerce-produtos/maquiagem/sombras/miss rose pro - 12 - paleta de maquiagem - make-up.jpeg,/home/gabbu/Área de trabalho/scripts/otimizacao-imgs-webp/ecommerce-produtos/detail/maquiagem/sombras/miss rose pro - 12 - paleta de maquiagem - make-up_detail.webp,detail,171580,62656,167.6 KB -> 61.2 KB
SUCCESS,/home/gabbu/Downloads/ecommerce-produtos/maquiagem/sombras/miss rose pro - 12 - paleta de maquiagem - make-up.jpeg,/home/gabbu/Área de trabalho/scripts/otimizacao-imgs-webp/ecommerce-produtos/hero/maquiagem/sombras/miss rose pro - 12 - paleta de maquiagem - make-up_hero.webp,hero,171580,117606,167.6 KB -> 114.8 KB
SUCCESS,/home/gabbu/Downloads/ecommerce-produtos/maquiagem/sombras/miss rose pro - 4 - paleta de maquiagem - make-up.jpeg,/home/gabbu/Área de trabalho/scripts/otimizacao-imgs-webp/ecommerce-produtos/thumbnail/maquiagem/sombras/miss rose pro - 4 - paleta de maquiagem - make-up_thumbnail.webp,thumbnail,97211,4694,94.9 KB -> 4.6 KB
SUCCESS,/home/gabbu/Downloads/ecommerce-produtos/maquiagem/sombras/miss rose pro - 4 - paleta de maquiagem - make-up.jpeg,/home/gabbu/Área de trabalho/scripts/otimizacao-imgs-webp/ecommerce-produtos/card/maquiagem/sombras/miss rose pro - 4 - paleta de maquiagem - make-up_card.webp,card,97211,17096,94.9 KB -> 16.7 KB
SUCCESS,/home/gabbu/Downloads/ecommerce-produtos/maquiagem/sombras/miss rose pro - 4 - paleta de maquiagem - make-up.jpeg,/home/gabbu/Área de trabalho/scripts/otimizacao-imgs-webp/ecommerce-produtos/detail/maquiagem/sombras/miss rose pro - 4 - paleta de maquiagem - make-up_detail.webp,detail,97211,55156,94.9 KB -> 53.9 KB
SUCCESS,/home/gabbu/Downloads/ecommerce-produtos/maquiagem/sombras/miss rose pro - 4 - paleta de maquiagem - make-up.jpeg,/home/gabbu/Área de trabalho/scripts/otimizacao-imgs-webp/ecommerce-produtos/hero/maquiagem/sombras/miss rose pro - 4 - paleta de maquiagem - make-up_hero.webp,hero,97211,79858,94.9 KB -> 78.0 KB
SUCCESS,/home/gabbu/Downloads/ecommerce-produtos/maquiagem/rosto/primer facial imperial pore e lift control - hana by miss rose- 20ml.jpeg,/home/gabbu/Área de trabalho/scripts/otimizacao-imgs-webp/ecommerce-produtos/thumbnail/maquiagem/rosto/primer facial imperial pore e lift control - hana by miss rose- 20ml_thumbnail.webp,thumbnail,64092,3476,62.6 KB -> 3.4 KB
SUCCESS,/home/gabbu/Downloads/ecommerce-produtos/maquiagem/rosto/primer facial imperial pore e lift control - hana by miss rose- 20ml.jpeg,/home/gabbu/Área de trabalho/scripts/otimizacao-imgs-webp/ecommerce-produtos/card/maquiagem/rosto/primer facial imperial pore e lift control - hana by miss rose- 20ml_card.webp,card,64092,11610,62.6 KB -> 11.3 KB
SUCCESS,/home/gabbu/Downloads/ecommerce-produtos/maquiagem/rosto/primer facial imperial pore e lift control - hana by miss rose- 20ml.jpeg,/home/gabbu/Área de trabalho/scripts/otimizacao-imgs-webp/ecommerce-produtos/detail/maquiagem/rosto/primer facial imperial pore e lift control - hana by miss rose- 20ml_detail.webp,detail,64092,33850,62.6 KB -> 33.1 KB
SUCCESS,/home/gabbu/Downloads/ecommerce-produtos/maquiagem/rosto/primer facial imperial pore e lift control - hana by miss rose- 20ml.jpeg,/home/gabbu/Área de trabalho/scripts/otimizacao-imgs-webp/ecommerce-produtos/hero/maquiagem/rosto/primer facial imperial pore e lift control - hana by miss rose- 20ml_hero.webp,hero,64092,48660,62.6 KB -> 47.5 KB
SUCCESS,/home/gabbu/Downloads/ecommerce-produtos/maquiagem/rosto/fixador de maquiagem miss rose fix stay over - 80ml.jpeg,/home/gabbu/Área de trabalho/scripts/otimizacao-imgs-webp/ecommerce-produtos/thumbnail/maquiagem/rosto/fixador de maquiagem miss rose fix stay over - 80ml_thumbnail.webp,thumbnail,57447,3490,56.1 KB -> 3.4 KB
SUCCESS,/home/gabbu/Downloads/ecommerce-produtos/maquiagem/rosto/fixador de maquiagem miss rose fix stay over - 80ml.jpeg,/home/gabbu/Área de trabalho/scripts/otimizacao-imgs-webp/ecommerce-produtos/card/maquiagem/rosto/fixador de maquiagem miss rose fix stay over - 80ml_card.webp,card,57447,10486,56.1 KB -> 10.2 KB
SUCCESS,/home/gabbu/Downloads/ecommerce-produtos/maquiagem/rosto/fixador de maquiagem miss rose fix stay over - 80ml.jpeg,/home/gabbu/Área de trabalho/scripts/otimizacao-imgs-webp/ecommerce-produtos/detail/maquiagem/rosto/fixador de maquiagem miss rose fix stay over - 80ml_detail.webp,detail,57447,27192,56.1 KB -> 26.6 KB
SUCCESS,/home/gabbu/Downloads/ecommerce-produtos/maquiagem/rosto/fixador de maquiagem miss rose fix stay over - 80ml.jpeg,/home/gabbu/Área de trabalho/scripts/otimizacao-imgs-webp/ecommerce-produtos/hero/maquiagem/rosto/fixador de maquiagem miss rose fix stay over - 80ml_hero.webp,hero,57447,37848,56.1 KB -> 37.0 KB
SUCCESS,/home/gabbu/Downloads/ecommerce-produtos/maquiagem/labial/batom/cor02 - queen - batom imperial lipglow hana.jpeg,/home/gabbu/Área de trabalho/scripts/otimizacao-imgs-webp/ecommerce-produtos/thumbnail/maquiagem/labial/batom/cor02 - queen - batom imperial lipglow hana_thumbnail.webp,thumbnail,77437,4198,75.6 KB -> 4.1 KB
SUCCESS,/home/gabbu/Downloads/ecommerce-produtos/maquiagem/labial/batom/cor02 - queen - batom imperial lipglow hana.jpeg,/home/gabbu/Área de trabalho/scripts/otimizacao-imgs-webp/ecommerce-produtos/card/maquiagem/labial/batom/cor02 - queen - batom imperial lipglow hana_card.webp,card,77437,13400,75.6 KB -> 13.1 KB
SUCCESS,/home/gabbu/Downloads/ecommerce-produtos/maquiagem/labial/batom/cor02 - queen - batom imperial lipglow hana.jpeg,/home/gabbu/Área de trabalho/scripts/otimizacao-imgs-webp/ecommerce-produtos/detail/maquiagem/labial/batom/cor02 - queen - batom imperial lipglow hana_detail.webp,detail,77437,37008,75.6 KB -> 36.1 KB
SUCCESS,/home/gabbu/Downloads/ecommerce-produtos/maquiagem/labial/batom/cor02 - queen - batom imperial lipglow hana.jpeg,/home/gabbu/Área de trabalho/scripts/otimizacao-imgs-webp/ecommerce-produtos/hero/maquiagem/labial/batom/cor02 - queen - batom imperial lipglow hana_hero.webp,hero,77437,53622,75.6 KB -> 52.4 KB
SUCCESS,/home/gabbu/Downloads/ecommerce-produtos/maquiagem/labial/batom/n48 - batom cremoso - miss rose pro.jpeg,/home/gabbu/Área de trabalho/scripts/otimizacao-imgs-webp/ecommerce-produtos/thumbnail/maquiagem/labial/batom/n48 - batom cremoso - miss rose pro_thumbnail.webp,thumbnail,69169,3986,67.5 KB -> 3.9 KB
SUCCESS,/home/gabbu/Downloads/ecommerce-produtos/maquiagem/labial/batom/n48 - batom cremoso - miss rose pro.jpeg,/home/gabbu/Área de trabalho/scripts/otimizacao-imgs-webp/ecommerce-produtos/card/maquiagem/labial/batom/n48 - batom cremoso - miss rose pro_card.webp,card,69169,12072,67.5 KB -> 11.8 KB
SUCCESS,/home/gabbu/Downloads/ecommerce-produtos/maquiagem/labial/batom/n48 - batom cremoso - miss rose pro.jpeg,/home/gabbu/Área de trabalho/scripts/otimizacao-imgs-webp/ecommerce-produtos/detail/maquiagem/labial/batom/n48 - batom cremoso - miss rose pro_detail.webp,detail,69169,33164,67.5 KB -> 32.4 KB
SUCCESS,/home/gabbu/Downloads/ecommerce-produtos/maquiagem/labial/batom/n48 - batom cremoso - miss rose pro.jpeg,/home/gabbu/Área de trabalho/scripts/otimizacao-imgs-webp/ecommerce-produtos/hero/maquiagem/labial/batom/n48 - batom cremoso - miss rose pro_hero.webp,hero,69169,48208,67.5 KB -> 47.1 KB
SUCCESS,/home/gabbu/Downloads/ecommerce-produtos/maquiagem/labial/batom/n33 - batom cremoso - miss rose pro.jpeg,/home/gabbu/Área de trabalho/scripts/otimizacao-imgs-webp/ecommerce-produtos/thumbnail/maquiagem/labial/batom/n33 - batom cremoso - miss rose pro_thumbnail.webp,thumbnail,70771,3888,69.1 KB -> 3.8 KB
SUCCESS,/home/gabbu/Downloads/ecommerce-produtos/maquiagem/labial/batom/n33 - batom cremoso - miss rose pro.jpeg,/home/gabbu/Área de trabalho/scripts/otimizacao-imgs-webp/ecommerce-produtos/card/maquiagem/labial/batom/n33 - batom cremoso - miss rose pro_card.webp,card,70771,11954,69.1 KB -> 11.7 KB
SUCCESS,/home/gabbu/Downloads/ecommerce-produtos/maquiagem/labial/batom/n33 - batom cremoso - miss rose pro.jpeg,/home/gabbu/Área de trabalho/scripts/otimizacao-imgs-webp/ecommerce-produtos/detail/maquiagem/labial/batom/n33 - batom cremoso - miss rose pro_detail.webp,detail,70771,33544,69.1 KB -> 32.8 KB
SUCCESS,/home/gabbu/Downloads/ecommerce-produtos/maquiagem/labial/batom/n33 - batom cremoso - miss rose pro.jpeg,/home/gabbu/Área de trabalho/scripts/otimizacao-imgs-webp/ecommerce-produtos/hero/maquiagem/labial/batom/n33 - batom cremoso - miss rose pro_hero.webp,hero,70771,48408,69.1 KB -> 47.3 KB
SUCCESS,/home/gabbu/Downloads/ecommerce-produtos/maquiagem/labial/batom/n62 - 2 - batom cremoso - miss rose pro.jpeg,/home/gabbu/Área de trabalho/scripts/otimizacao-imgs-webp/ecommerce-produtos/thumbnail/maquiagem/labial/batom/n62 - 2 - batom cremoso - miss rose pro_thumbnail.webp,thumbnail,68956,4158,67.3 KB -> 4.1 KB
SUCCESS,/home/gabbu/Downloads/ecommerce-produtos/maquiagem/labial/batom/n62 - 2 - batom cremoso - miss rose pro.jpeg,/home/gabbu/Área de trabalho/scripts/otimizacao-imgs-webp/ecommerce-produtos/card/maquiagem/labial/batom/n62 - 2 - batom cremoso - miss rose pro_card.webp,card,68956,12062,67.3 KB -> 11.8 KB
SUCCESS,/home/gabbu/Downloads/ecommerce-produtos/maquiagem/labial/batom/n62 - 2 - batom cremoso - miss rose pro.jpeg,/home/gabbu/Área de trabalho/scripts/otimizacao-imgs-webp/ecommerce-produtos/detail/maquiagem/labial/batom/n62 - 2 - batom cremoso - miss rose pro_detail.webp,detail,68956,32390,67.3 KB -> 31.6 KB
SUCCESS,/home/gabbu/Downloads/ecommerce-produtos/maquiagem/labial/batom/n62 - 2 - batom cremoso - miss rose pro.jpeg,/home/gabbu/Área de trabalho/scripts/otimizacao-imgs-webp/ecommerce-produtos/hero/maquiagem/labial/batom/n62 - 2 - batom cremoso - miss rose pro_hero.webp,hero,68956,46818,67.3 KB -> 45.7 KB
SUCCESS,/home/gabbu/Downloads/ecommerce-produtos/maquiagem/labial/batom/n303 - batom cremoso - miss rose pro.jpeg,/home/gabbu/Área de trabalho/scripts/otimizacao-imgs-webp/ecommerce-produtos/thumbnail/maquiagem/labial/batom/n303 - batom cremoso - miss rose pro_thumbnail.webp,thumbnail,48541,2864,47.4 KB -> 2.8 KB
SUCCESS,/home/gabbu/Downloads/ecommerce-produtos/maquiagem/labial/batom/n303 - batom cremoso - miss rose pro.jpeg,/home/gabbu/Área de trabalho/scripts/otimizacao-imgs-webp/ecommerce-produtos/card/maquiagem/labial/batom/n303 - batom cremoso - miss rose pro_card.webp,card,48541,8288,47.4 KB -> 8.1 KB
SUCCESS,/home/gabbu/Downloads/ecommerce-produtos/maquiagem/labial/batom/n303 - batom cremoso - miss rose pro.jpeg,/home/gabbu/Área de trabalho/scripts/otimizacao-imgs-webp/ecommerce-produtos/detail/maquiagem/labial/batom/n303 - batom cremoso - miss rose pro_detail.webp,detail,48541,23108,47.4 KB -> 22.6 KB
SUCCESS,/home/gabbu/Downloads/ecommerce-produtos/maquiagem/labial/batom/n303 - batom cremoso - miss rose pro.jpeg,/home/gabbu/Área de trabalho/scripts/otimizacao-imgs-webp/ecommerce-produtos/hero/maquiagem/labial/batom/n303 - batom cremoso - miss rose pro_hero.webp,hero,48541,33142,47.4 KB -> 32.4 KB
SUCCESS,/home/gabbu/Downloads/ecommerce-produtos/maquiagem/labial/batom/cor03 - batom imperial lipglow hana.jpeg,/home/gabbu/Área de trabalho/scripts/otimizacao-imgs-webp/ecommerce-produtos/thumbnail/maquiagem/labial/batom/cor03 - batom imperial lipglow hana_thumbnail.webp,thumbnail,76755,4216,75.0 KB -> 4.1 KB
SUCCESS,/home/gabbu/Downloads/ecommerce-produtos/maquiagem/labial/batom/cor03 - batom imperial lipglow hana.jpeg,/home/gabbu/Área de trabalho/scripts/otimizacao-imgs-webp/ecommerce-produtos/card/maquiagem/labial/batom/cor03 - batom imperial lipglow hana_card.webp,card,76755,13278,75.0 KB -> 13.0 KB
SUCCESS,/home/gabbu/Downloads/ecommerce-produtos/maquiagem/labial/batom/cor03 - batom imperial lipglow hana.jpeg,/home/gabbu/Área de trabalho/scripts/otimizacao-imgs-webp/ecommerce-produtos/detail/maquiagem/labial/batom/cor03 - batom imperial lipglow hana_detail.webp,detail,76755,37872,75.0 KB -> 37.0 KB
SUCCESS,/home/gabbu/Downloads/ecommerce-produtos/maquiagem/labial/batom/cor03 - batom imperial lipglow hana.jpeg,/home/gabbu/Área de trabalho/scripts/otimizacao-imgs-webp/ecommerce-produtos/hero/maquiagem/labial/batom/cor03 - batom imperial lipglow hana_hero.webp,hero,76755,54318,75.0 KB -> 53.0 KB
SUCCESS,/home/gabbu/Downloads/ecommerce-produtos/maquiagem/labial/batom/cor 01 - rouge - batom imperial lipglow hana.jpeg,/home/gabbu/Área de trabalho/scripts/otimizacao-imgs-webp/ecommerce-produtos/thumbnail/maquiagem/labial/batom/cor 01 - rouge - batom imperial lipglow hana_thumbnail.webp,thumbnail,82077,4414,80.2 KB -> 4.3 KB
SUCCESS,/home/gabbu/Downloads/ecommerce-produtos/maquiagem/labial/batom/cor 01 - rouge - batom imperial lipglow hana.jpeg,/home/gabbu/Área de trabalho/scripts/otimizacao-imgs-webp/ecommerce-produtos/card/maquiagem/labial/batom/cor 01 - rouge - batom imperial lipglow hana_card.webp,card,82077,14080,80.2 KB -> 13.8 KB
SUCCESS,/home/gabbu/Downloads/ecommerce-produtos/maquiagem/labial/batom/cor 01 - rouge - batom imperial lipglow hana.jpeg,/home/gabbu/Área de trabalho/scripts/otimizacao-imgs-webp/ecommerce-produtos/detail/maquiagem/labial/batom/cor 01 - rouge - batom imperial lipglow hana_detail.webp,detail,82077,39666,80.2 KB -> 38.7 KB
SUCCESS,/home/gabbu/Downloads/ecommerce-produtos/maquiagem/labial/batom/cor 01 - rouge - batom imperial lipglow hana.jpeg,/home/gabbu/Área de trabalho/scripts/otimizacao-imgs-webp/ecommerce-produtos/hero/maquiagem/labial/batom/cor 01 - rouge - batom imperial lipglow hana_hero.webp,hero,82077,57294,80.2 KB -> 56.0 KB
SUCCESS,/home/gabbu/Downloads/ecommerce-produtos/maquiagem/labial/batom/n59 - batom cremoso - miss rose pro.jpeg,/home/gabbu/Área de trabalho/scripts/otimizacao-imgs-webp/ecommerce-produtos/thumbnail/maquiagem/labial/batom/n59 - batom cremoso - miss rose pro_thumbnail.webp,thumbnail,70856,3938,69.2 KB -> 3.8 KB
SUCCESS,/home/gabbu/Downloads/ecommerce-produtos/maquiagem/labial/batom/n59 - batom cremoso - miss rose pro.jpeg,/home/gabbu/Área de trabalho/scripts/otimizacao-imgs-webp/ecommerce-produtos/card/maquiagem/labial/batom/n59 - batom cremoso - miss rose pro_card.webp,card,70856,12034,69.2 KB -> 11.8 KB
SUCCESS,/home/gabbu/Downloads/ecommerce-produtos/maquiagem/labial/batom/n59 - batom cremoso - miss rose pro.jpeg,/home/gabbu/Área de trabalho/scripts/otimizacao-imgs-webp/ecommerce-produtos/detail/maquiagem/labial/batom/n59 - batom cremoso - miss rose pro_detail.webp,detail,70856,33746,69.2 KB -> 33.0 KB
SUCCESS,/home/gabbu/Downloads/ecommerce-produtos/maquiagem/labial/batom/n59 - batom cremoso - miss rose pro.jpeg,/home/gabbu/Área de trabalho/scripts/otimizacao-imgs-webp/ecommerce-produtos/hero/maquiagem/labial/batom/n59 - batom cremoso - miss rose pro_hero.webp,hero,70856,49534,69.2 KB -> 48.4 KB
SUCCESS,/home/gabbu/Downloads/ecommerce-produtos/maquiagem/labial/batom/cor04 - kingdom - batom imperial lipglow hana.jpeg,/home/gabbu/Área de trabalho/scripts/otimizacao-imgs-webp/ecommerce-produtos/thumbnail/maquiagem/labial/batom/cor04 - kingdom - batom imperial lipglow hana_thumbnail.webp,thumbnail,83103,4718,81.2 KB -> 4.6 KB
SUCCESS,/home/gabbu/Downloads/ecommerce-produtos/maquiagem/labial/batom/cor04 - kingdom - batom imperial lipglow hana.jpeg,/home/gabbu/Área de trabalho/scripts/otimizacao-imgs-webp/ecommerce-produtos/card/maquiagem/labial/batom/cor04 - kingdom - batom imperial lipglow hana_card.webp,card,83103,14722,81.2 KB -> 14.4 KB
SUCCESS,/home/gabbu/Downloads/ecommerce-produtos/maquiagem/labial/batom/cor04 - kingdom - batom imperial lipglow hana.jpeg,/home/gabbu/Área de trabalho/scripts/otimizacao-imgs-webp/ecommerce-produtos/detail/maquiagem/labial/batom/cor04 - kingdom - batom imperial lipglow hana_detail.webp,detail,83103,39970,81.2 KB -> 39.0 KB
SUCCESS,/home/gabbu/Downloads/ecommerce-produtos/maquiagem/labial/batom/cor04 - kingdom - batom imperial lipglow hana.jpeg,/home/gabbu/Área de trabalho/scripts/otimizacao-imgs-webp/ecommerce-produtos/hero/maquiagem/labial/batom/cor04 - kingdom - batom imperial lipglow hana_hero.webp,hero,83103,58404,81.2 KB -> 57.0 KB
SUCCESS,/home/gabbu/Downloads/ecommerce-produtos/maquiagem/labial/batom/n46 - batom cremoso - miss rose pro.jpeg,/home/gabbu/Área de trabalho/scripts/otimizacao-imgs-webp/ecommerce-produtos/thumbnail/maquiagem/labial/batom/n46 - batom cremoso - miss rose pro_thumbnail.webp,thumbnail,68115,3918,66.5 KB -> 3.8 KB
SUCCESS,/home/gabbu/Downloads/ecommerce-produtos/maquiagem/labial/batom/n46 - batom cremoso - miss rose pro.jpeg,/home/gabbu/Área de trabalho/scripts/otimizacao-imgs-webp/ecommerce-produtos/card/maquiagem/labial/batom/n46 - batom cremoso - miss rose pro_card.webp,card,68115,11694,66.5 KB -> 11.4 KB
SUCCESS,/home/gabbu/Downloads/ecommerce-produtos/maquiagem/labial/batom/n46 - batom cremoso - miss rose pro.jpeg,/home/gabbu/Área de trabalho/scripts/otimizacao-imgs-webp/ecommerce-produtos/detail/maquiagem/labial/batom/n46 - batom cremoso - miss rose pro_detail.webp,detail,68115,32248,66.5 KB -> 31.5 KB
SUCCESS,/home/gabbu/Downloads/ecommerce-produtos/maquiagem/labial/batom/n46 - batom cremoso - miss rose pro.jpeg,/home/gabbu/Área de trabalho/scripts/otimizacao-imgs-webp/ecommerce-produtos/hero/maquiagem/labial/batom/n46 - batom cremoso - miss rose pro_hero.webp,hero,68115,45718,66.5 KB -> 44.6 KB
SUCCESS,/home/gabbu/Downloads/ecommerce-produtos/maquiagem/labial/batom/n62 - batom cremoso - miss rose pro.jpeg,/home/gabbu/Área de trabalho/scripts/otimizacao-imgs-webp/ecommerce-produtos/thumbnail/maquiagem/labial/batom/n62 - batom cremoso - miss rose pro_thumbnail.webp,thumbnail,68763,3842,67.2 KB -> 3.8 KB
SUCCESS,/home/gabbu/Downloads/ecommerce-produtos/maquiagem/labial/batom/n62 - batom cremoso - miss rose pro.jpeg,/home/gabbu/Área de trabalho/scripts/otimizacao-imgs-webp/ecommerce-produtos/card/maquiagem/labial/batom/n62 - batom cremoso - miss rose pro_card.webp,card,68763,11682,67.2 KB -> 11.4 KB
SUCCESS,/home/gabbu/Downloads/ecommerce-produtos/maquiagem/labial/batom/n62 - batom cremoso - miss rose pro.jpeg,/home/gabbu/Área de trabalho/scripts/otimizacao-imgs-webp/ecommerce-produtos/detail/maquiagem/labial/batom/n62 - batom cremoso - miss rose pro_detail.webp,detail,68763,33210,67.2 KB -> 32.4 KB
SUCCESS,/home/gabbu/Downloads/ecommerce-produtos/maquiagem/labial/batom/n62 - batom cremoso - miss rose pro.jpeg,/home/gabbu/Área de trabalho/scripts/otimizacao-imgs-webp/ecommerce-produtos/hero/maquiagem/labial/batom/n62 - batom cremoso - miss rose pro_hero.webp,hero,68763,47748,67.2 KB -> 46.6 KB
SUCCESS,/home/gabbu/Downloads/ecommerce-produtos/maquiagem/labial/gloss/02 - Matte - eccseee.jpeg,/home/gabbu/Área de trabalho/scripts/otimizacao-imgs-webp/ecommerce-produtos/thumbnail/maquiagem/labial/gloss/02 - Matte - eccseee_thumbnail.webp,thumbnail,80738,4388,78.8 KB -> 4.3 KB
SUCCESS,/home/gabbu/Downloads/ecommerce-produtos/maquiagem/labial/gloss/02 - Matte - eccseee.jpeg,/home/gabbu/Área de trabalho/scripts/otimizacao-imgs-webp/ecommerce-produtos/card/maquiagem/labial/gloss/02 - Matte - eccseee_card.webp,card,80738,14056,78.8 KB -> 13.7 KB
SUCCESS,/home/gabbu/Downloads/ecommerce-produtos/maquiagem/labial/gloss/02 - Matte - eccseee.jpeg,/home/gabbu/Área de trabalho/scripts/otimizacao-imgs-webp/ecommerce-produtos/detail/maquiagem/labial/gloss/02 - Matte - eccseee_detail.webp,detail,80738,39544,78.8 KB -> 38.6 KB
SUCCESS,/home/gabbu/Downloads/ecommerce-produtos/maquiagem/labial/gloss/02 - Matte - eccseee.jpeg,/home/gabbu/Área de trabalho/scripts/otimizacao-imgs-webp/ecommerce-produtos/hero/maquiagem/labial/gloss/02 - Matte - eccseee_hero.webp,hero,80738,58094,78.8 KB -> 56.7 KB
SUCCESS,/home/gabbu/Downloads/ecommerce-produtos/maquiagem/labial/gloss/03 - Matte - eccseee.jpeg,/home/gabbu/Área de trabalho/scripts/otimizacao-imgs-webp/ecommerce-produtos/thumbnail/maquiagem/labial/gloss/03 - Matte - eccseee_thumbnail.webp,thumbnail,80382,4804,78.5 KB -> 4.7 KB
SUCCESS,/home/gabbu/Downloads/ecommerce-produtos/maquiagem/labial/gloss/03 - Matte - eccseee.jpeg,/home/gabbu/Área de trabalho/scripts/otimizacao-imgs-webp/ecommerce-produtos/card/maquiagem/labial/gloss/03 - Matte - eccseee_card.webp,card,80382,14830,78.5 KB -> 14.5 KB
SUCCESS,/home/gabbu/Downloads/ecommerce-produtos/maquiagem/labial/gloss/03 - Matte - eccseee.jpeg,/home/gabbu/Área de trabalho/scripts/otimizacao-imgs-webp/ecommerce-produtos/detail/maquiagem/labial/gloss/03 - Matte - eccseee_detail.webp,detail,80382,39676,78.5 KB -> 38.7 KB
SUCCESS,/home/gabbu/Downloads/ecommerce-produtos/maquiagem/labial/gloss/03 - Matte - eccseee.jpeg,/home/gabbu/Área de trabalho/scripts/otimizacao-imgs-webp/ecommerce-produtos/hero/maquiagem/labial/gloss/03 - Matte - eccseee_hero.webp,hero,80382,56858,78.5 KB -> 55.5 KB
SUCCESS,/home/gabbu/Downloads/ecommerce-produtos/maquiagem/labial/gloss/Mocallure - lipgloss - infantil - 03.jpeg,/home/gabbu/Área de trabalho/scripts/otimizacao-imgs-webp/ecommerce-produtos/thumbnail/maquiagem/labial/gloss/Mocallure - lipgloss - infantil - 03_thumbnail.webp,thumbnail,72231,3998,70.5 KB -> 3.9 KB
SUCCESS,/home/gabbu/Downloads/ecommerce-produtos/maquiagem/labial/gloss/Mocallure - lipgloss - infantil - 03.jpeg,/home/gabbu/Área de trabalho/scripts/otimizacao-imgs-webp/ecommerce-produtos/card/maquiagem/labial/gloss/Mocallure - lipgloss - infantil - 03_card.webp,card,72231,12946,70.5 KB -> 12.6 KB
SUCCESS,/home/gabbu/Downloads/ecommerce-produtos/maquiagem/labial/gloss/Mocallure - lipgloss - infantil - 03.jpeg,/home/gabbu/Área de trabalho/scripts/otimizacao-imgs-webp/ecommerce-produtos/detail/maquiagem/labial/gloss/Mocallure - lipgloss - infantil - 03_detail.webp,detail,72231,34272,70.5 KB -> 33.5 KB
SUCCESS,/home/gabbu/Downloads/ecommerce-produtos/maquiagem/labial/gloss/Mocallure - lipgloss - infantil - 03.jpeg,/home/gabbu/Área de trabalho/scripts/otimizacao-imgs-webp/ecommerce-produtos/hero/maquiagem/labial/gloss/Mocallure - lipgloss - infantil - 03_hero.webp,hero,72231,49776,70.5 KB -> 48.6 KB
SUCCESS,/home/gabbu/Downloads/ecommerce-produtos/maquiagem/labial/gloss/06 - Matte - eccseee.jpeg,/home/gabbu/Área de trabalho/scripts/otimizacao-imgs-webp/ecommerce-produtos/thumbnail/maquiagem/labial/gloss/06 - Matte - eccseee_thumbnail.webp,thumbnail,92881,4950,90.7 KB -> 4.8 KB
SUCCESS,/home/gabbu/Downloads/ecommerce-produtos/maquiagem/labial/gloss/06 - Matte - eccseee.jpeg,/home/gabbu/Área de trabalho/scripts/otimizacao-imgs-webp/ecommerce-produtos/card/maquiagem/labial/gloss/06 - Matte - eccseee_card.webp,card,92881,16744,90.7 KB -> 16.4 KB
SUCCESS,/home/gabbu/Downloads/ecommerce-produtos/maquiagem/labial/gloss/06 - Matte - eccseee.jpeg,/home/gabbu/Área de trabalho/scripts/otimizacao-imgs-webp/ecommerce-produtos/detail/maquiagem/labial/gloss/06 - Matte - eccseee_detail.webp,detail,92881,48672,90.7 KB -> 47.5 KB
SUCCESS,/home/gabbu/Downloads/ecommerce-produtos/maquiagem/labial/gloss/06 - Matte - eccseee.jpeg,/home/gabbu/Área de trabalho/scripts/otimizacao-imgs-webp/ecommerce-produtos/hero/maquiagem/labial/gloss/06 - Matte - eccseee_hero.webp,hero,92881,69690,90.7 KB -> 68.1 KB
SUCCESS,/home/gabbu/Downloads/ecommerce-produtos/maquiagem/labial/gloss/n3 - lip gloss love rain.jpeg,/home/gabbu/Área de trabalho/scripts/otimizacao-imgs-webp/ecommerce-produtos/thumbnail/maquiagem/labial/gloss/n3 - lip gloss love rain_thumbnail.webp,thumbnail,54829,2844,53.5 KB -> 2.8 KB
SUCCESS,/home/gabbu/Downloads/ecommerce-produtos/maquiagem/labial/gloss/n3 - lip gloss love rain.jpeg,/home/gabbu/Área de trabalho/scripts/otimizacao-imgs-webp/ecommerce-produtos/card/maquiagem/labial/gloss/n3 - lip gloss love rain_card.webp,card,54829,8966,53.5 KB -> 8.8 KB
SUCCESS,/home/gabbu/Downloads/ecommerce-produtos/maquiagem/labial/gloss/n3 - lip gloss love rain.jpeg,/home/gabbu/Área de trabalho/scripts/otimizacao-imgs-webp/ecommerce-produtos/detail/maquiagem/labial/gloss/n3 - lip gloss love rain_detail.webp,detail,54829,26106,53.5 KB -> 25.5 KB
SUCCESS,/home/gabbu/Downloads/ecommerce-produtos/maquiagem/labial/gloss/n3 - lip gloss love rain.jpeg,/home/gabbu/Área de trabalho/scripts/otimizacao-imgs-webp/ecommerce-produtos/hero/maquiagem/labial/gloss/n3 - lip gloss love rain_hero.webp,hero,54829,40668,53.5 KB -> 39.7 KB
SUCCESS,/home/gabbu/Downloads/ecommerce-produtos/maquiagem/labial/gloss/004 queen - imperial golden lips plumper.jpeg,/home/gabbu/Área de trabalho/scripts/otimizacao-imgs-webp/ecommerce-produtos/thumbnail/maquiagem/labial/gloss/004 queen - imperial golden lips plumper_thumbnail.webp,thumbnail,75854,3234,74.1 KB -> 3.2 KB
SUCCESS,/home/gabbu/Downloads/ecommerce-produtos/maquiagem/labial/gloss/004 queen - imperial golden lips plumper.jpeg,/home/gabbu/Área de trabalho/scripts/otimizacao-imgs-webp/ecommerce-produtos/card/maquiagem/labial/gloss/004 queen - imperial golden lips plumper_card.webp,card,75854,11218,74.1 KB -> 11.0 KB
SUCCESS,/home/gabbu/Downloads/ecommerce-produtos/maquiagem/labial/gloss/004 queen - imperial golden lips plumper.jpeg,/home/gabbu/Área de trabalho/scripts/otimizacao-imgs-webp/ecommerce-produtos/detail/maquiagem/labial/gloss/004 queen - imperial golden lips plumper_detail.webp,detail,75854,34686,74.1 KB -> 33.9 KB
SUCCESS,/home/gabbu/Downloads/ecommerce-produtos/maquiagem/labial/gloss/004 queen - imperial golden lips plumper.jpeg,/home/gabbu/Área de trabalho/scripts/otimizacao-imgs-webp/ecommerce-produtos/hero/maquiagem/labial/gloss/004 queen - imperial golden lips plumper_hero.webp,hero,75854,51000,74.1 KB -> 49.8 KB
SUCCESS,/home/gabbu/Downloads/ecommerce-produtos/maquiagem/labial/gloss/n1 - lip gloss love rain.jpeg,/home/gabbu/Área de trabalho/scripts/otimizacao-imgs-webp/ecommerce-produtos/thumbnail/maquiagem/labial/gloss/n1 - lip gloss love rain_thumbnail.webp,thumbnail,78954,2512,77.1 KB -> 2.5 KB
SUCCESS,/home/gabbu/Downloads/ecommerce-produtos/maquiagem/labial/gloss/n1 - lip gloss love rain.jpeg,/home/gabbu/Área de trabalho/scripts/otimizacao-imgs-webp/ecommerce-produtos/card/maquiagem/labial/gloss/n1 - lip gloss love rain_card.webp,card,78954,7746,77.1 KB -> 7.6 KB
SUCCESS,/home/gabbu/Downloads/ecommerce-produtos/maquiagem/labial/gloss/n1 - lip gloss love rain.jpeg,/home/gabbu/Área de trabalho/scripts/otimizacao-imgs-webp/ecommerce-produtos/detail/maquiagem/labial/gloss/n1 - lip gloss love rain_detail.webp,detail,78954,23712,77.1 KB -> 23.2 KB
SUCCESS,/home/gabbu/Downloads/ecommerce-produtos/maquiagem/labial/gloss/n1 - lip gloss love rain.jpeg,/home/gabbu/Área de trabalho/scripts/otimizacao-imgs-webp/ecommerce-produtos/hero/maquiagem/labial/gloss/n1 - lip gloss love rain_hero.webp,hero,78954,40890,77.1 KB -> 39.9 KB
SUCCESS,/home/gabbu/Downloads/ecommerce-produtos/maquiagem/labial/gloss/Mocallure - lipgloss - brilhante - 05.jpeg,/home/gabbu/Área de trabalho/scripts/otimizacao-imgs-webp/ecommerce-produtos/thumbnail/maquiagem/labial/gloss/Mocallure - lipgloss - brilhante - 05_thumbnail.webp,thumbnail,92763,4400,90.6 KB -> 4.3 KB
SUCCESS,/home/gabbu/Downloads/ecommerce-produtos/maquiagem/labial/gloss/Mocallure - lipgloss - brilhante - 05.jpeg,/home/gabbu/Área de trabalho/scripts/otimizacao-imgs-webp/ecommerce-produtos/card/maquiagem/labial/gloss/Mocallure - lipgloss - brilhante - 05_card.webp,card,92763,16148,90.6 KB -> 15.8 KB
SUCCESS,/home/gabbu/Downloads/ecommerce-produtos/maquiagem/labial/gloss/Mocallure - lipgloss - brilhante - 05.jpeg,/home/gabbu/Área de trabalho/scripts/otimizacao-imgs-webp/ecommerce-produtos/detail/maquiagem/labial/gloss/Mocallure - lipgloss - brilhante - 05_detail.webp,detail,92763,50298,90.6 KB -> 49.1 KB
SUCCESS,/home/gabbu/Downloads/ecommerce-produtos/maquiagem/labial/gloss/Mocallure - lipgloss - brilhante - 05.jpeg,/home/gabbu/Área de trabalho/scripts/otimizacao-imgs-webp/ecommerce-produtos/hero/maquiagem/labial/gloss/Mocallure - lipgloss - brilhante - 05_hero.webp,hero,92763,72994,90.6 KB -> 71.3 KB
SUCCESS,/home/gabbu/Downloads/ecommerce-produtos/maquiagem/labial/gloss/Mocallure - lipgloss - brilhante - 02.jpeg,/home/gabbu/Área de trabalho/scripts/otimizacao-imgs-webp/ecommerce-produtos/thumbnail/maquiagem/labial/gloss/Mocallure - lipgloss - brilhante - 02_thumbnail.webp,thumbnail,84856,4850,82.9 KB -> 4.7 KB
SUCCESS,/home/gabbu/Downloads/ecommerce-produtos/maquiagem/labial/gloss/Mocallure - lipgloss - brilhante - 02.jpeg,/home/gabbu/Área de trabalho/scripts/otimizacao-imgs-webp/ecommerce-produtos/card/maquiagem/labial/gloss/Mocallure - lipgloss - brilhante - 02_card.webp,card,84856,15930,82.9 KB -> 15.6 KB
SUCCESS,/home/gabbu/Downloads/ecommerce-produtos/maquiagem/labial/gloss/Mocallure - lipgloss - brilhante - 02.jpeg,/home/gabbu/Área de trabalho/scripts/otimizacao-imgs-webp/ecommerce-produtos/detail/maquiagem/labial/gloss/Mocallure - lipgloss - brilhante - 02_detail.webp,detail,84856,43922,82.9 KB -> 42.9 KB
SUCCESS,/home/gabbu/Downloads/ecommerce-produtos/maquiagem/labial/gloss/Mocallure - lipgloss - brilhante - 02.jpeg,/home/gabbu/Área de trabalho/scripts/otimizacao-imgs-webp/ecommerce-produtos/hero/maquiagem/labial/gloss/Mocallure - lipgloss - brilhante - 02_hero.webp,hero,84856,65584,82.9 KB -> 64.0 KB
SUCCESS,/home/gabbu/Downloads/ecommerce-produtos/maquiagem/labial/gloss/Mocallure - lipgloss - brilhante - 01.jpeg,/home/gabbu/Área de trabalho/scripts/otimizacao-imgs-webp/ecommerce-produtos/thumbnail/maquiagem/labial/gloss/Mocallure - lipgloss - brilhante - 01_thumbnail.webp,thumbnail,83004,4966,81.1 KB -> 4.8 KB
SUCCESS,/home/gabbu/Downloads/ecommerce-produtos/maquiagem/labial/gloss/Mocallure - lipgloss - brilhante - 01.jpeg,/home/gabbu/Área de trabalho/scripts/otimizacao-imgs-webp/ecommerce-produtos/card/maquiagem/labial/gloss/Mocallure - lipgloss - brilhante - 01_card.webp,card,83004,15824,81.1 KB -> 15.5 KB
SUCCESS,/home/gabbu/Downloads/ecommerce-produtos/maquiagem/labial/gloss/Mocallure - lipgloss - brilhante - 01.jpeg,/home/gabbu/Área de trabalho/scripts/otimizacao-imgs-webp/ecommerce-produtos/detail/maquiagem/labial/gloss/Mocallure - lipgloss - brilhante - 01_detail.webp,detail,83004,41622,81.1 KB -> 40.6 KB
SUCCESS,/home/gabbu/Downloads/ecommerce-produtos/maquiagem/labial/gloss/Mocallure - lipgloss - brilhante - 01.jpeg,/home/gabbu/Área de trabalho/scripts/otimizacao-imgs-webp/ecommerce-produtos/hero/maquiagem/labial/gloss/Mocallure - lipgloss - brilhante - 01_hero.webp,hero,83004,62448,81.1 KB -> 61.0 KB
SUCCESS,/home/gabbu/Downloads/ecommerce-produtos/maquiagem/labial/gloss/05 - Matte - eccseee.jpeg,/home/gabbu/Área de trabalho/scripts/otimizacao-imgs-webp/ecommerce-produtos/thumbnail/maquiagem/labial/gloss/05 - Matte - eccseee_thumbnail.webp,thumbnail,98353,5342,96.0 KB -> 5.2 KB
SUCCESS,/home/gabbu/Downloads/ecommerce-produtos/maquiagem/labial/gloss/05 - Matte - eccseee.jpeg,/home/gabbu/Área de trabalho/scripts/otimizacao-imgs-webp/ecommerce-produtos/card/maquiagem/labial/gloss/05 - Matte - eccseee_card.webp,card,98353,18146,96.0 KB -> 17.7 KB
SUCCESS,/home/gabbu/Downloads/ecommerce-produtos/maquiagem/labial/gloss/05 - Matte - eccseee.jpeg,/home/gabbu/Área de trabalho/scripts/otimizacao-imgs-webp/ecommerce-produtos/detail/maquiagem/labial/gloss/05 - Matte - eccseee_detail.webp,detail,98353,53340,96.0 KB -> 52.1 KB
SUCCESS,/home/gabbu/Downloads/ecommerce-produtos/maquiagem/labial/gloss/05 - Matte - eccseee.jpeg,/home/gabbu/Área de trabalho/scripts/otimizacao-imgs-webp/ecommerce-produtos/hero/maquiagem/labial/gloss/05 - Matte - eccseee_hero.webp,hero,98353,76764,96.0 KB -> 75.0 KB
SUCCESS,/home/gabbu/Downloads/ecommerce-produtos/maquiagem/labial/gloss/Mocallure - lipgloss - brilhante - 04.jpeg,/home/gabbu/Área de trabalho/scripts/otimizacao-imgs-webp/ecommerce-produtos/thumbnail/maquiagem/labial/gloss/Mocallure - lipgloss - brilhante - 04_thumbnail.webp,thumbnail,96471,4426,94.2 KB -> 4.3 KB
SUCCESS,/home/gabbu/Downloads/ecommerce-produtos/maquiagem/labial/gloss/Mocallure - lipgloss - brilhante - 04.jpeg,/home/gabbu/Área de trabalho/scripts/otimizacao-imgs-webp/ecommerce-produtos/card/maquiagem/labial/gloss/Mocallure - lipgloss - brilhante - 04_card.webp,card,96471,16020,94.2 KB -> 15.6 KB
SUCCESS,/home/gabbu/Downloads/ecommerce-produtos/maquiagem/labial/gloss/Mocallure - lipgloss - brilhante - 04.jpeg,/home/gabbu/Área de trabalho/scripts/otimizacao-imgs-webp/ecommerce-produtos/detail/maquiagem/labial/gloss/Mocallure - lipgloss - brilhante - 04_detail.webp,detail,96471,51616,94.2 KB -> 50.4 KB
SUCCESS,/home/gabbu/Downloads/ecommerce-produtos/maquiagem/labial/gloss/Mocallure - lipgloss - brilhante - 04.jpeg,/home/gabbu/Área de trabalho/scripts/otimizacao-imgs-webp/ecommerce-produtos/hero/maquiagem/labial/gloss/Mocallure - lipgloss - brilhante - 04_hero.webp,hero,96471,76472,94.2 KB -> 74.7 KB
SUCCESS,/home/gabbu/Downloads/ecommerce-produtos/maquiagem/labial/gloss/04 - Matte - eccseee.jpeg,/home/gabbu/Área de trabalho/scripts/otimizacao-imgs-webp/ecommerce-produtos/thumbnail/maquiagem/labial/gloss/04 - Matte - eccseee_thumbnail.webp,thumbnail,91093,5038,89.0 KB -> 4.9 KB
SUCCESS,/home/gabbu/Downloads/ecommerce-produtos/maquiagem/labial/gloss/04 - Matte - eccseee.jpeg,/home/gabbu/Área de trabalho/scripts/otimizacao-imgs-webp/ecommerce-produtos/card/maquiagem/labial/gloss/04 - Matte - eccseee_card.webp,card,91093,16456,89.0 KB -> 16.1 KB
SUCCESS,/home/gabbu/Downloads/ecommerce-produtos/maquiagem/labial/gloss/04 - Matte - eccseee.jpeg,/home/gabbu/Área de trabalho/scripts/otimizacao-imgs-webp/ecommerce-produtos/detail/maquiagem/labial/gloss/04 - Matte - eccseee_detail.webp,detail,91093,45768,89.0 KB -> 44.7 KB
SUCCESS,/home/gabbu/Downloads/ecommerce-produtos/maquiagem/labial/gloss/04 - Matte - eccseee.jpeg,/home/gabbu/Área de trabalho/scripts/otimizacao-imgs-webp/ecommerce-produtos/hero/maquiagem/labial/gloss/04 - Matte - eccseee_hero.webp,hero,91093,67110,89.0 KB -> 65.5 KB
SUCCESS,/home/gabbu/Downloads/ecommerce-produtos/maquiagem/labial/gloss/003 princess - imperial golden lips plumper.jpeg,/home/gabbu/Área de trabalho/scripts/otimizacao-imgs-webp/ecommerce-produtos/thumbnail/maquiagem/labial/gloss/003 princess - imperial golden lips plumper_thumbnail.webp,thumbnail,77824,3438,76.0 KB -> 3.4 KB
SUCCESS,/home/gabbu/Downloads/ecommerce-produtos/maquiagem/labial/gloss/003 princess - imperial golden lips plumper.jpeg,/home/gabbu/Área de trabalho/scripts/otimizacao-imgs-webp/ecommerce-produtos/card/maquiagem/labial/gloss/003 princess - imperial golden lips plumper_card.webp,card,77824,12002,76.0 KB -> 11.7 KB
SUCCESS,/home/gabbu/Downloads/ecommerce-produtos/maquiagem/labial/gloss/003 princess - imperial golden lips plumper.jpeg,/home/gabbu/Área de trabalho/scripts/otimizacao-imgs-webp/ecommerce-produtos/detail/maquiagem/labial/gloss/003 princess - imperial golden lips plumper_detail.webp,detail,77824,38214,76.0 KB -> 37.3 KB
SUCCESS,/home/gabbu/Downloads/ecommerce-produtos/maquiagem/labial/gloss/003 princess - imperial golden lips plumper.jpeg,/home/gabbu/Área de trabalho/scripts/otimizacao-imgs-webp/ecommerce-produtos/hero/maquiagem/labial/gloss/003 princess - imperial golden lips plumper_hero.webp,hero,77824,55566,76.0 KB -> 54.3 KB
SUCCESS,/home/gabbu/Downloads/ecommerce-produtos/maquiagem/labial/gloss/Mocallure - lipgloss - infantil - 06.jpeg,/home/gabbu/Área de trabalho/scripts/otimizacao-imgs-webp/ecommerce-produtos/thumbnail/maquiagem/labial/gloss/Mocallure - lipgloss - infantil - 06_thumbnail.webp,thumbnail,73896,4266,72.2 KB -> 4.2 KB
SUCCESS,/home/gabbu/Downloads/ecommerce-produtos/maquiagem/labial/gloss/Mocallure - lipgloss - infantil - 06.jpeg,/home/gabbu/Área de trabalho/scripts/otimizacao-imgs-webp/ecommerce-produtos/card/maquiagem/labial/gloss/Mocallure - lipgloss - infantil - 06_card.webp,card,73896,13678,72.2 KB -> 13.4 KB
SUCCESS,/home/gabbu/Downloads/ecommerce-produtos/maquiagem/labial/gloss/Mocallure - lipgloss - infantil - 06.jpeg,/home/gabbu/Área de trabalho/scripts/otimizacao-imgs-webp/ecommerce-produtos/detail/maquiagem/labial/gloss/Mocallure - lipgloss - infantil - 06_detail.webp,detail,73896,36658,72.2 KB -> 35.8 KB
SUCCESS,/home/gabbu/Downloads/ecommerce-produtos/maquiagem/labial/gloss/Mocallure - lipgloss - infantil - 06.jpeg,/home/gabbu/Área de trabalho/scripts/otimizacao-imgs-webp/ecommerce-produtos/hero/maquiagem/labial/gloss/Mocallure - lipgloss - infantil - 06_hero.webp,hero,73896,53290,72.2 KB -> 52.0 KB
SUCCESS,/home/gabbu/Downloads/ecommerce-produtos/maquiagem/labial/gloss/n5 - lip gloss love rain.jpeg,/home/gabbu/Área de trabalho/scripts/otimizacao-imgs-webp/ecommerce-produtos/thumbnail/maquiagem/labial/gloss/n5 - lip gloss love rain_thumbnail.webp,thumbnail,85764,2450,83.8 KB -> 2.4 KB
SUCCESS,/home/gabbu/Downloads/ecommerce-produtos/maquiagem/labial/gloss/n5 - lip gloss love rain.jpeg,/home/gabbu/Área de trabalho/scripts/otimizacao-imgs-webp/ecommerce-produtos/card/maquiagem/labial/gloss/n5 - lip gloss love rain_card.webp,card,85764,8174,83.8 KB -> 8.0 KB
SUCCESS,/home/gabbu/Downloads/ecommerce-produtos/maquiagem/labial/gloss/n5 - lip gloss love rain.jpeg,/home/gabbu/Área de trabalho/scripts/otimizacao-imgs-webp/ecommerce-produtos/detail/maquiagem/labial/gloss/n5 - lip gloss love rain_detail.webp,detail,85764,25940,83.8 KB -> 25.3 KB
SUCCESS,/home/gabbu/Downloads/ecommerce-produtos/maquiagem/labial/gloss/n5 - lip gloss love rain.jpeg,/home/gabbu/Área de trabalho/scripts/otimizacao-imgs-webp/ecommerce-produtos/hero/maquiagem/labial/gloss/n5 - lip gloss love rain_hero.webp,hero,85764,45552,83.8 KB -> 44.5 KB
SUCCESS,/home/gabbu/Downloads/ecommerce-produtos/maquiagem/labial/gloss/top coat labial glow miss rose.jpeg,/home/gabbu/Área de trabalho/scripts/otimizacao-imgs-webp/ecommerce-produtos/thumbnail/maquiagem/labial/gloss/top coat labial glow miss rose_thumbnail.webp,thumbnail,103012,6280,100.6 KB -> 6.1 KB
SUCCESS,/home/gabbu/Downloads/ecommerce-produtos/maquiagem/labial/gloss/top coat labial glow miss rose.jpeg,/home/gabbu/Área de trabalho/scripts/otimizacao-imgs-webp/ecommerce-produtos/card/maquiagem/labial/gloss/top coat labial glow miss rose_card.webp,card,103012,19498,100.6 KB -> 19.0 KB
SUCCESS,/home/gabbu/Downloads/ecommerce-produtos/maquiagem/labial/gloss/top coat labial glow miss rose.jpeg,/home/gabbu/Área de trabalho/scripts/otimizacao-imgs-webp/ecommerce-produtos/detail/maquiagem/labial/gloss/top coat labial glow miss rose_detail.webp,detail,103012,53156,100.6 KB -> 51.9 KB
SUCCESS,/home/gabbu/Downloads/ecommerce-produtos/maquiagem/labial/gloss/top coat labial glow miss rose.jpeg,/home/gabbu/Área de trabalho/scripts/otimizacao-imgs-webp/ecommerce-produtos/hero/maquiagem/labial/gloss/top coat labial glow miss rose_hero.webp,hero,103012,77406,100.6 KB -> 75.6 KB
SUCCESS,/home/gabbu/Downloads/ecommerce-produtos/maquiagem/labial/gloss/Mocallure - lipgloss - infantil - 04.jpeg,/home/gabbu/Área de trabalho/scripts/otimizacao-imgs-webp/ecommerce-produtos/thumbnail/maquiagem/labial/gloss/Mocallure - lipgloss - infantil - 04_thumbnail.webp,thumbnail,77317,3514,75.5 KB -> 3.4 KB
SUCCESS,/home/gabbu/Downloads/ecommerce-produtos/maquiagem/labial/gloss/Mocallure - lipgloss - infantil - 04.jpeg,/home/gabbu/Área de trabalho/scripts/otimizacao-imgs-webp/ecommerce-produtos/card/maquiagem/labial/gloss/Mocallure - lipgloss - infantil - 04_card.webp,card,77317,12496,75.5 KB -> 12.2 KB
SUCCESS,/home/gabbu/Downloads/ecommerce-produtos/maquiagem/labial/gloss/Mocallure - lipgloss - infantil - 04.jpeg,/home/gabbu/Área de trabalho/scripts/otimizacao-imgs-webp/ecommerce-produtos/detail/maquiagem/labial/gloss/Mocallure - lipgloss - infantil - 04_detail.webp,detail,77317,37478,75.5 KB -> 36.6 KB
SUCCESS,/home/gabbu/Downloads/ecommerce-produtos/maquiagem/labial/gloss/Mocallure - lipgloss - infantil - 04.jpeg,/home/gabbu/Área de trabalho/scripts/otimizacao-imgs-webp/ecommerce-produtos/hero/maquiagem/labial/gloss/Mocallure - lipgloss - infantil - 04_hero.webp,hero,77317,55670,75.5 KB -> 54.4 KB
SUCCESS,/home/gabbu/Downloads/ecommerce-produtos/maquiagem/labial/gloss/Mocallure - lipgloss - infantil - 05.jpeg,/home/gabbu/Área de trabalho/scripts/otimizacao-imgs-webp/ecommerce-produtos/thumbnail/maquiagem/labial/gloss/Mocallure - lipgloss - infantil - 05_thumbnail.webp,thumbnail,79676,4584,77.8 KB -> 4.5 KB
SUCCESS,/home/gabbu/Downloads/ecommerce-produtos/maquiagem/labial/gloss/Mocallure - lipgloss - infantil - 05.jpeg,/home/gabbu/Área de trabalho/scripts/otimizacao-imgs-webp/ecommerce-produtos/card/maquiagem/labial/gloss/Mocallure - lipgloss - infantil - 05_card.webp,card,79676,15010,77.8 KB -> 14.7 KB
SUCCESS,/home/gabbu/Downloads/ecommerce-produtos/maquiagem/labial/gloss/Mocallure - lipgloss - infantil - 05.jpeg,/home/gabbu/Área de trabalho/scripts/otimizacao-imgs-webp/ecommerce-produtos/detail/maquiagem/labial/gloss/Mocallure - lipgloss - infantil - 05_detail.webp,detail,79676,40788,77.8 KB -> 39.8 KB
SUCCESS,/home/gabbu/Downloads/ecommerce-produtos/maquiagem/labial/gloss/Mocallure - lipgloss - infantil - 05.jpeg,/home/gabbu/Área de trabalho/scripts/otimizacao-imgs-webp/ecommerce-produtos/hero/maquiagem/labial/gloss/Mocallure - lipgloss - infantil - 05_hero.webp,hero,79676,58566,77.8 KB -> 57.2 KB
SUCCESS,/home/gabbu/Downloads/ecommerce-produtos/maquiagem/labial/gloss/Mocallure - lipgloss - infantil - 01.jpeg,/home/gabbu/Área de trabalho/scripts/otimizacao-imgs-webp/ecommerce-produtos/thumbnail/maquiagem/labial/gloss/Mocallure - lipgloss - infantil - 01_thumbnail.webp,thumbnail,77326,3972,75.5 KB -> 3.9 KB
SUCCESS,/home/gabbu/Downloads/ecommerce-produtos/maquiagem/labial/gloss/Mocallure - lipgloss - infantil - 01.jpeg,/home/gabbu/Área de trabalho/scripts/otimizacao-imgs-webp/ecommerce-produtos/card/maquiagem/labial/gloss/Mocallure - lipgloss - infantil - 01_card.webp,card,77326,13766,75.5 KB -> 13.4 KB
SUCCESS,/home/gabbu/Downloads/ecommerce-produtos/maquiagem/labial/gloss/Mocallure - lipgloss - infantil - 01.jpeg,/home/gabbu/Área de trabalho/scripts/otimizacao-imgs-webp/ecommerce-produtos/detail/maquiagem/labial/gloss/Mocallure - lipgloss - infantil - 01_detail.webp,detail,77326,38388,75.5 KB -> 37.5 KB
SUCCESS,/home/gabbu/Downloads/ecommerce-produtos/maquiagem/labial/gloss/Mocallure - lipgloss - infantil - 01.jpeg,/home/gabbu/Área de trabalho/scripts/otimizacao-imgs-webp/ecommerce-produtos/hero/maquiagem/labial/gloss/Mocallure - lipgloss - infantil - 01_hero.webp,hero,77326,55450,75.5 KB -> 54.2 KB
SUCCESS,/home/gabbu/Downloads/ecommerce-produtos/maquiagem/labial/gloss/Mocallure - lipgloss - brilhante - 06.jpeg,/home/gabbu/Área de trabalho/scripts/otimizacao-imgs-webp/ecommerce-produtos/thumbnail/maquiagem/labial/gloss/Mocallure - lipgloss - brilhante - 06_thumbnail.webp,thumbnail,73776,3798,72.0 KB -> 3.7 KB
SUCCESS,/home/gabbu/Downloads/ecommerce-produtos/maquiagem/labial/gloss/Mocallure - lipgloss - brilhante - 06.jpeg,/home/gabbu/Área de trabalho/scripts/otimizacao-imgs-webp/ecommerce-produtos/card/maquiagem/labial/gloss/Mocallure - lipgloss - brilhante - 06_card.webp,card,73776,12650,72.0 KB -> 12.4 KB
SUCCESS,/home/gabbu/Downloads/ecommerce-produtos/maquiagem/labial/gloss/Mocallure - lipgloss - brilhante - 06.jpeg,/home/gabbu/Área de trabalho/scripts/otimizacao-imgs-webp/ecommerce-produtos/detail/maquiagem/labial/gloss/Mocallure - lipgloss - brilhante - 06_detail.webp,detail,73776,34694,72.0 KB -> 33.9 KB
SUCCESS,/home/gabbu/Downloads/ecommerce-produtos/maquiagem/labial/gloss/Mocallure - lipgloss - brilhante - 06.jpeg,/home/gabbu/Área de trabalho/scripts/otimizacao-imgs-webp/ecommerce-produtos/hero/maquiagem/labial/gloss/Mocallure - lipgloss - brilhante - 06_hero.webp,hero,73776,50466,72.0 KB -> 49.3 KB
SUCCESS,/home/gabbu/Downloads/ecommerce-produtos/maquiagem/labial/gloss/LipGloss - Hidratante - Unicornio.jpeg,/home/gabbu/Área de trabalho/scripts/otimizacao-imgs-webp/ecommerce-produtos/thumbnail/maquiagem/labial/gloss/LipGloss - Hidratante - Unicornio_thumbnail.webp,thumbnail,101388,6816,99.0 KB -> 6.7 KB
SUCCESS,/home/gabbu/Downloads/ecommerce-produtos/maquiagem/labial/gloss/LipGloss - Hidratante - Unicornio.jpeg,/home/gabbu/Área de trabalho/scripts/otimizacao-imgs-webp/ecommerce-produtos/card/maquiagem/labial/gloss/LipGloss - Hidratante - Unicornio_card.webp,card,101388,19662,99.0 KB -> 19.2 KB
SUCCESS,/home/gabbu/Downloads/ecommerce-produtos/maquiagem/labial/gloss/LipGloss - Hidratante - Unicornio.jpeg,/home/gabbu/Área de trabalho/scripts/otimizacao-imgs-webp/ecommerce-produtos/detail/maquiagem/labial/gloss/LipGloss - Hidratante - Unicornio_detail.webp,detail,101388,53950,99.0 KB -> 52.7 KB
SUCCESS,/home/gabbu/Downloads/ecommerce-produtos/maquiagem/labial/gloss/LipGloss - Hidratante - Unicornio.jpeg,/home/gabbu/Área de trabalho/scripts/otimizacao-imgs-webp/ecommerce-produtos/hero/maquiagem/labial/gloss/LipGloss - Hidratante - Unicornio_hero.webp,hero,101388,79568,99.0 KB -> 77.7 KB
SUCCESS,/home/gabbu/Downloads/ecommerce-produtos/maquiagem/labial/gloss/doll 001 - limp plumper hana imperial.jpeg,/home/gabbu/Área de trabalho/scripts/otimizacao-imgs-webp/ecommerce-produtos/thumbnail/maquiagem/labial/gloss/doll 001 - limp plumper hana imperial_thumbnail.webp,thumbnail,67011,3492,65.4 KB -> 3.4 KB
SUCCESS,/home/gabbu/Downloads/ecommerce-produtos/maquiagem/labial/gloss/doll 001 - limp plumper hana imperial.jpeg,/home/gabbu/Área de trabalho/scripts/otimizacao-imgs-webp/ecommerce-produtos/card/maquiagem/labial/gloss/doll 001 - limp plumper hana imperial_card.webp,card,67011,10838,65.4 KB -> 10.6 KB
SUCCESS,/home/gabbu/Downloads/ecommerce-produtos/maquiagem/labial/gloss/doll 001 - limp plumper hana imperial.jpeg,/home/gabbu/Área de trabalho/scripts/otimizacao-imgs-webp/ecommerce-produtos/detail/maquiagem/labial/gloss/doll 001 - limp plumper hana imperial_detail.webp,detail,67011,29654,65.4 KB -> 29.0 KB
SUCCESS,/home/gabbu/Downloads/ecommerce-produtos/maquiagem/labial/gloss/doll 001 - limp plumper hana imperial.jpeg,/home/gabbu/Área de trabalho/scripts/otimizacao-imgs-webp/ecommerce-produtos/hero/maquiagem/labial/gloss/doll 001 - limp plumper hana imperial_hero.webp,hero,67011,44474,65.4 KB -> 43.4 KB
SUCCESS,/home/gabbu/Downloads/ecommerce-produtos/maquiagem/labial/gloss/n4 - lip gloss love rain.jpeg,/home/gabbu/Área de trabalho/scripts/otimizacao-imgs-webp/ecommerce-produtos/thumbnail/maquiagem/labial/gloss/n4 - lip gloss love rain_thumbnail.webp,thumbnail,53584,2958,52.3 KB -> 2.9 KB
SUCCESS,/home/gabbu/Downloads/ecommerce-produtos/maquiagem/labial/gloss/n4 - lip gloss love rain.jpeg,/home/gabbu/Área de trabalho/scripts/otimizacao-imgs-webp/ecommerce-produtos/card/maquiagem/labial/gloss/n4 - lip gloss love rain_card.webp,card,53584,9264,52.3 KB -> 9.0 KB
SUCCESS,/home/gabbu/Downloads/ecommerce-produtos/maquiagem/labial/gloss/n4 - lip gloss love rain.jpeg,/home/gabbu/Área de trabalho/scripts/otimizacao-imgs-webp/ecommerce-produtos/detail/maquiagem/labial/gloss/n4 - lip gloss love rain_detail.webp,detail,53584,26716,52.3 KB -> 26.1 KB
SUCCESS,/home/gabbu/Downloads/ecommerce-produtos/maquiagem/labial/gloss/n4 - lip gloss love rain.jpeg,/home/gabbu/Área de trabalho/scripts/otimizacao-imgs-webp/ecommerce-produtos/hero/maquiagem/labial/gloss/n4 - lip gloss love rain_hero.webp,hero,53584,39448,52.3 KB -> 38.5 KB
SUCCESS,/home/gabbu/Downloads/ecommerce-produtos/maquiagem/labial/gloss/n2 - lip gloss love rain.jpeg,/home/gabbu/Área de trabalho/scripts/otimizacao-imgs-webp/ecommerce-produtos/thumbnail/maquiagem/labial/gloss/n2 - lip gloss love rain_thumbnail.webp,thumbnail,82412,2376,80.5 KB -> 2.3 KB
SUCCESS,/home/gabbu/Downloads/ecommerce-produtos/maquiagem/labial/gloss/n2 - lip gloss love rain.jpeg,/home/gabbu/Área de trabalho/scripts/otimizacao-imgs-webp/ecommerce-produtos/card/maquiagem/labial/gloss/n2 - lip gloss love rain_card.webp,card,82412,7816,80.5 KB -> 7.6 KB
SUCCESS,/home/gabbu/Downloads/ecommerce-produtos/maquiagem/labial/gloss/n2 - lip gloss love rain.jpeg,/home/gabbu/Área de trabalho/scripts/otimizacao-imgs-webp/ecommerce-produtos/detail/maquiagem/labial/gloss/n2 - lip gloss love rain_detail.webp,detail,82412,23988,80.5 KB -> 23.4 KB
SUCCESS,/home/gabbu/Downloads/ecommerce-produtos/maquiagem/labial/gloss/n2 - lip gloss love rain.jpeg,/home/gabbu/Área de trabalho/scripts/otimizacao-imgs-webp/ecommerce-produtos/hero/maquiagem/labial/gloss/n2 - lip gloss love rain_hero.webp,hero,82412,45366,80.5 KB -> 44.3 KB
SUCCESS,/home/gabbu/Downloads/ecommerce-produtos/maquiagem/labial/gloss/Mocallure - lipgloss - brilhante - 03.jpeg,/home/gabbu/Área de trabalho/scripts/otimizacao-imgs-webp/ecommerce-produtos/thumbnail/maquiagem/labial/gloss/Mocallure - lipgloss - brilhante - 03_thumbnail.webp,thumbnail,79631,4702,77.8 KB -> 4.6 KB
SUCCESS,/home/gabbu/Downloads/ecommerce-produtos/maquiagem/labial/gloss/Mocallure - lipgloss - brilhante - 03.jpeg,/home/gabbu/Área de trabalho/scripts/otimizacao-imgs-webp/ecommerce-produtos/card/maquiagem/labial/gloss/Mocallure - lipgloss - brilhante - 03_card.webp,card,79631,14896,77.8 KB -> 14.5 KB
SUCCESS,/home/gabbu/Downloads/ecommerce-produtos/maquiagem/labial/gloss/Mocallure - lipgloss - brilhante - 03.jpeg,/home/gabbu/Área de trabalho/scripts/otimizacao-imgs-webp/ecommerce-produtos/detail/maquiagem/labial/gloss/Mocallure - lipgloss - brilhante - 03_detail.webp,detail,79631,40196,77.8 KB -> 39.3 KB
SUCCESS,/home/gabbu/Downloads/ecommerce-produtos/maquiagem/labial/gloss/Mocallure - lipgloss - brilhante - 03.jpeg,/home/gabbu/Área de trabalho/scripts/otimizacao-imgs-webp/ecommerce-produtos/hero/maquiagem/labial/gloss/Mocallure - lipgloss - brilhante - 03_hero.webp,hero,79631,58820,77.8 KB -> 57.4 KB
SUCCESS,/home/gabbu/Downloads/ecommerce-produtos/maquiagem/labial/gloss/Mocallure - lipgloss - infantil - 02.jpeg,/home/gabbu/Área de trabalho/scripts/otimizacao-imgs-webp/ecommerce-produtos/thumbnail/maquiagem/labial/gloss/Mocallure - lipgloss - infantil - 02_thumbnail.webp,thumbnail,81855,4648,79.9 KB -> 4.5 KB
SUCCESS,/home/gabbu/Downloads/ecommerce-produtos/maquiagem/labial/gloss/Mocallure - lipgloss - infantil - 02.jpeg,/home/gabbu/Área de trabalho/scripts/otimizacao-imgs-webp/ecommerce-produtos/card/maquiagem/labial/gloss/Mocallure - lipgloss - infantil - 02_card.webp,card,81855,15590,79.9 KB -> 15.2 KB
SUCCESS,/home/gabbu/Downloads/ecommerce-produtos/maquiagem/labial/gloss/Mocallure - lipgloss - infantil - 02.jpeg,/home/gabbu/Área de trabalho/scripts/otimizacao-imgs-webp/ecommerce-produtos/detail/maquiagem/labial/gloss/Mocallure - lipgloss - infantil - 02_detail.webp,detail,81855,42278,79.9 KB -> 41.3 KB
SUCCESS,/home/gabbu/Downloads/ecommerce-produtos/maquiagem/labial/gloss/Mocallure - lipgloss - infantil - 02.jpeg,/home/gabbu/Área de trabalho/scripts/otimizacao-imgs-webp/ecommerce-produtos/hero/maquiagem/labial/gloss/Mocallure - lipgloss - infantil - 02_hero.webp,hero,81855,59722,79.9 KB -> 58.3 KB
SUCCESS,/home/gabbu/Downloads/ecommerce-produtos/maquiagem/labial/gloss/01 - Matte - eccseee.jpeg,/home/gabbu/Área de trabalho/scripts/otimizacao-imgs-webp/ecommerce-produtos/thumbnail/maquiagem/labial/gloss/01 - Matte - eccseee_thumbnail.webp,thumbnail,82524,4750,80.6 KB -> 4.6 KB
SUCCESS,/home/gabbu/Downloads/ecommerce-produtos/maquiagem/labial/gloss/01 - Matte - eccseee.jpeg,/home/gabbu/Área de trabalho/scripts/otimizacao-imgs-webp/ecommerce-produtos/card/maquiagem/labial/gloss/01 - Matte - eccseee_card.webp,card,82524,14816,80.6 KB -> 14.5 KB
SUCCESS,/home/gabbu/Downloads/ecommerce-produtos/maquiagem/labial/gloss/01 - Matte - eccseee.jpeg,/home/gabbu/Área de trabalho/scripts/otimizacao-imgs-webp/ecommerce-produtos/detail/maquiagem/labial/gloss/01 - Matte - eccseee_detail.webp,detail,82524,41642,80.6 KB -> 40.7 KB
SUCCESS,/home/gabbu/Downloads/ecommerce-produtos/maquiagem/labial/gloss/01 - Matte - eccseee.jpeg,/home/gabbu/Área de trabalho/scripts/otimizacao-imgs-webp/ecommerce-produtos/hero/maquiagem/labial/gloss/01 - Matte - eccseee_hero.webp,hero,82524,60386,80.6 KB -> 59.0 KB
SUCCESS,/home/gabbu/Downloads/ecommerce-produtos/florerva/FOTOS SITE-20251125T182320Z-1-001/P611.jpg,/home/gabbu/Área de trabalho/scripts/otimizacao-imgs-webp/ecommerce-produtos/thumbnail/florerva/FOTOS SITE-20251125T182320Z-1-001/P611_thumbnail.webp,thumbnail,157575,3978,153.9 KB -> 3.9 KB
SUCCESS,/home/gabbu/Downloads/ecommerce-produtos/florerva/FOTOS SITE-20251125T182320Z-1-001/P611.jpg,/home/gabbu/Área de trabalho/scripts/otimizacao-imgs-webp/ecommerce-produtos/card/florerva/FOTOS SITE-20251125T182320Z-1-001/P611_card.webp,card,157575,16590,153.9 KB -> 16.2 KB
SUCCESS,/home/gabbu/Downloads/ecommerce-produtos/florerva/FOTOS SITE-20251125T182320Z-1-001/P611.jpg,/home/gabbu/Área de trabalho/scripts/otimizacao-imgs-webp/ecommerce-produtos/detail/florerva/FOTOS SITE-20251125T182320Z-1-001/P611_detail.webp,detail,157575,60880,153.9 KB -> 59.5 KB
SUCCESS,/home/gabbu/Downloads/ecommerce-produtos/florerva/FOTOS SITE-20251125T182320Z-1-001/P611.jpg,/home/gabbu/Área de trabalho/scripts/otimizacao-imgs-webp/ecommerce-produtos/hero/florerva/FOTOS SITE-20251125T182320Z-1-001/P611_hero.webp,hero,157575,121672,153.9 KB -> 118.8 KB
SUCCESS,/home/gabbu/Downloads/ecommerce-produtos/florerva/FOTOS SITE-20251125T182320Z-1-001/604.jpg,/home/gabbu/Área de trabalho/scripts/otimizacao-imgs-webp/ecommerce-produtos/thumbnail/florerva/FOTOS SITE-20251125T182320Z-1-001/604_thumbnail.webp,thumbnail,152718,3744,149.1 KB -> 3.7 KB
SUCCESS,/home/gabbu/Downloads/ecommerce-produtos/florerva/FOTOS SITE-20251125T182320Z-1-001/604.jpg,/home/gabbu/Área de trabalho/scripts/otimizacao-imgs-webp/ecommerce-produtos/card/florerva/FOTOS SITE-20251125T182320Z-1-001/604_card.webp,card,152718,15872,149.1 KB -> 15.5 KB
SUCCESS,/home/gabbu/Downloads/ecommerce-produtos/florerva/FOTOS SITE-20251125T182320Z-1-001/604.jpg,/home/gabbu/Área de trabalho/scripts/otimizacao-imgs-webp/ecommerce-produtos/detail/florerva/FOTOS SITE-20251125T182320Z-1-001/604_detail.webp,detail,152718,60784,149.1 KB -> 59.4 KB
SUCCESS,/home/gabbu/Downloads/ecommerce-produtos/florerva/FOTOS SITE-20251125T182320Z-1-001/604.jpg,/home/gabbu/Área de trabalho/scripts/otimizacao-imgs-webp/ecommerce-produtos/hero/florerva/FOTOS SITE-20251125T182320Z-1-001/604_hero.webp,hero,152718,114704,149.1 KB -> 112.0 KB
SUCCESS,/home/gabbu/Downloads/ecommerce-produtos/florerva/FOTOS SITE-20251125T182320Z-1-001/P533.webp,/home/gabbu/Área de trabalho/scripts/otimizacao-imgs-webp/ecommerce-produtos/thumbnail/florerva/FOTOS SITE-20251125T182320Z-1-001/P533_thumbnail.webp,thumbnail,3890,3600,3.8 KB -> 3.5 KB
SUCCESS,/home/gabbu/Downloads/ecommerce-produtos/florerva/FOTOS SITE-20251125T182320Z-1-001/P533.webp,/home/gabbu/Área de trabalho/scripts/otimizacao-imgs-webp/ecommerce-produtos/card/florerva/FOTOS SITE-20251125T182320Z-1-001/P533_card.webp,card,3890,3866,3.8 KB -> 3.8 KB
SKIPPED,/home/gabbu/Downloads/ecommerce-produtos/florerva/FOTOS SITE-20251125T182320Z-1-001/P533.webp,,detail,3890,4172,WebP ficou maior que o original
SKIPPED,/home/gabbu/Downloads/ecommerce-produtos/florerva/FOTOS SITE-20251125T182320Z-1-001/P533.webp,,hero,3890,4264,WebP ficou maior que o original
SUCCESS,/home/gabbu/Downloads/ecommerce-produtos/florerva/FOTOS SITE-20251125T182320Z-1-001/p609.png,/home/gabbu/Área de trabalho/scripts/otimizacao-imgs-webp/ecommerce-produtos/thumbnail/florerva/FOTOS SITE-20251125T182320Z-1-001/p609_thumbnail.webp,thumbnail,251943,3832,246.0 KB -> 3.7 KB
SUCCESS,/home/gabbu/Downloads/ecommerce-produtos/florerva/FOTOS SITE-20251125T182320Z-1-001/p609.png,/home/gabbu/Área de trabalho/scripts/otimizacao-imgs-webp/ecommerce-produtos/card/florerva/FOTOS SITE-20251125T182320Z-1-001/p609_card.webp,card,251943,10328,246.0 KB -> 10.1 KB
SUCCESS,/home/gabbu/Downloads/ecommerce-produtos/florerva/FOTOS SITE-20251125T182320Z-1-001/p609.png,/home/gabbu/Área de trabalho/scripts/otimizacao-imgs-webp/ecommerce-produtos/detail/florerva/FOTOS SITE-20251125T182320Z-1-001/p609_detail.webp,detail,251943,28612,246.0 KB -> 27.9 KB
SUCCESS,/home/gabbu/Downloads/ecommerce-produtos/florerva/FOTOS SITE-20251125T182320Z-1-001/p609.png,/home/gabbu/Área de trabalho/scripts/otimizacao-imgs-webp/ecommerce-produtos/hero/florerva/FOTOS SITE-20251125T182320Z-1-001/p609_hero.webp,hero,251943,32048,246.0 KB -> 31.3 KB
SUCCESS,/home/gabbu/Downloads/ecommerce-produtos/florerva/FOTOS SITE-20251125T182320Z-1-001/p800.png,/home/gabbu/Área de trabalho/scripts/otimizacao-imgs-webp/ecommerce-produtos/thumbnail/florerva/FOTOS SITE-20251125T182320Z-1-001/p800_thumbnail.webp,thumbnail,253400,4658,247.5 KB -> 4.5 KB
SUCCESS,/home/gabbu/Downloads/ecommerce-produtos/florerva/FOTOS SITE-20251125T182320Z-1-001/p800.png,/home/gabbu/Área de trabalho/scripts/otimizacao-imgs-webp/ecommerce-produtos/card/florerva/FOTOS SITE-20251125T182320Z-1-001/p800_card.webp,card,253400,14870,247.5 KB -> 14.5 KB
SUCCESS,/home/gabbu/Downloads/ecommerce-produtos/florerva/FOTOS SITE-20251125T182320Z-1-001/p800.png,/home/gabbu/Área de trabalho/scripts/otimizacao-imgs-webp/ecommerce-produtos/detail/florerva/FOTOS SITE-20251125T182320Z-1-001/p800_detail.webp,detail,253400,49384,247.5 KB -> 48.2 KB
SUCCESS,/home/gabbu/Downloads/ecommerce-produtos/florerva/FOTOS SITE-20251125T182320Z-1-001/p800.png,/home/gabbu/Área de trabalho/scripts/otimizacao-imgs-webp/ecommerce-produtos/hero/florerva/FOTOS SITE-20251125T182320Z-1-001/p800_hero.webp,hero,253400,68622,247.5 KB -> 67.0 KB
SUCCESS,/home/gabbu/Downloads/ecommerce-produtos/florerva/FOTOS SITE-20251125T182320Z-1-001/616.jpg,/home/gabbu/Área de trabalho/scripts/otimizacao-imgs-webp/ecommerce-produtos/thumbnail/florerva/FOTOS SITE-20251125T182320Z-1-001/616_thumbnail.webp,thumbnail,144154,3286,140.8 KB -> 3.2 KB
SUCCESS,/home/gabbu/Downloads/ecommerce-produtos/florerva/FOTOS SITE-20251125T182320Z-1-001/616.jpg,/home/gabbu/Área de trabalho/scripts/otimizacao-imgs-webp/ecommerce-produtos/card/florerva/FOTOS SITE-20251125T182320Z-1-001/616_card.webp,card,144154,13952,140.8 KB -> 13.6 KB
SUCCESS,/home/gabbu/Downloads/ecommerce-produtos/florerva/FOTOS SITE-20251125T182320Z-1-001/616.jpg,/home/gabbu/Área de trabalho/scripts/otimizacao-imgs-webp/ecommerce-produtos/detail/florerva/FOTOS SITE-20251125T182320Z-1-001/616_detail.webp,detail,144154,54776,140.8 KB -> 53.5 KB
SUCCESS,/home/gabbu/Downloads/ecommerce-produtos/florerva/FOTOS SITE-20251125T182320Z-1-001/616.jpg,/home/gabbu/Área de trabalho/scripts/otimizacao-imgs-webp/ecommerce-produtos/hero/florerva/FOTOS SITE-20251125T182320Z-1-001/616_hero.webp,hero,144154,109322,140.8 KB -> 106.8 KB
SUCCESS,/home/gabbu/Downloads/ecommerce-produtos/florerva/FOTOS SITE-20251125T182320Z-1-001/803b.jpg,/home/gabbu/Área de trabalho/scripts/otimizacao-imgs-webp/ecommerce-produtos/thumbnail/florerva/FOTOS SITE-20251125T182320Z-1-001/803b_thumbnail.webp,thumbnail,148390,3668,144.9 KB -> 3.6 KB
SUCCESS,/home/gabbu/Downloads/ecommerce-produtos/florerva/FOTOS SITE-20251125T182320Z-1-001/803b.jpg,/home/gabbu/Área de trabalho/scripts/otimizacao-imgs-webp/ecommerce-produtos/card/florerva/FOTOS SITE-20251125T182320Z-1-001/803b_card.webp,card,148390,15032,144.9 KB -> 14.7 KB
SUCCESS,/home/gabbu/Downloads/ecommerce-produtos/florerva/FOTOS SITE-20251125T182320Z-1-001/803b.jpg,/home/gabbu/Área de trabalho/scripts/otimizacao-imgs-webp/ecommerce-produtos/detail/florerva/FOTOS SITE-20251125T182320Z-1-001/803b_detail.webp,detail,148390,56166,144.9 KB -> 54.8 KB
SUCCESS,/home/gabbu/Downloads/ecommerce-produtos/florerva/FOTOS SITE-20251125T182320Z-1-001/803b.jpg,/home/gabbu/Área de trabalho/scripts/otimizacao-imgs-webp/ecommerce-produtos/hero/florerva/FOTOS SITE-20251125T182320Z-1-001/803b_hero.webp,hero,148390,111682,144.9 KB -> 109.1 KB
SUCCESS,/home/gabbu/Downloads/ecommerce-produtos/florerva/FOTOS SITE-20251125T182320Z-1-001/P616.jpg,/home/gabbu/Área de trabalho/scripts/otimizacao-imgs-webp/ecommerce-produtos/thumbnail/florerva/FOTOS SITE-20251125T182320Z-1-001/P616_thumbnail.webp,thumbnail,143454,3568,140.1 KB -> 3.5 KB
SUCCESS,/home/gabbu/Downloads/ecommerce-produtos/florerva/FOTOS SITE-20251125T182320Z-1-001/P616.jpg,/home/gabbu/Área de trabalho/scripts/otimizacao-imgs-webp/ecommerce-produtos/card/florerva/FOTOS SITE-20251125T182320Z-1-001/P616_card.webp,card,143454,14062,140.1 KB -> 13.7 KB
SUCCESS,/home/gabbu/Downloads/ecommerce-produtos/florerva/FOTOS SITE-20251125T182320Z-1-001/P616.jpg,/home/gabbu/Área de trabalho/scripts/otimizacao-imgs-webp/ecommerce-produtos/detail/florerva/FOTOS SITE-20251125T182320Z-1-001/P616_detail.webp,detail,143454,55508,140.1 KB -> 54.2 KB
SUCCESS,/home/gabbu/Downloads/ecommerce-produtos/florerva/FOTOS SITE-20251125T182320Z-1-001/P616.jpg,/home/gabbu/Área de trabalho/scripts/otimizacao-imgs-webp/ecommerce-produtos/hero/florerva/FOTOS SITE-20251125T182320Z-1-001/P616_hero.webp,hero,143454,109212,140.1 KB -> 106.7 KB
SUCCESS,/home/gabbu/Downloads/ecommerce-produtos/florerva/FOTOS SITE-20251125T182320Z-1-001/P610.jpg,/home/gabbu/Área de trabalho/scripts/otimizacao-imgs-webp/ecommerce-produtos/thumbnail/florerva/FOTOS SITE-20251125T182320Z-1-001/P610_thumbnail.webp,thumbnail,145191,3656,141.8 KB -> 3.6 KB
SUCCESS,/home/gabbu/Downloads/ecommerce-produtos/florerva/FOTOS SITE-20251125T182320Z-1-001/P610.jpg,/home/gabbu/Área de trabalho/scripts/otimizacao-imgs-webp/ecommerce-produtos/card/florerva/FOTOS SITE-20251125T182320Z-1-001/P610_card.webp,card,145191,14134,141.8 KB -> 13.8 KB
SUCCESS,/home/gabbu/Downloads/ecommerce-produtos/florerva/FOTOS SITE-20251125T182320Z-1-001/P610.jpg,/home/gabbu/Área de trabalho/scripts/otimizacao-imgs-webp/ecommerce-produtos/detail/florerva/FOTOS SITE-20251125T182320Z-1-001/P610_detail.webp,detail,145191,55370,141.8 KB -> 54.1 KB
SUCCESS,/home/gabbu/Downloads/ecommerce-produtos/florerva/FOTOS SITE-20251125T182320Z-1-001/P610.jpg,/home/gabbu/Área de trabalho/scripts/otimizacao-imgs-webp/ecommerce-produtos/hero/florerva/FOTOS SITE-20251125T182320Z-1-001/P610_hero.webp,hero,145191,107800,141.8 KB -> 105.3 KB
SUCCESS,/home/gabbu/Downloads/ecommerce-produtos/florerva/FOTOS SITE-20251125T182320Z-1-001/P620.jpg,/home/gabbu/Área de trabalho/scripts/otimizacao-imgs-webp/ecommerce-produtos/thumbnail/florerva/FOTOS SITE-20251125T182320Z-1-001/P620_thumbnail.webp,thumbnail,165117,4186,161.2 KB -> 4.1 KB
SUCCESS,/home/gabbu/Downloads/ecommerce-produtos/florerva/FOTOS SITE-20251125T182320Z-1-001/P620.jpg,/home/gabbu/Área de trabalho/scripts/otimizacao-imgs-webp/ecommerce-produtos/card/florerva/FOTOS SITE-20251125T182320Z-1-001/P620_card.webp,card,165117,17406,161.2 KB -> 17.0 KB
SUCCESS,/home/gabbu/Downloads/ecommerce-produtos/florerva/FOTOS SITE-20251125T182320Z-1-001/P620.jpg,/home/gabbu/Área de trabalho/scripts/otimizacao-imgs-webp/ecommerce-produtos/detail/florerva/FOTOS SITE-20251125T182320Z-1-001/P620_detail.webp,detail,165117,63400,161.2 KB -> 61.9 KB
SUCCESS,/home/gabbu/Downloads/ecommerce-produtos/florerva/FOTOS SITE-20251125T182320Z-1-001/P620.jpg,/home/gabbu/Área de trabalho/scripts/otimizacao-imgs-webp/ecommerce-produtos/hero/florerva/FOTOS SITE-20251125T182320Z-1-001/P620_hero.webp,hero,165117,125586,161.2 KB -> 122.6 KB
SUCCESS,/home/gabbu/Downloads/ecommerce-produtos/florerva/FOTOS SITE-20251125T182320Z-1-001/800.png,/home/gabbu/Área de trabalho/scripts/otimizacao-imgs-webp/ecommerce-produtos/thumbnail/florerva/FOTOS SITE-20251125T182320Z-1-001/800_thumbnail.webp,thumbnail,215072,3812,210.0 KB -> 3.7 KB
SUCCESS,/home/gabbu/Downloads/ecommerce-produtos/florerva/FOTOS SITE-20251125T182320Z-1-001/800.png,/home/gabbu/Área de trabalho/scripts/otimizacao-imgs-webp/ecommerce-produtos/card/florerva/FOTOS SITE-20251125T182320Z-1-001/800_card.webp,card,215072,12096,210.0 KB -> 11.8 KB
SUCCESS,/home/gabbu/Downloads/ecommerce-produtos/florerva/FOTOS SITE-20251125T182320Z-1-001/800.png,/home/gabbu/Área de trabalho/scripts/otimizacao-imgs-webp/ecommerce-produtos/detail/florerva/FOTOS SITE-20251125T182320Z-1-001/800_detail.webp,detail,215072,39800,210.0 KB -> 38.9 KB
SUCCESS,/home/gabbu/Downloads/ecommerce-produtos/florerva/FOTOS SITE-20251125T182320Z-1-001/800.png,/home/gabbu/Área de trabalho/scripts/otimizacao-imgs-webp/ecommerce-produtos/hero/florerva/FOTOS SITE-20251125T182320Z-1-001/800_hero.webp,hero,215072,55200,210.0 KB -> 53.9 KB
SUCCESS,/home/gabbu/Downloads/ecommerce-produtos/florerva/FOTOS SITE-20251125T182320Z-1-001/533.webp,/home/gabbu/Área de trabalho/scripts/otimizacao-imgs-webp/ecommerce-produtos/thumbnail/florerva/FOTOS SITE-20251125T182320Z-1-001/533_thumbnail.webp,thumbnail,3118,2820,3.0 KB -> 2.8 KB
SUCCESS,/home/gabbu/Downloads/ecommerce-produtos/florerva/FOTOS SITE-20251125T182320Z-1-001/533.webp,/home/gabbu/Área de trabalho/scripts/otimizacao-imgs-webp/ecommerce-produtos/card/florerva/FOTOS SITE-20251125T182320Z-1-001/533_card.webp,card,3118,3032,3.0 KB -> 3.0 KB
SKIPPED,/home/gabbu/Downloads/ecommerce-produtos/florerva/FOTOS SITE-20251125T182320Z-1-001/533.webp,,detail,3118,3300,WebP ficou maior que o original
SKIPPED,/home/gabbu/Downloads/ecommerce-produtos/florerva/FOTOS SITE-20251125T182320Z-1-001/533.webp,,hero,3118,3384,WebP ficou maior que o original
SUCCESS,/home/gabbu/Downloads/ecommerce-produtos/florerva/FOTOS SITE-20251125T182320Z-1-001/620.jpg,/home/gabbu/Área de trabalho/scripts/otimizacao-imgs-webp/ecommerce-produtos/thumbnail/florerva/FOTOS SITE-20251125T182320Z-1-001/620_thumbnail.webp,thumbnail,149881,3558,146.4 KB -> 3.5 KB
SUCCESS,/home/gabbu/Downloads/ecommerce-produtos/florerva/FOTOS SITE-20251125T182320Z-1-001/620.jpg,/home/gabbu/Área de trabalho/scripts/otimizacao-imgs-webp/ecommerce-produtos/card/florerva/FOTOS SITE-20251125T182320Z-1-001/620_card.webp,card,149881,15010,146.4 KB -> 14.7 KB
SUCCESS,/home/gabbu/Downloads/ecommerce-produtos/florerva/FOTOS SITE-20251125T182320Z-1-001/620.jpg,/home/gabbu/Área de trabalho/scripts/otimizacao-imgs-webp/ecommerce-produtos/detail/florerva/FOTOS SITE-20251125T182320Z-1-001/620_detail.webp,detail,149881,58472,146.4 KB -> 57.1 KB
SUCCESS,/home/gabbu/Downloads/ecommerce-produtos/florerva/FOTOS SITE-20251125T182320Z-1-001/620.jpg,/home/gabbu/Área de trabalho/scripts/otimizacao-imgs-webp/ecommerce-produtos/hero/florerva/FOTOS SITE-20251125T182320Z-1-001/620_hero.webp,hero,149881,114154,146.4 KB -> 111.5 KB
SUCCESS,/home/gabbu/Downloads/ecommerce-produtos/florerva/FOTOS SITE-20251125T182320Z-1-001/609.png,/home/gabbu/Área de trabalho/scripts/otimizacao-imgs-webp/ecommerce-produtos/thumbnail/florerva/FOTOS SITE-20251125T182320Z-1-001/609_thumbnail.webp,thumbnail,354124,4736,345.8 KB -> 4.6 KB
SUCCESS,/home/gabbu/Downloads/ecommerce-produtos/florerva/FOTOS SITE-20251125T182320Z-1-001/609.png,/home/gabbu/Área de trabalho/scripts/otimizacao-imgs-webp/ecommerce-produtos/card/florerva/FOTOS SITE-20251125T182320Z-1-001/609_card.webp,card,354124,13222,345.8 KB -> 12.9 KB
SUCCESS,/home/gabbu/Downloads/ecommerce-produtos/florerva/FOTOS SITE-20251125T182320Z-1-001/609.png,/home/gabbu/Área de trabalho/scripts/otimizacao-imgs-webp/ecommerce-produtos/detail/florerva/FOTOS SITE-20251125T182320Z-1-001/609_detail.webp,detail,354124,34326,345.8 KB -> 33.5 KB
SUCCESS,/home/gabbu/Downloads/ecommerce-produtos/florerva/FOTOS SITE-20251125T182320Z-1-001/609.png,/home/gabbu/Área de trabalho/scripts/otimizacao-imgs-webp/ecommerce-produtos/hero/florerva/FOTOS SITE-20251125T182320Z-1-001/609_hero.webp,hero,354124,38188,345.8 KB -> 37.3 KB
SUCCESS,/home/gabbu/Downloads/ecommerce-produtos/florerva/FOTOS SITE-20251125T182320Z-1-001/803.jpg,/home/gabbu/Área de trabalho/scripts/otimizacao-imgs-webp/ecommerce-produtos/thumbnail/florerva/FOTOS SITE-20251125T182320Z-1-001/803_thumbnail.webp,thumbnail,153169,3702,149.6 KB -> 3.6 KB
SUCCESS,/home/gabbu/Downloads/ecommerce-produtos/florerva/FOTOS SITE-20251125T182320Z-1-001/803.jpg,/home/gabbu/Área de trabalho/scripts/otimizacao-imgs-webp/ecommerce-produtos/card/florerva/FOTOS SITE-20251125T182320Z-1-001/803_card.webp,card,153169,14966,149.6 KB -> 14.6 KB
SUCCESS,/home/gabbu/Downloads/ecommerce-produtos/florerva/FOTOS SITE-20251125T182320Z-1-001/803.jpg,/home/gabbu/Área de trabalho/scripts/otimizacao-imgs-webp/ecommerce-produtos/detail/florerva/FOTOS SITE-20251125T182320Z-1-001/803_detail.webp,detail,153169,58078,149.6 KB -> 56.7 KB
SUCCESS,/home/gabbu/Downloads/ecommerce-produtos/florerva/FOTOS SITE-20251125T182320Z-1-001/803.jpg,/home/gabbu/Área de trabalho/scripts/otimizacao-imgs-webp/ecommerce-produtos/hero/florerva/FOTOS SITE-20251125T182320Z-1-001/803_hero.webp,hero,153169,111838,149.6 KB -> 109.2 KB
SUCCESS,/home/gabbu/Downloads/ecommerce-produtos/florerva/FOTOS SITE-20251125T182320Z-1-001/402.jpg,/home/gabbu/Área de trabalho/scripts/otimizacao-imgs-webp/ecommerce-produtos/thumbnail/florerva/FOTOS SITE-20251125T182320Z-1-001/402_thumbnail.webp,thumbnail,149959,3518,146.4 KB -> 3.4 KB
SUCCESS,/home/gabbu/Downloads/ecommerce-produtos/florerva/FOTOS SITE-20251125T182320Z-1-001/402.jpg,/home/gabbu/Área de trabalho/scripts/otimizacao-imgs-webp/ecommerce-produtos/card/florerva/FOTOS SITE-20251125T182320Z-1-001/402_card.webp,card,149959,14590,146.4 KB -> 14.2 KB
SUCCESS,/home/gabbu/Downloads/ecommerce-produtos/florerva/FOTOS SITE-20251125T182320Z-1-001/402.jpg,/home/gabbu/Área de trabalho/scripts/otimizacao-imgs-webp/ecommerce-produtos/detail/florerva/FOTOS SITE-20251125T182320Z-1-001/402_detail.webp,detail,149959,57688,146.4 KB -> 56.3 KB
SUCCESS,/home/gabbu/Downloads/ecommerce-produtos/florerva/FOTOS SITE-20251125T182320Z-1-001/402.jpg,/home/gabbu/Área de trabalho/scripts/otimizacao-imgs-webp/ecommerce-produtos/hero/florerva/FOTOS SITE-20251125T182320Z-1-001/402_hero.webp,hero,149959,114518,146.4 KB -> 111.8 KB
SUCCESS,/home/gabbu/Downloads/ecommerce-produtos/florerva/FOTOS SITE-20251125T182320Z-1-001/791.png,/home/gabbu/Área de trabalho/scripts/otimizacao-imgs-webp/ecommerce-produtos/thumbnail/florerva/FOTOS SITE-20251125T182320Z-1-001/791_thumbnail.webp,thumbnail,214183,4052,209.2 KB -> 4.0 KB
SUCCESS,/home/gabbu/Downloads/ecommerce-produtos/florerva/FOTOS SITE-20251125T182320Z-1-001/791.png,/home/gabbu/Área de trabalho/scripts/otimizacao-imgs-webp/ecommerce-produtos/card/florerva/FOTOS SITE-20251125T182320Z-1-001/791_card.webp,card,214183,13290,209.2 KB -> 13.0 KB
SUCCESS,/home/gabbu/Downloads/ecommerce-produtos/florerva/FOTOS SITE-20251125T182320Z-1-001/791.png,/home/gabbu/Área de trabalho/scripts/otimizacao-imgs-webp/ecommerce-produtos/detail/florerva/FOTOS SITE-20251125T182320Z-1-001/791_detail.webp,detail,214183,42698,209.2 KB -> 41.7 KB
SUCCESS,/home/gabbu/Downloads/ecommerce-produtos/florerva/FOTOS SITE-20251125T182320Z-1-001/791.png,/home/gabbu/Área de trabalho/scripts/otimizacao-imgs-webp/ecommerce-produtos/hero/florerva/FOTOS SITE-20251125T182320Z-1-001/791_hero.webp,hero,214183,55680,209.2 KB -> 54.4 KB
SUCCESS,/home/gabbu/Downloads/ecommerce-produtos/florerva/FOTOS SITE-20251125T182320Z-1-001/P604.jpg,/home/gabbu/Área de trabalho/scripts/otimizacao-imgs-webp/ecommerce-produtos/thumbnail/florerva/FOTOS SITE-20251125T182320Z-1-001/P604_thumbnail.webp,thumbnail,151533,4124,148.0 KB -> 4.0 KB
SUCCESS,/home/gabbu/Downloads/ecommerce-produtos/florerva/FOTOS SITE-20251125T182320Z-1-001/P604.jpg,/home/gabbu/Área de trabalho/scripts/otimizacao-imgs-webp/ecommerce-produtos/card/florerva/FOTOS SITE-20251125T182320Z-1-001/P604_card.webp,card,151533,15480,148.0 KB -> 15.1 KB
SUCCESS,/home/gabbu/Downloads/ecommerce-produtos/florerva/FOTOS SITE-20251125T182320Z-1-001/P604.jpg,/home/gabbu/Área de trabalho/scripts/otimizacao-imgs-webp/ecommerce-produtos/detail/florerva/FOTOS SITE-20251125T182320Z-1-001/P604_detail.webp,detail,151533,58526,148.0 KB -> 57.2 KB
SUCCESS,/home/gabbu/Downloads/ecommerce-produtos/florerva/FOTOS SITE-20251125T182320Z-1-001/P604.jpg,/home/gabbu/Área de trabalho/scripts/otimizacao-imgs-webp/ecommerce-produtos/hero/florerva/FOTOS SITE-20251125T182320Z-1-001/P604_hero.webp,hero,151533,116302,148.0 KB -> 113.6 KB
SUCCESS,/home/gabbu/Downloads/ecommerce-produtos/florerva/FOTOS SITE-20251125T182320Z-1-001/P615- GEL EMOLIENTE.png,/home/gabbu/Área de trabalho/scripts/otimizacao-imgs-webp/ecommerce-produtos/thumbnail/florerva/FOTOS SITE-20251125T182320Z-1-001/P615- GEL EMOLIENTE_thumbnail.webp,thumbnail,2147742,6870,2.0 MB -> 6.7 KB
SUCCESS,/home/gabbu/Downloads/ecommerce-produtos/florerva/FOTOS SITE-20251125T182320Z-1-001/P615- GEL EMOLIENTE.png,/home/gabbu/Área de trabalho/scripts/otimizacao-imgs-webp/ecommerce-produtos/card/florerva/FOTOS SITE-20251125T182320Z-1-001/P615- GEL EMOLIENTE_card.webp,card,2147742,18244,2.0 MB -> 17.8 KB
SUCCESS,/home/gabbu/Downloads/ecommerce-produtos/florerva/FOTOS SITE-20251125T182320Z-1-001/P615- GEL EMOLIENTE.png,/home/gabbu/Área de trabalho/scripts/otimizacao-imgs-webp/ecommerce-produtos/detail/florerva/FOTOS SITE-20251125T182320Z-1-001/P615- GEL EMOLIENTE_detail.webp,detail,2147742,46250,2.0 MB -> 45.2 KB
SUCCESS,/home/gabbu/Downloads/ecommerce-produtos/florerva/FOTOS SITE-20251125T182320Z-1-001/P615- GEL EMOLIENTE.png,/home/gabbu/Área de trabalho/scripts/otimizacao-imgs-webp/ecommerce-produtos/hero/florerva/FOTOS SITE-20251125T182320Z-1-001/P615- GEL EMOLIENTE_hero.webp,hero,2147742,80086,2.0 MB -> 78.2 KB
SUCCESS,/home/gabbu/Downloads/ecommerce-produtos/florerva/FOTOS SITE-20251125T182320Z-1-001/p612.png,/home/gabbu/Área de trabalho/scripts/otimizacao-imgs-webp/ecommerce-produtos/thumbnail/florerva/FOTOS SITE-20251125T182320Z-1-001/p612_thumbnail.webp,thumbnail,212968,3778,208.0 KB -> 3.7 KB
SUCCESS,/home/gabbu/Downloads/ecommerce-produtos/florerva/FOTOS SITE-20251125T182320Z-1-001/p612.png,/home/gabbu/Área de trabalho/scripts/otimizacao-imgs-webp/ecommerce-produtos/card/florerva/FOTOS SITE-20251125T182320Z-1-001/p612_card.webp,card,212968,12480,208.0 KB -> 12.2 KB
SUCCESS,/home/gabbu/Downloads/ecommerce-produtos/florerva/FOTOS SITE-20251125T182320Z-1-001/p612.png,/home/gabbu/Área de trabalho/scripts/otimizacao-imgs-webp/ecommerce-produtos/detail/florerva/FOTOS SITE-20251125T182320Z-1-001/p612_detail.webp,detail,212968,38830,208.0 KB -> 37.9 KB
SUCCESS,/home/gabbu/Downloads/ecommerce-produtos/florerva/FOTOS SITE-20251125T182320Z-1-001/p612.png,/home/gabbu/Área de trabalho/scripts/otimizacao-imgs-webp/ecommerce-produtos/hero/florerva/FOTOS SITE-20251125T182320Z-1-001/p612_hero.webp,hero,212968,46108,208.0 KB -> 45.0 KB
SUCCESS,/home/gabbu/Downloads/ecommerce-produtos/florerva/FOTOS SITE-20251125T182320Z-1-001/201.webp,/home/gabbu/Área de trabalho/scripts/otimizacao-imgs-webp/ecommerce-produtos/thumbnail/florerva/FOTOS SITE-20251125T182320Z-1-001/201_thumbnail.webp,thumbnail,3366,2966,3.3 KB -> 2.9 KB
SUCCESS,/home/gabbu/Downloads/ecommerce-produtos/florerva/FOTOS SITE-20251125T182320Z-1-001/201.webp,/home/gabbu/Área de trabalho/scripts/otimizacao-imgs-webp/ecommerce-produtos/card/florerva/FOTOS SITE-20251125T182320Z-1-001/201_card.webp,card,3366,3260,3.3 KB -> 3.2 KB
SKIPPED,/home/gabbu/Downloads/ecommerce-produtos/florerva/FOTOS SITE-20251125T182320Z-1-001/201.webp,,detail,3366,3526,WebP ficou maior que o original
SKIPPED,/home/gabbu/Downloads/ecommerce-produtos/florerva/FOTOS SITE-20251125T182320Z-1-001/201.webp,,hero,3366,3676,WebP ficou maior que o original
SUCCESS,/home/gabbu/Downloads/ecommerce-produtos/florerva/FOTOS SITE-20251125T182320Z-1-001/610.jpg,/home/gabbu/Área de trabalho/scripts/otimizacao-imgs-webp/ecommerce-produtos/thumbnail/florerva/FOTOS SITE-20251125T182320Z-1-001/610_thumbnail.webp,thumbnail,149207,3716,145.7 KB -> 3.6 KB
SUCCESS,/home/gabbu/Downloads/ecommerce-produtos/florerva/FOTOS SITE-20251125T182320Z-1-001/610.jpg,/home/gabbu/Área de trabalho/scripts/otimizacao-imgs-webp/ecommerce-produtos/card/florerva/FOTOS SITE-20251125T182320Z-1-001/610_card.webp,card,149207,14572,145.7 KB -> 14.2 KB
SUCCESS,/home/gabbu/Downloads/ecommerce-produtos/florerva/FOTOS SITE-20251125T182320Z-1-001/610.jpg,/home/gabbu/Área de trabalho/scripts/otimizacao-imgs-webp/ecommerce-produtos/detail/florerva/FOTOS SITE-20251125T182320Z-1-001/610_detail.webp,detail,149207,57016,145.7 KB -> 55.7 KB
SUCCESS,/home/gabbu/Downloads/ecommerce-produtos/florerva/FOTOS SITE-20251125T182320Z-1-001/610.jpg,/home/gabbu/Área de trabalho/scripts/otimizacao-imgs-webp/ecommerce-produtos/hero/florerva/FOTOS SITE-20251125T182320Z-1-001/610_hero.webp,hero,149207,113028,145.7 KB -> 110.4 KB
SUCCESS,/home/gabbu/Downloads/ecommerce-produtos/florerva/FOTOS SITE-20251125T182320Z-1-001/p800k.png,/home/gabbu/Área de trabalho/scripts/otimizacao-imgs-webp/ecommerce-produtos/thumbnail/florerva/FOTOS SITE-20251125T182320Z-1-001/p800k_thumbnail.webp,thumbnail,239549,5286,233.9 KB -> 5.2 KB
SUCCESS,/home/gabbu/Downloads/ecommerce-produtos/florerva/FOTOS SITE-20251125T182320Z-1-001/p800k.png,/home/gabbu/Área de trabalho/scripts/otimizacao-imgs-webp/ecommerce-produtos/card/florerva/FOTOS SITE-20251125T182320Z-1-001/p800k_card.webp,card,239549,17398,233.9 KB -> 17.0 KB
SUCCESS,/home/gabbu/Downloads/ecommerce-produtos/florerva/FOTOS SITE-20251125T182320Z-1-001/p800k.png,/home/gabbu/Área de trabalho/scripts/otimizacao-imgs-webp/ecommerce-produtos/detail/florerva/FOTOS SITE-20251125T182320Z-1-001/p800k_detail.webp,detail,239549,52606,233.9 KB -> 51.4 KB
SUCCESS,/home/gabbu/Downloads/ecommerce-produtos/florerva/FOTOS SITE-20251125T182320Z-1-001/p800k.png,/home/gabbu/Área de trabalho/scripts/otimizacao-imgs-webp/ecommerce-produtos/hero/florerva/FOTOS SITE-20251125T182320Z-1-001/p800k_hero.webp,hero,239549,65628,233.9 KB -> 64.1 KB
SUCCESS,/home/gabbu/Downloads/ecommerce-produtos/florerva/FOTOS SITE-20251125T182320Z-1-001/P801 500g.webp,/home/gabbu/Área de trabalho/scripts/otimizacao-imgs-webp/ecommerce-produtos/thumbnail/florerva/FOTOS SITE-20251125T182320Z-1-001/P801 500g_thumbnail.webp,thumbnail,3826,3464,3.7 KB -> 3.4 KB
SUCCESS,/home/gabbu/Downloads/ecommerce-produtos/florerva/FOTOS SITE-20251125T182320Z-1-001/P801 500g.webp,/home/gabbu/Área de trabalho/scripts/otimizacao-imgs-webp/ecommerce-produtos/card/florerva/FOTOS SITE-20251125T182320Z-1-001/P801 500g_card.webp,card,3826,3742,3.7 KB -> 3.7 KB
SKIPPED,/home/gabbu/Downloads/ecommerce-produtos/florerva/FOTOS SITE-20251125T182320Z-1-001/P801 500g.webp,,detail,3826,4006,WebP ficou maior que o original
SKIPPED,/home/gabbu/Downloads/ecommerce-produtos/florerva/FOTOS SITE-20251125T182320Z-1-001/P801 500g.webp,,hero,3826,4168,WebP ficou maior que o original
SUCCESS,/home/gabbu/Downloads/ecommerce-produtos/florerva/FOTOS SITE-20251125T182320Z-1-001/622.jpg,/home/gabbu/Área de trabalho/scripts/otimizacao-imgs-webp/ecommerce-produtos/thumbnail/florerva/FOTOS SITE-20251125T182320Z-1-001/622_thumbnail.webp,thumbnail,52750,1198,51.5 KB -> 1.2 KB
SUCCESS,/home/gabbu/Downloads/ecommerce-produtos/florerva/FOTOS SITE-20251125T182320Z-1-001/622.jpg,/home/gabbu/Área de trabalho/scripts/otimizacao-imgs-webp/ecommerce-produtos/card/florerva/FOTOS SITE-20251125T182320Z-1-001/622_card.webp,card,52750,4032,51.5 KB -> 3.9 KB
SUCCESS,/home/gabbu/Downloads/ecommerce-produtos/florerva/FOTOS SITE-20251125T182320Z-1-001/622.jpg,/home/gabbu/Área de trabalho/scripts/otimizacao-imgs-webp/ecommerce-produtos/detail/florerva/FOTOS SITE-20251125T182320Z-1-001/622_detail.webp,detail,52750,13342,51.5 KB -> 13.0 KB
SUCCESS,/home/gabbu/Downloads/ecommerce-produtos/florerva/FOTOS SITE-20251125T182320Z-1-001/622.jpg,/home/gabbu/Área de trabalho/scripts/otimizacao-imgs-webp/ecommerce-produtos/hero/florerva/FOTOS SITE-20251125T182320Z-1-001/622_hero.webp,hero,52750,18592,51.5 KB -> 18.2 KB
SUCCESS,/home/gabbu/Downloads/ecommerce-produtos/florerva/FOTOS SITE-20251125T182320Z-1-001/P402.jpg,/home/gabbu/Área de trabalho/scripts/otimizacao-imgs-webp/ecommerce-produtos/thumbnail/florerva/FOTOS SITE-20251125T182320Z-1-001/P402_thumbnail.webp,thumbnail,158831,3758,155.1 KB -> 3.7 KB
SUCCESS,/home/gabbu/Downloads/ecommerce-produtos/florerva/FOTOS SITE-20251125T182320Z-1-001/P402.jpg,/home/gabbu/Área de trabalho/scripts/otimizacao-imgs-webp/ecommerce-produtos/card/florerva/FOTOS SITE-20251125T182320Z-1-001/P402_card.webp,card,158831,15164,155.1 KB -> 14.8 KB
SUCCESS,/home/gabbu/Downloads/ecommerce-produtos/florerva/FOTOS SITE-20251125T182320Z-1-001/P402.jpg,/home/gabbu/Área de trabalho/scripts/otimizacao-imgs-webp/ecommerce-produtos/detail/florerva/FOTOS SITE-20251125T182320Z-1-001/P402_detail.webp,detail,158831,61536,155.1 KB -> 60.1 KB
SUCCESS,/home/gabbu/Downloads/ecommerce-produtos/florerva/FOTOS SITE-20251125T182320Z-1-001/P402.jpg,/home/gabbu/Área de trabalho/scripts/otimizacao-imgs-webp/ecommerce-produtos/hero/florerva/FOTOS SITE-20251125T182320Z-1-001/P402_hero.webp,hero,158831,117346,155.1 KB -> 114.6 KB
SUCCESS,/home/gabbu/Downloads/ecommerce-produtos/florerva/FOTOS SITE-20251125T182320Z-1-001/P623.jpg,/home/gabbu/Área de trabalho/scripts/otimizacao-imgs-webp/ecommerce-produtos/thumbnail/florerva/FOTOS SITE-20251125T182320Z-1-001/P623_thumbnail.webp,thumbnail,161215,4164,157.4 KB -> 4.1 KB
SUCCESS,/home/gabbu/Downloads/ecommerce-produtos/florerva/FOTOS SITE-20251125T182320Z-1-001/P623.jpg,/home/gabbu/Área de trabalho/scripts/otimizacao-imgs-webp/ecommerce-produtos/card/florerva/FOTOS SITE-20251125T182320Z-1-001/P623_card.webp,card,161215,17082,157.4 KB -> 16.7 KB
SUCCESS,/home/gabbu/Downloads/ecommerce-produtos/florerva/FOTOS SITE-20251125T182320Z-1-001/P623.jpg,/home/gabbu/Área de trabalho/scripts/otimizacao-imgs-webp/ecommerce-produtos/detail/florerva/FOTOS SITE-20251125T182320Z-1-001/P623_detail.webp,detail,161215,65950,157.4 KB -> 64.4 KB
SUCCESS,/home/gabbu/Downloads/ecommerce-produtos/florerva/FOTOS SITE-20251125T182320Z-1-001/P623.jpg,/home/gabbu/Área de trabalho/scripts/otimizacao-imgs-webp/ecommerce-produtos/hero/florerva/FOTOS SITE-20251125T182320Z-1-001/P623_hero.webp,hero,161215,124758,157.4 KB -> 121.8 KB
SUCCESS,/home/gabbu/Downloads/ecommerce-produtos/florerva/FOTOS SITE-20251125T182320Z-1-001/801 250g.webp,/home/gabbu/Área de trabalho/scripts/otimizacao-imgs-webp/ecommerce-produtos/thumbnail/florerva/FOTOS SITE-20251125T182320Z-1-001/801 250g_thumbnail.webp,thumbnail,33118,2632,32.3 KB -> 2.6 KB
SUCCESS,/home/gabbu/Downloads/ecommerce-produtos/florerva/FOTOS SITE-20251125T182320Z-1-001/801 250g.webp,/home/gabbu/Área de trabalho/scripts/otimizacao-imgs-webp/ecommerce-produtos/card/florerva/FOTOS SITE-20251125T182320Z-1-001/801 250g_card.webp,card,33118,8014,32.3 KB -> 7.8 KB
SUCCESS,/home/gabbu/Downloads/ecommerce-produtos/florerva/FOTOS SITE-20251125T182320Z-1-001/801 250g.webp,/home/gabbu/Área de trabalho/scripts/otimizacao-imgs-webp/ecommerce-produtos/detail/florerva/FOTOS SITE-20251125T182320Z-1-001/801 250g_detail.webp,detail,33118,26994,32.3 KB -> 26.4 KB
SKIPPED,/home/gabbu/Downloads/ecommerce-produtos/florerva/FOTOS SITE-20251125T182320Z-1-001/801 250g.webp,,hero,33118,34388,WebP ficou maior que o original
SUCCESS,/home/gabbu/Downloads/ecommerce-produtos/florerva/FOTOS SITE-20251125T182320Z-1-001/P201.webp,/home/gabbu/Área de trabalho/scripts/otimizacao-imgs-webp/ecommerce-produtos/thumbnail/florerva/FOTOS SITE-20251125T182320Z-1-001/P201_thumbnail.webp,thumbnail,3796,3416,3.7 KB -> 3.3 KB
SUCCESS,/home/gabbu/Downloads/ecommerce-produtos/florerva/FOTOS SITE-20251125T182320Z-1-001/P201.webp,/home/gabbu/Área de trabalho/scripts/otimizacao-imgs-webp/ecommerce-produtos/card/florerva/FOTOS SITE-20251125T182320Z-1-001/P201_card.webp,card,3796,3694,3.7 KB -> 3.6 KB
SKIPPED,/home/gabbu/Downloads/ecommerce-produtos/florerva/FOTOS SITE-20251125T182320Z-1-001/P201.webp,,detail,3796,4004,WebP ficou maior que o original
SKIPPED,/home/gabbu/Downloads/ecommerce-produtos/florerva/FOTOS SITE-20251125T182320Z-1-001/P201.webp,,hero,3796,4118,WebP ficou maior que o original
SUCCESS,/home/gabbu/Downloads/ecommerce-produtos/florerva/FOTOS SITE-20251125T182320Z-1-001/p803.jpg,/home/gabbu/Área de trabalho/scripts/otimizacao-imgs-webp/ecommerce-produtos/thumbnail/florerva/FOTOS SITE-20251125T182320Z-1-001/p803_thumbnail.webp,thumbnail,162812,4320,159.0 KB -> 4.2 KB
SUCCESS,/home/gabbu/Downloads/ecommerce-produtos/florerva/FOTOS SITE-20251125T182320Z-1-001/p803.jpg,/home/gabbu/Área de trabalho/scripts/otimizacao-imgs-webp/ecommerce-produtos/card/florerva/FOTOS SITE-20251125T182320Z-1-001/p803_card.webp,card,162812,16424,159.0 KB -> 16.0 KB
SUCCESS,/home/gabbu/Downloads/ecommerce-produtos/florerva/FOTOS SITE-20251125T182320Z-1-001/p803.jpg,/home/gabbu/Área de trabalho/scripts/otimizacao-imgs-webp/ecommerce-produtos/detail/florerva/FOTOS SITE-20251125T182320Z-1-001/p803_detail.webp,detail,162812,64792,159.0 KB -> 63.3 KB
SUCCESS,/home/gabbu/Downloads/ecommerce-produtos/florerva/FOTOS SITE-20251125T182320Z-1-001/p803.jpg,/home/gabbu/Área de trabalho/scripts/otimizacao-imgs-webp/ecommerce-produtos/hero/florerva/FOTOS SITE-20251125T182320Z-1-001/p803_hero.webp,hero,162812,125182,159.0 KB -> 122.2 KB
SUCCESS,/home/gabbu/Downloads/ecommerce-produtos/florerva/FOTOS SITE-20251125T182320Z-1-001/623.jpg,/home/gabbu/Área de trabalho/scripts/otimizacao-imgs-webp/ecommerce-produtos/thumbnail/florerva/FOTOS SITE-20251125T182320Z-1-001/623_thumbnail.webp,thumbnail,141868,3986,138.5 KB -> 3.9 KB
SUCCESS,/home/gabbu/Downloads/ecommerce-produtos/florerva/FOTOS SITE-20251125T182320Z-1-001/623.jpg,/home/gabbu/Área de trabalho/scripts/otimizacao-imgs-webp/ecommerce-produtos/card/florerva/FOTOS SITE-20251125T182320Z-1-001/623_card.webp,card,141868,14854,138.5 KB -> 14.5 KB
SUCCESS,/home/gabbu/Downloads/ecommerce-produtos/florerva/FOTOS SITE-20251125T182320Z-1-001/623.jpg,/home/gabbu/Área de trabalho/scripts/otimizacao-imgs-webp/ecommerce-produtos/detail/florerva/FOTOS SITE-20251125T182320Z-1-001/623_detail.webp,detail,141868,49522,138.5 KB -> 48.4 KB
SUCCESS,/home/gabbu/Downloads/ecommerce-produtos/florerva/FOTOS SITE-20251125T182320Z-1-001/623.jpg,/home/gabbu/Área de trabalho/scripts/otimizacao-imgs-webp/ecommerce-produtos/hero/florerva/FOTOS SITE-20251125T182320Z-1-001/623_hero.webp,hero,141868,98980,138.5 KB -> 96.7 KB
SUCCESS,/home/gabbu/Downloads/ecommerce-produtos/florerva/FOTOS SITE-20251125T182320Z-1-001/611.jpg,/home/gabbu/Área de trabalho/scripts/otimizacao-imgs-webp/ecommerce-produtos/thumbnail/florerva/FOTOS SITE-20251125T182320Z-1-001/611_thumbnail.webp,thumbnail,160396,3986,156.6 KB -> 3.9 KB
SUCCESS,/home/gabbu/Downloads/ecommerce-produtos/florerva/FOTOS SITE-20251125T182320Z-1-001/611.jpg,/home/gabbu/Área de trabalho/scripts/otimizacao-imgs-webp/ecommerce-produtos/card/florerva/FOTOS SITE-20251125T182320Z-1-001/611_card.webp,card,160396,16336,156.6 KB -> 16.0 KB
SUCCESS,/home/gabbu/Downloads/ecommerce-produtos/florerva/FOTOS SITE-20251125T182320Z-1-001/611.jpg,/home/gabbu/Área de trabalho/scripts/otimizacao-imgs-webp/ecommerce-produtos/detail/florerva/FOTOS SITE-20251125T182320Z-1-001/611_detail.webp,detail,160396,62526,156.6 KB -> 61.1 KB
SUCCESS,/home/gabbu/Downloads/ecommerce-produtos/florerva/FOTOS SITE-20251125T182320Z-1-001/611.jpg,/home/gabbu/Área de trabalho/scripts/otimizacao-imgs-webp/ecommerce-produtos/hero/florerva/FOTOS SITE-20251125T182320Z-1-001/611_hero.webp,hero,160396,125480,156.6 KB -> 122.5 KB
SUCCESS,/home/gabbu/Downloads/ecommerce-produtos/florerva/FOTOS SITE-20251125T182320Z-1-001/p603.jpg,/home/gabbu/Área de trabalho/scripts/otimizacao-imgs-webp/ecommerce-produtos/thumbnail/florerva/FOTOS SITE-20251125T182320Z-1-001/p603_thumbnail.webp,thumbnail,152783,3910,149.2 KB -> 3.8 KB
SUCCESS,/home/gabbu/Downloads/ecommerce-produtos/florerva/FOTOS SITE-20251125T182320Z-1-001/p603.jpg,/home/gabbu/Área de trabalho/scripts/otimizacao-imgs-webp/ecommerce-produtos/card/florerva/FOTOS SITE-20251125T182320Z-1-001/p603_card.webp,card,152783,15652,149.2 KB -> 15.3 KB
SUCCESS,/home/gabbu/Downloads/ecommerce-produtos/florerva/FOTOS SITE-20251125T182320Z-1-001/p603.jpg,/home/gabbu/Área de trabalho/scripts/otimizacao-imgs-webp/ecommerce-produtos/detail/florerva/FOTOS SITE-20251125T182320Z-1-001/p603_detail.webp,detail,152783,58586,149.2 KB -> 57.2 KB
SUCCESS,/home/gabbu/Downloads/ecommerce-produtos/florerva/FOTOS SITE-20251125T182320Z-1-001/p603.jpg,/home/gabbu/Área de trabalho/scripts/otimizacao-imgs-webp/ecommerce-produtos/hero/florerva/FOTOS SITE-20251125T182320Z-1-001/p603_hero.webp,hero,152783,112488,149.2 KB -> 109.9 KB
SUCCESS,/home/gabbu/Downloads/ecommerce-produtos/florerva/FOTOS SITE-20251125T182320Z-1-001/603.jpg,/home/gabbu/Área de trabalho/scripts/otimizacao-imgs-webp/ecommerce-produtos/thumbnail/florerva/FOTOS SITE-20251125T182320Z-1-001/603_thumbnail.webp,thumbnail,147912,3426,144.4 KB -> 3.3 KB
SUCCESS,/home/gabbu/Downloads/ecommerce-produtos/florerva/FOTOS SITE-20251125T182320Z-1-001/603.jpg,/home/gabbu/Área de trabalho/scripts/otimizacao-imgs-webp/ecommerce-produtos/card/florerva/FOTOS SITE-20251125T182320Z-1-001/603_card.webp,card,147912,14434,144.4 KB -> 14.1 KB
SUCCESS,/home/gabbu/Downloads/ecommerce-produtos/florerva/FOTOS SITE-20251125T182320Z-1-001/603.jpg,/home/gabbu/Área de trabalho/scripts/otimizacao-imgs-webp/ecommerce-produtos/detail/florerva/FOTOS SITE-20251125T182320Z-1-001/603_detail.webp,detail,147912,55586,144.4 KB -> 54.3 KB
SUCCESS,/home/gabbu/Downloads/ecommerce-produtos/florerva/FOTOS SITE-20251125T182320Z-1-001/603.jpg,/home/gabbu/Área de trabalho/scripts/otimizacao-imgs-webp/ecommerce-produtos/hero/florerva/FOTOS SITE-20251125T182320Z-1-001/603_hero.webp,hero,147912,108176,144.4 KB -> 105.6 KB
SUCCESS,/home/gabbu/Downloads/ecommerce-produtos/florerva/FOTOS SITE-20251125T182320Z-1-001/P801K 1Kg.webp,/home/gabbu/Área de trabalho/scripts/otimizacao-imgs-webp/ecommerce-produtos/thumbnail/florerva/FOTOS SITE-20251125T182320Z-1-001/P801K 1Kg_thumbnail.webp,thumbnail,50446,4006,49.3 KB -> 3.9 KB
SUCCESS,/home/gabbu/Downloads/ecommerce-produtos/florerva/FOTOS SITE-20251125T182320Z-1-001/P801K 1Kg.webp,/home/gabbu/Área de trabalho/scripts/otimizacao-imgs-webp/ecommerce-produtos/card/florerva/FOTOS SITE-20251125T182320Z-1-001/P801K 1Kg_card.webp,card,50446,13252,49.3 KB -> 12.9 KB
SUCCESS,/home/gabbu/Downloads/ecommerce-produtos/florerva/FOTOS SITE-20251125T182320Z-1-001/P801K 1Kg.webp,/home/gabbu/Área de trabalho/scripts/otimizacao-imgs-webp/ecommerce-produtos/detail/florerva/FOTOS SITE-20251125T182320Z-1-001/P801K 1Kg_detail.webp,detail,50446,42538,49.3 KB -> 41.5 KB
SKIPPED,/home/gabbu/Downloads/ecommerce-produtos/florerva/FOTOS SITE-20251125T182320Z-1-001/P801K 1Kg.webp,,hero,50446,52718,WebP ficou maior que o original
SUCCESS,/home/gabbu/Downloads/ecommerce-produtos/florerva/FOTOS SITE-20251125T182320Z-1-001/p780.png,/home/gabbu/Área de trabalho/scripts/otimizacao-imgs-webp/ecommerce-produtos/thumbnail/florerva/FOTOS SITE-20251125T182320Z-1-001/p780_thumbnail.webp,thumbnail,213057,4178,208.1 KB -> 4.1 KB
SUCCESS,/home/gabbu/Downloads/ecommerce-produtos/florerva/FOTOS SITE-20251125T182320Z-1-001/p780.png,/home/gabbu/Área de trabalho/scripts/otimizacao-imgs-webp/ecommerce-produtos/card/florerva/FOTOS SITE-20251125T182320Z-1-001/p780_card.webp,card,213057,13666,208.1 KB -> 13.3 KB
SUCCESS,/home/gabbu/Downloads/ecommerce-produtos/florerva/FOTOS SITE-20251125T182320Z-1-001/p780.png,/home/gabbu/Área de trabalho/scripts/otimizacao-imgs-webp/ecommerce-produtos/detail/florerva/FOTOS SITE-20251125T182320Z-1-001/p780_detail.webp,detail,213057,44328,208.1 KB -> 43.3 KB
SUCCESS,/home/gabbu/Downloads/ecommerce-produtos/florerva/FOTOS SITE-20251125T182320Z-1-001/p780.png,/home/gabbu/Área de trabalho/scripts/otimizacao-imgs-webp/ecommerce-produtos/hero/florerva/FOTOS SITE-20251125T182320Z-1-001/p780_hero.webp,hero,213057,56348,208.1 KB -> 55.0 KB
SUCCESS,/home/gabbu/Downloads/ecommerce-produtos/florerva/FOTOS SITE-20251125T182320Z-1-001/FLOFEMME/650.png,/home/gabbu/Área de trabalho/scripts/otimizacao-imgs-webp/ecommerce-produtos/thumbnail/florerva/FOTOS SITE-20251125T182320Z-1-001/FLOFEMME/650_thumbnail.webp,thumbnail,201882,3520,197.2 KB -> 3.4 KB
SUCCESS,/home/gabbu/Downloads/ecommerce-produtos/florerva/FOTOS SITE-20251125T182320Z-1-001/FLOFEMME/650.png,/home/gabbu/Área de trabalho/scripts/otimizacao-imgs-webp/ecommerce-produtos/card/florerva/FOTOS SITE-20251125T182320Z-1-001/FLOFEMME/650_card.webp,card,201882,11212,197.2 KB -> 10.9 KB
SUCCESS,/home/gabbu/Downloads/ecommerce-produtos/florerva/FOTOS SITE-20251125T182320Z-1-001/FLOFEMME/650.png,/home/gabbu/Área de trabalho/scripts/otimizacao-imgs-webp/ecommerce-produtos/detail/florerva/FOTOS SITE-20251125T182320Z-1-001/FLOFEMME/650_detail.webp,detail,201882,35098,197.2 KB -> 34.3 KB
SUCCESS,/home/gabbu/Downloads/ecommerce-produtos/florerva/FOTOS SITE-20251125T182320Z-1-001/FLOFEMME/650.png,/home/gabbu/Área de trabalho/scripts/otimizacao-imgs-webp/ecommerce-produtos/hero/florerva/FOTOS SITE-20251125T182320Z-1-001/FLOFEMME/650_hero.webp,hero,201882,42008,197.2 KB -> 41.0 KB
SUCCESS,/home/gabbu/Downloads/ecommerce-produtos/florerva/FOTOS SITE-20251125T182320Z-1-001/FLOFEMME/P651.webp,/home/gabbu/Área de trabalho/scripts/otimizacao-imgs-webp/ecommerce-produtos/thumbnail/florerva/FOTOS SITE-20251125T182320Z-1-001/FLOFEMME/P651_thumbnail.webp,thumbnail,47320,3714,46.2 KB -> 3.6 KB
SUCCESS,/home/gabbu/Downloads/ecommerce-produtos/florerva/FOTOS SITE-20251125T182320Z-1-001/FLOFEMME/P651.webp,/home/gabbu/Área de trabalho/scripts/otimizacao-imgs-webp/ecommerce-produtos/card/florerva/FOTOS SITE-20251125T182320Z-1-001/FLOFEMME/P651_card.webp,card,47320,11040,46.2 KB -> 10.8 KB
SUCCESS,/home/gabbu/Downloads/ecommerce-produtos/florerva/FOTOS SITE-20251125T182320Z-1-001/FLOFEMME/P651.webp,/home/gabbu/Área de trabalho/scripts/otimizacao-imgs-webp/ecommerce-produtos/detail/florerva/FOTOS SITE-20251125T182320Z-1-001/FLOFEMME/P651_detail.webp,detail,47320,35786,46.2 KB -> 34.9 KB
SKIPPED,/home/gabbu/Downloads/ecommerce-produtos/florerva/FOTOS SITE-20251125T182320Z-1-001/FLOFEMME/P651.webp,,hero,47320,49786,WebP ficou maior que o original
SUCCESS,/home/gabbu/Downloads/ecommerce-produtos/florerva/FOTOS SITE-20251125T182320Z-1-001/FLOFEMME/P650.webp,/home/gabbu/Área de trabalho/scripts/otimizacao-imgs-webp/ecommerce-produtos/thumbnail/florerva/FOTOS SITE-20251125T182320Z-1-001/FLOFEMME/P650_thumbnail.webp,thumbnail,47538,3700,46.4 KB -> 3.6 KB
SUCCESS,/home/gabbu/Downloads/ecommerce-produtos/florerva/FOTOS SITE-20251125T182320Z-1-001/FLOFEMME/P650.webp,/home/gabbu/Área de trabalho/scripts/otimizacao-imgs-webp/ecommerce-produtos/card/florerva/FOTOS SITE-20251125T182320Z-1-001/FLOFEMME/P650_card.webp,card,47538,11158,46.4 KB -> 10.9 KB
SUCCESS,/home/gabbu/Downloads/ecommerce-produtos/florerva/FOTOS SITE-20251125T182320Z-1-001/FLOFEMME/P650.webp,/home/gabbu/Área de trabalho/scripts/otimizacao-imgs-webp/ecommerce-produtos/detail/florerva/FOTOS SITE-20251125T182320Z-1-001/FLOFEMME/P650_detail.webp,detail,47538,38206,46.4 KB -> 37.3 KB
SKIPPED,/home/gabbu/Downloads/ecommerce-produtos/florerva/FOTOS SITE-20251125T182320Z-1-001/FLOFEMME/P650.webp,,hero,47538,49132,WebP ficou maior que o original
SUCCESS,/home/gabbu/Downloads/ecommerce-produtos/florerva/FOTOS SITE-20251125T182320Z-1-001/FLOFEMME/651.webp,/home/gabbu/Área de trabalho/scripts/otimizacao-imgs-webp/ecommerce-produtos/thumbnail/florerva/FOTOS SITE-20251125T182320Z-1-001/FLOFEMME/651_thumbnail.webp,thumbnail,36716,2920,35.9 KB -> 2.9 KB
SUCCESS,/home/gabbu/Downloads/ecommerce-produtos/florerva/FOTOS SITE-20251125T182320Z-1-001/FLOFEMME/651.webp,/home/gabbu/Área de trabalho/scripts/otimizacao-imgs-webp/ecommerce-produtos/card/florerva/FOTOS SITE-20251125T182320Z-1-001/FLOFEMME/651_card.webp,card,36716,8824,35.9 KB -> 8.6 KB
SUCCESS,/home/gabbu/Downloads/ecommerce-produtos/florerva/FOTOS SITE-20251125T182320Z-1-001/FLOFEMME/651.webp,/home/gabbu/Área de trabalho/scripts/otimizacao-imgs-webp/ecommerce-produtos/detail/florerva/FOTOS SITE-20251125T182320Z-1-001/FLOFEMME/651_detail.webp,detail,36716,27776,35.9 KB -> 27.1 KB
SKIPPED,/home/gabbu/Downloads/ecommerce-produtos/florerva/FOTOS SITE-20251125T182320Z-1-001/FLOFEMME/651.webp,,hero,36716,36878,WebP ficou maior que o original
SUCCESS,/home/gabbu/Downloads/ecommerce-produtos/florerva/FOTOS SITE-20251125T182320Z-1-001/FLOASSEP/ARGILA-PRETA.jpg,/home/gabbu/Área de trabalho/scripts/otimizacao-imgs-webp/ecommerce-produtos/thumbnail/florerva/FOTOS SITE-20251125T182320Z-1-001/FLOASSEP/ARGILA-PRETA_thumbnail.webp,thumbnail,217676,9158,212.6 KB -> 8.9 KB
SUCCESS,/home/gabbu/Downloads/ecommerce-produtos/florerva/FOTOS SITE-20251125T182320Z-1-001/FLOASSEP/ARGILA-PRETA.jpg,/home/gabbu/Área de trabalho/scripts/otimizacao-imgs-webp/ecommerce-produtos/card/florerva/FOTOS SITE-20251125T182320Z-1-001/FLOASSEP/ARGILA-PRETA_card.webp,card,217676,30038,212.6 KB -> 29.3 KB
SUCCESS,/home/gabbu/Downloads/ecommerce-produtos/florerva/FOTOS SITE-20251125T182320Z-1-001/FLOASSEP/ARGILA-PRETA.jpg,/home/gabbu/Área de trabalho/scripts/otimizacao-imgs-webp/ecommerce-produtos/detail/florerva/FOTOS SITE-20251125T182320Z-1-001/FLOASSEP/ARGILA-PRETA_detail.webp,detail,217676,90556,212.6 KB -> 88.4 KB
SUCCESS,/home/gabbu/Downloads/ecommerce-produtos/florerva/FOTOS SITE-20251125T182320Z-1-001/FLOASSEP/ARGILA-PRETA.jpg,/home/gabbu/Área de trabalho/scripts/otimizacao-imgs-webp/ecommerce-produtos/hero/florerva/FOTOS SITE-20251125T182320Z-1-001/FLOASSEP/ARGILA-PRETA_hero.webp,hero,217676,134978,212.6 KB -> 131.8 KB
SUCCESS,/home/gabbu/Downloads/ecommerce-produtos/florerva/FOTOS SITE-20251125T182320Z-1-001/FLOASSEP/636-250g.webp,/home/gabbu/Área de trabalho/scripts/otimizacao-imgs-webp/ecommerce-produtos/thumbnail/florerva/FOTOS SITE-20251125T182320Z-1-001/FLOASSEP/636-250g_thumbnail.webp,thumbnail,54166,6230,52.9 KB -> 6.1 KB
SUCCESS,/home/gabbu/Downloads/ecommerce-produtos/florerva/FOTOS SITE-20251125T182320Z-1-001/FLOASSEP/636-250g.webp,/home/gabbu/Área de trabalho/scripts/otimizacao-imgs-webp/ecommerce-produtos/card/florerva/FOTOS SITE-20251125T182320Z-1-001/FLOASSEP/636-250g_card.webp,card,54166,18148,52.9 KB -> 17.7 KB
SUCCESS,/home/gabbu/Downloads/ecommerce-produtos/florerva/FOTOS SITE-20251125T182320Z-1-001/FLOASSEP/636-250g.webp,/home/gabbu/Área de trabalho/scripts/otimizacao-imgs-webp/ecommerce-produtos/detail/florerva/FOTOS SITE-20251125T182320Z-1-001/FLOASSEP/636-250g_detail.webp,detail,54166,49070,52.9 KB -> 47.9 KB
SKIPPED,/home/gabbu/Downloads/ecommerce-produtos/florerva/FOTOS SITE-20251125T182320Z-1-001/FLOASSEP/636-250g.webp,,hero,54166,58906,WebP ficou maior que o original
SUCCESS,/home/gabbu/Downloads/ecommerce-produtos/florerva/FOTOS SITE-20251125T182320Z-1-001/FLOASSEP/dolomita-500g_2020.jpg,/home/gabbu/Área de trabalho/scripts/otimizacao-imgs-webp/ecommerce-produtos/thumbnail/florerva/FOTOS SITE-20251125T182320Z-1-001/FLOASSEP/dolomita-500g_2020_thumbnail.webp,thumbnail,212310,8334,207.3 KB -> 8.1 KB
SUCCESS,/home/gabbu/Downloads/ecommerce-produtos/florerva/FOTOS SITE-20251125T182320Z-1-001/FLOASSEP/dolomita-500g_2020.jpg,/home/gabbu/Área de trabalho/scripts/otimizacao-imgs-webp/ecommerce-produtos/card/florerva/FOTOS SITE-20251125T182320Z-1-001/FLOASSEP/dolomita-500g_2020_card.webp,card,212310,26816,207.3 KB -> 26.2 KB
SUCCESS,/home/gabbu/Downloads/ecommerce-produtos/florerva/FOTOS SITE-20251125T182320Z-1-001/FLOASSEP/dolomita-500g_2020.jpg,/home/gabbu/Área de trabalho/scripts/otimizacao-imgs-webp/ecommerce-produtos/detail/florerva/FOTOS SITE-20251125T182320Z-1-001/FLOASSEP/dolomita-500g_2020_detail.webp,detail,212310,82140,207.3 KB -> 80.2 KB
SUCCESS,/home/gabbu/Downloads/ecommerce-produtos/florerva/FOTOS SITE-20251125T182320Z-1-001/FLOASSEP/dolomita-500g_2020.jpg,/home/gabbu/Área de trabalho/scripts/otimizacao-imgs-webp/ecommerce-produtos/hero/florerva/FOTOS SITE-20251125T182320Z-1-001/FLOASSEP/dolomita-500g_2020_hero.webp,hero,212310,128648,207.3 KB -> 125.6 KB
SUCCESS,/home/gabbu/Downloads/ecommerce-produtos/florerva/FOTOS SITE-20251125T182320Z-1-001/FLOASSEP/Floassep---Argila-ROXA-250g.png,/home/gabbu/Área de trabalho/scripts/otimizacao-imgs-webp/ecommerce-produtos/thumbnail/florerva/FOTOS SITE-20251125T182320Z-1-001/FLOASSEP/Floassep---Argila-ROXA-250g_thumbnail.webp,thumbnail,1212989,10148,1.2 MB -> 9.9 KB
SUCCESS,/home/gabbu/Downloads/ecommerce-produtos/florerva/FOTOS SITE-20251125T182320Z-1-001/FLOASSEP/Floassep---Argila-ROXA-250g.png,/home/gabbu/Área de trabalho/scripts/otimizacao-imgs-webp/ecommerce-produtos/card/florerva/FOTOS SITE-20251125T182320Z-1-001/FLOASSEP/Floassep---Argila-ROXA-250g_card.webp,card,1212989,31822,1.2 MB -> 31.1 KB
SUCCESS,/home/gabbu/Downloads/ecommerce-produtos/florerva/FOTOS SITE-20251125T182320Z-1-001/FLOASSEP/Floassep---Argila-ROXA-250g.png,/home/gabbu/Área de trabalho/scripts/otimizacao-imgs-webp/ecommerce-produtos/detail/florerva/FOTOS SITE-20251125T182320Z-1-001/FLOASSEP/Floassep---Argila-ROXA-250g_detail.webp,detail,1212989,92428,1.2 MB -> 90.3 KB
SUCCESS,/home/gabbu/Downloads/ecommerce-produtos/florerva/FOTOS SITE-20251125T182320Z-1-001/FLOASSEP/Floassep---Argila-ROXA-250g.png,/home/gabbu/Área de trabalho/scripts/otimizacao-imgs-webp/ecommerce-produtos/hero/florerva/FOTOS SITE-20251125T182320Z-1-001/FLOASSEP/Floassep---Argila-ROXA-250g_hero.webp,hero,1212989,167734,1.2 MB -> 163.8 KB
SUCCESS,/home/gabbu/Downloads/ecommerce-produtos/florerva/FOTOS SITE-20251125T182320Z-1-001/FLOASSEP/argila-verde-500.png,/home/gabbu/Área de trabalho/scripts/otimizacao-imgs-webp/ecommerce-produtos/thumbnail/florerva/FOTOS SITE-20251125T182320Z-1-001/FLOASSEP/argila-verde-500_thumbnail.webp,thumbnail,203906,5962,199.1 KB -> 5.8 KB
SUCCESS,/home/gabbu/Downloads/ecommerce-produtos/florerva/FOTOS SITE-20251125T182320Z-1-001/FLOASSEP/argila-verde-500.png,/home/gabbu/Área de trabalho/scripts/otimizacao-imgs-webp/ecommerce-produtos/card/florerva/FOTOS SITE-20251125T182320Z-1-001/FLOASSEP/argila-verde-500_card.webp,card,203906,17740,199.1 KB -> 17.3 KB
SUCCESS,/home/gabbu/Downloads/ecommerce-produtos/florerva/FOTOS SITE-20251125T182320Z-1-001/FLOASSEP/argila-verde-500.png,/home/gabbu/Área de trabalho/scripts/otimizacao-imgs-webp/ecommerce-produtos/detail/florerva/FOTOS SITE-20251125T182320Z-1-001/FLOASSEP/argila-verde-500_detail.webp,detail,203906,48044,199.1 KB -> 46.9 KB
SUCCESS,/home/gabbu/Downloads/ecommerce-produtos/florerva/FOTOS SITE-20251125T182320Z-1-001/FLOASSEP/argila-verde-500.png,/home/gabbu/Área de trabalho/scripts/otimizacao-imgs-webp/ecommerce-produtos/hero/florerva/FOTOS SITE-20251125T182320Z-1-001/FLOASSEP/argila-verde-500_hero.webp,hero,203906,61616,199.1 KB -> 60.2 KB
SUCCESS,/home/gabbu/Downloads/ecommerce-produtos/florerva/FOTOS SITE-20251125T182320Z-1-001/FLOASSEP/Floassep---Argila-Amarela-250g.jpg,/home/gabbu/Área de trabalho/scripts/otimizacao-imgs-webp/ecommerce-produtos/thumbnail/florerva/FOTOS SITE-20251125T182320Z-1-001/FLOASSEP/Floassep---Argila-Amarela-250g_thumbnail.webp,thumbnail,210347,8042,205.4 KB -> 7.9 KB
SUCCESS,/home/gabbu/Downloads/ecommerce-produtos/florerva/FOTOS SITE-20251125T182320Z-1-001/FLOASSEP/Floassep---Argila-Amarela-250g.jpg,/home/gabbu/Área de trabalho/scripts/otimizacao-imgs-webp/ecommerce-produtos/card/florerva/FOTOS SITE-20251125T182320Z-1-001/FLOASSEP/Floassep---Argila-Amarela-250g_card.webp,card,210347,27414,205.4 KB -> 26.8 KB
SUCCESS,/home/gabbu/Downloads/ecommerce-produtos/florerva/FOTOS SITE-20251125T182320Z-1-001/FLOASSEP/Floassep---Argila-Amarela-250g.jpg,/home/gabbu/Área de trabalho/scripts/otimizacao-imgs-webp/ecommerce-produtos/detail/florerva/FOTOS SITE-20251125T182320Z-1-001/FLOASSEP/Floassep---Argila-Amarela-250g_detail.webp,detail,210347,85284,205.4 KB -> 83.3 KB
SUCCESS,/home/gabbu/Downloads/ecommerce-produtos/florerva/FOTOS SITE-20251125T182320Z-1-001/FLOASSEP/Floassep---Argila-Amarela-250g.jpg,/home/gabbu/Área de trabalho/scripts/otimizacao-imgs-webp/ecommerce-produtos/hero/florerva/FOTOS SITE-20251125T182320Z-1-001/FLOASSEP/Floassep---Argila-Amarela-250g_hero.webp,hero,210347,128196,205.4 KB -> 125.2 KB
SUCCESS,/home/gabbu/Downloads/ecommerce-produtos/florerva/FOTOS SITE-20251125T182320Z-1-001/FLOASSEP/dolomita-250g_2020.jpg,/home/gabbu/Área de trabalho/scripts/otimizacao-imgs-webp/ecommerce-produtos/thumbnail/florerva/FOTOS SITE-20251125T182320Z-1-001/FLOASSEP/dolomita-250g_2020_thumbnail.webp,thumbnail,209313,8362,204.4 KB -> 8.2 KB
SUCCESS,/home/gabbu/Downloads/ecommerce-produtos/florerva/FOTOS SITE-20251125T182320Z-1-001/FLOASSEP/dolomita-250g_2020.jpg,/home/gabbu/Área de trabalho/scripts/otimizacao-imgs-webp/ecommerce-produtos/card/florerva/FOTOS SITE-20251125T182320Z-1-001/FLOASSEP/dolomita-250g_2020_card.webp,card,209313,27178,204.4 KB -> 26.5 KB
SUCCESS,/home/gabbu/Downloads/ecommerce-produtos/florerva/FOTOS SITE-20251125T182320Z-1-001/FLOASSEP/dolomita-250g_2020.jpg,/home/gabbu/Área de trabalho/scripts/otimizacao-imgs-webp/ecommerce-produtos/detail/florerva/FOTOS SITE-20251125T182320Z-1-001/FLOASSEP/dolomita-250g_2020_detail.webp,detail,209313,82332,204.4 KB -> 80.4 KB
SUCCESS,/home/gabbu/Downloads/ecommerce-produtos/florerva/FOTOS SITE-20251125T182320Z-1-001/FLOASSEP/dolomita-250g_2020.jpg,/home/gabbu/Área de trabalho/scripts/otimizacao-imgs-webp/ecommerce-produtos/hero/florerva/FOTOS SITE-20251125T182320Z-1-001/FLOASSEP/dolomita-250g_2020_hero.webp,hero,209313,127892,204.4 KB -> 124.9 KB
SUCCESS,/home/gabbu/Downloads/ecommerce-produtos/florerva/FOTOS SITE-20251125T182320Z-1-001/FLOASSEP/633-250g.webp,/home/gabbu/Área de trabalho/scripts/otimizacao-imgs-webp/ecommerce-produtos/thumbnail/florerva/FOTOS SITE-20251125T182320Z-1-001/FLOASSEP/633-250g_thumbnail.webp,thumbnail,104224,8116,101.8 KB -> 7.9 KB
SUCCESS,/home/gabbu/Downloads/ecommerce-produtos/florerva/FOTOS SITE-20251125T182320Z-1-001/FLOASSEP/633-250g.webp,/home/gabbu/Área de trabalho/scripts/otimizacao-imgs-webp/ecommerce-produtos/card/florerva/FOTOS SITE-20251125T182320Z-1-001/FLOASSEP/633-250g_card.webp,card,104224,26572,101.8 KB -> 25.9 KB
SUCCESS,/home/gabbu/Downloads/ecommerce-produtos/florerva/FOTOS SITE-20251125T182320Z-1-001/FLOASSEP/633-250g.webp,/home/gabbu/Área de trabalho/scripts/otimizacao-imgs-webp/ecommerce-produtos/detail/florerva/FOTOS SITE-20251125T182320Z-1-001/FLOASSEP/633-250g_detail.webp,detail,104224,79852,101.8 KB -> 78.0 KB
SKIPPED,/home/gabbu/Downloads/ecommerce-produtos/florerva/FOTOS SITE-20251125T182320Z-1-001/FLOASSEP/633-250g.webp,,hero,104224,110162,WebP ficou maior que o original
SUCCESS,/home/gabbu/Downloads/ecommerce-produtos/florerva/FOTOS SITE-20251125T182320Z-1-001/FLOASSEP/P633-500g.webp,/home/gabbu/Área de trabalho/scripts/otimizacao-imgs-webp/ecommerce-produtos/thumbnail/florerva/FOTOS SITE-20251125T182320Z-1-001/FLOASSEP/P633-500g_thumbnail.webp,thumbnail,105600,8020,103.1 KB -> 7.8 KB
SUCCESS,/home/gabbu/Downloads/ecommerce-produtos/florerva/FOTOS SITE-20251125T182320Z-1-001/FLOASSEP/P633-500g.webp,/home/gabbu/Área de trabalho/scripts/otimizacao-imgs-webp/ecommerce-produtos/card/florerva/FOTOS SITE-20251125T182320Z-1-001/FLOASSEP/P633-500g_card.webp,card,105600,26172,103.1 KB -> 25.6 KB
SUCCESS,/home/gabbu/Downloads/ecommerce-produtos/florerva/FOTOS SITE-20251125T182320Z-1-001/FLOASSEP/P633-500g.webp,/home/gabbu/Área de trabalho/scripts/otimizacao-imgs-webp/ecommerce-produtos/detail/florerva/FOTOS SITE-20251125T182320Z-1-001/FLOASSEP/P633-500g_detail.webp,detail,105600,79432,103.1 KB -> 77.6 KB
SKIPPED,/home/gabbu/Downloads/ecommerce-produtos/florerva/FOTOS SITE-20251125T182320Z-1-001/FLOASSEP/P633-500g.webp,,hero,105600,112178,WebP ficou maior que o original
SUCCESS,/home/gabbu/Downloads/ecommerce-produtos/florerva/FOTOS SITE-20251125T182320Z-1-001/FLOASSEP/ARGILA-PRETA-250.jpg,/home/gabbu/Área de trabalho/scripts/otimizacao-imgs-webp/ecommerce-produtos/thumbnail/florerva/FOTOS SITE-20251125T182320Z-1-001/FLOASSEP/ARGILA-PRETA-250_thumbnail.webp,thumbnail,222955,9182,217.7 KB -> 9.0 KB
SUCCESS,/home/gabbu/Downloads/ecommerce-produtos/florerva/FOTOS SITE-20251125T182320Z-1-001/FLOASSEP/ARGILA-PRETA-250.jpg,/home/gabbu/Área de trabalho/scripts/otimizacao-imgs-webp/ecommerce-produtos/card/florerva/FOTOS SITE-20251125T182320Z-1-001/FLOASSEP/ARGILA-PRETA-250_card.webp,card,222955,30168,217.7 KB -> 29.5 KB
SUCCESS,/home/gabbu/Downloads/ecommerce-produtos/florerva/FOTOS SITE-20251125T182320Z-1-001/FLOASSEP/ARGILA-PRETA-250.jpg,/home/gabbu/Área de trabalho/scripts/otimizacao-imgs-webp/ecommerce-produtos/detail/florerva/FOTOS SITE-20251125T182320Z-1-001/FLOASSEP/ARGILA-PRETA-250_detail.webp,detail,222955,91814,217.7 KB -> 89.7 KB
SUCCESS,/home/gabbu/Downloads/ecommerce-produtos/florerva/FOTOS SITE-20251125T182320Z-1-001/FLOASSEP/ARGILA-PRETA-250.jpg,/home/gabbu/Área de trabalho/scripts/otimizacao-imgs-webp/ecommerce-produtos/hero/florerva/FOTOS SITE-20251125T182320Z-1-001/FLOASSEP/ARGILA-PRETA-250_hero.webp,hero,222955,137634,217.7 KB -> 134.4 KB
SUCCESS,/home/gabbu/Downloads/ecommerce-produtos/florerva/FOTOS SITE-20251125T182320Z-1-001/FLOASSEP/Floassep---Argila-Branca-da-Amazônia-Nutritiva-250-.jpg,/home/gabbu/Área de trabalho/scripts/otimizacao-imgs-webp/ecommerce-produtos/thumbnail/florerva/FOTOS SITE-20251125T182320Z-1-001/FLOASSEP/Floassep---Argila-Branca-da-Amazônia-Nutritiva-250-_thumbnail.webp,thumbnail,212735,8138,207.7 KB -> 7.9 KB
SUCCESS,/home/gabbu/Downloads/ecommerce-produtos/florerva/FOTOS SITE-20251125T182320Z-1-001/FLOASSEP/Floassep---Argila-Branca-da-Amazônia-Nutritiva-250-.jpg,/home/gabbu/Área de trabalho/scripts/otimizacao-imgs-webp/ecommerce-produtos/card/florerva/FOTOS SITE-20251125T182320Z-1-001/FLOASSEP/Floassep---Argila-Branca-da-Amazônia-Nutritiva-250-_card.webp,card,212735,26852,207.7 KB -> 26.2 KB
SUCCESS,/home/gabbu/Downloads/ecommerce-produtos/florerva/FOTOS SITE-20251125T182320Z-1-001/FLOASSEP/Floassep---Argila-Branca-da-Amazônia-Nutritiva-250-.jpg,/home/gabbu/Área de trabalho/scripts/otimizacao-imgs-webp/ecommerce-produtos/detail/florerva/FOTOS SITE-20251125T182320Z-1-001/FLOASSEP/Floassep---Argila-Branca-da-Amazônia-Nutritiva-250-_detail.webp,detail,212735,83714,207.7 KB -> 81.8 KB
SUCCESS,/home/gabbu/Downloads/ecommerce-produtos/florerva/FOTOS SITE-20251125T182320Z-1-001/FLOASSEP/Floassep---Argila-Branca-da-Amazônia-Nutritiva-250-.jpg,/home/gabbu/Área de trabalho/scripts/otimizacao-imgs-webp/ecommerce-produtos/hero/florerva/FOTOS SITE-20251125T182320Z-1-001/FLOASSEP/Floassep---Argila-Branca-da-Amazônia-Nutritiva-250-_hero.webp,hero,212735,126656,207.7 KB -> 123.7 KB
SUCCESS,/home/gabbu/Downloads/ecommerce-produtos/florerva/FOTOS SITE-20251125T182320Z-1-001/FLOASSEP/Floassep---Argila-Roxa-500.jpg,/home/gabbu/Área de trabalho/scripts/otimizacao-imgs-webp/ecommerce-produtos/thumbnail/florerva/FOTOS SITE-20251125T182320Z-1-001/FLOASSEP/Floassep---Argila-Roxa-500_thumbnail.webp,thumbnail,214112,7972,209.1 KB -> 7.8 KB
SUCCESS,/home/gabbu/Downloads/ecommerce-produtos/florerva/FOTOS SITE-20251125T182320Z-1-001/FLOASSEP/Floassep---Argila-Roxa-500.jpg,/home/gabbu/Área de trabalho/scripts/otimizacao-imgs-webp/ecommerce-produtos/card/florerva/FOTOS SITE-20251125T182320Z-1-001/FLOASSEP/Floassep---Argila-Roxa-500_card.webp,card,214112,25868,209.1 KB -> 25.3 KB
SUCCESS,/home/gabbu/Downloads/ecommerce-produtos/florerva/FOTOS SITE-20251125T182320Z-1-001/FLOASSEP/Floassep---Argila-Roxa-500.jpg,/home/gabbu/Área de trabalho/scripts/otimizacao-imgs-webp/ecommerce-produtos/detail/florerva/FOTOS SITE-20251125T182320Z-1-001/FLOASSEP/Floassep---Argila-Roxa-500_detail.webp,detail,214112,79746,209.1 KB -> 77.9 KB
SUCCESS,/home/gabbu/Downloads/ecommerce-produtos/florerva/FOTOS SITE-20251125T182320Z-1-001/FLOASSEP/Floassep---Argila-Roxa-500.jpg,/home/gabbu/Área de trabalho/scripts/otimizacao-imgs-webp/ecommerce-produtos/hero/florerva/FOTOS SITE-20251125T182320Z-1-001/FLOASSEP/Floassep---Argila-Roxa-500_hero.webp,hero,214112,131692,209.1 KB -> 128.6 KB
SUCCESS,/home/gabbu/Downloads/ecommerce-produtos/florerva/FOTOS SITE-20251125T182320Z-1-001/FLOASSEP/P630.png,/home/gabbu/Área de trabalho/scripts/otimizacao-imgs-webp/ecommerce-produtos/thumbnail/florerva/FOTOS SITE-20251125T182320Z-1-001/FLOASSEP/P630_thumbnail.webp,thumbnail,318586,6608,311.1 KB -> 6.5 KB
SUCCESS,/home/gabbu/Downloads/ecommerce-produtos/florerva/FOTOS SITE-20251125T182320Z-1-001/FLOASSEP/P630.png,/home/gabbu/Área de trabalho/scripts/otimizacao-imgs-webp/ecommerce-produtos/card/florerva/FOTOS SITE-20251125T182320Z-1-001/FLOASSEP/P630_card.webp,card,318586,18402,311.1 KB -> 18.0 KB
SUCCESS,/home/gabbu/Downloads/ecommerce-produtos/florerva/FOTOS SITE-20251125T182320Z-1-001/FLOASSEP/P630.png,/home/gabbu/Área de trabalho/scripts/otimizacao-imgs-webp/ecommerce-produtos/detail/florerva/FOTOS SITE-20251125T182320Z-1-001/FLOASSEP/P630_detail.webp,detail,318586,48574,311.1 KB -> 47.4 KB
SUCCESS,/home/gabbu/Downloads/ecommerce-produtos/florerva/FOTOS SITE-20251125T182320Z-1-001/FLOASSEP/P630.png,/home/gabbu/Área de trabalho/scripts/otimizacao-imgs-webp/ecommerce-produtos/hero/florerva/FOTOS SITE-20251125T182320Z-1-001/FLOASSEP/P630_hero.webp,hero,318586,56682,311.1 KB -> 55.4 KB
SUCCESS,/home/gabbu/Downloads/ecommerce-produtos/florerva/FOTOS SITE-20251125T182320Z-1-001/FLOASSEP/Floassep---Argila-Branca-da-Amazônia-Nutritiva-500g.jpg,/home/gabbu/Área de trabalho/scripts/otimizacao-imgs-webp/ecommerce-produtos/thumbnail/florerva/FOTOS SITE-20251125T182320Z-1-001/FLOASSEP/Floassep---Argila-Branca-da-Amazônia-Nutritiva-500g_thumbnail.webp,thumbnail,213526,8040,208.5 KB -> 7.9 KB
SUCCESS,/home/gabbu/Downloads/ecommerce-produtos/florerva/FOTOS SITE-20251125T182320Z-1-001/FLOASSEP/Floassep---Argila-Branca-da-Amazônia-Nutritiva-500g.jpg,/home/gabbu/Área de trabalho/scripts/otimizacao-imgs-webp/ecommerce-produtos/card/florerva/FOTOS SITE-20251125T182320Z-1-001/FLOASSEP/Floassep---Argila-Branca-da-Amazônia-Nutritiva-500g_card.webp,card,213526,26742,208.5 KB -> 26.1 KB
SUCCESS,/home/gabbu/Downloads/ecommerce-produtos/florerva/FOTOS SITE-20251125T182320Z-1-001/FLOASSEP/Floassep---Argila-Branca-da-Amazônia-Nutritiva-500g.jpg,/home/gabbu/Área de trabalho/scripts/otimizacao-imgs-webp/ecommerce-produtos/detail/florerva/FOTOS SITE-20251125T182320Z-1-001/FLOASSEP/Floassep---Argila-Branca-da-Amazônia-Nutritiva-500g_detail.webp,detail,213526,83066,208.5 KB -> 81.1 KB
SUCCESS,/home/gabbu/Downloads/ecommerce-produtos/florerva/FOTOS SITE-20251125T182320Z-1-001/FLOASSEP/Floassep---Argila-Branca-da-Amazônia-Nutritiva-500g.jpg,/home/gabbu/Área de trabalho/scripts/otimizacao-imgs-webp/ecommerce-produtos/hero/florerva/FOTOS SITE-20251125T182320Z-1-001/FLOASSEP/Floassep---Argila-Branca-da-Amazônia-Nutritiva-500g_hero.webp,hero,213526,128736,208.5 KB -> 125.7 KB
SUCCESS,/home/gabbu/Downloads/ecommerce-produtos/florerva/FOTOS SITE-20251125T182320Z-1-001/FLOASSEP/636.webp,/home/gabbu/Área de trabalho/scripts/otimizacao-imgs-webp/ecommerce-produtos/thumbnail/florerva/FOTOS SITE-20251125T182320Z-1-001/FLOASSEP/636_thumbnail.webp,thumbnail,5078,4730,5.0 KB -> 4.6 KB
SUCCESS,/home/gabbu/Downloads/ecommerce-produtos/florerva/FOTOS SITE-20251125T182320Z-1-001/FLOASSEP/636.webp,/home/gabbu/Área de trabalho/scripts/otimizacao-imgs-webp/ecommerce-produtos/card/florerva/FOTOS SITE-20251125T182320Z-1-001/FLOASSEP/636_card.webp,card,5078,5040,5.0 KB -> 4.9 KB
SKIPPED,/home/gabbu/Downloads/ecommerce-produtos/florerva/FOTOS SITE-20251125T182320Z-1-001/FLOASSEP/636.webp,,detail,5078,5358,WebP ficou maior que o original
SKIPPED,/home/gabbu/Downloads/ecommerce-produtos/florerva/FOTOS SITE-20251125T182320Z-1-001/FLOASSEP/636.webp,,hero,5078,5502,WebP ficou maior que o original
SUCCESS,/home/gabbu/Downloads/ecommerce-produtos/florerva/FOTOS SITE-20251125T182320Z-1-001/FLOASSEP/630.png,/home/gabbu/Área de trabalho/scripts/otimizacao-imgs-webp/ecommerce-produtos/thumbnail/florerva/FOTOS SITE-20251125T182320Z-1-001/FLOASSEP/630_thumbnail.webp,thumbnail,118769,3326,116.0 KB -> 3.2 KB
SUCCESS,/home/gabbu/Downloads/ecommerce-produtos/florerva/FOTOS SITE-20251125T182320Z-1-001/FLOASSEP/630.png,/home/gabbu/Área de trabalho/scripts/otimizacao-imgs-webp/ecommerce-produtos/card/florerva/FOTOS SITE-20251125T182320Z-1-001/FLOASSEP/630_card.webp,card,118769,10018,116.0 KB -> 9.8 KB
SUCCESS,/home/gabbu/Downloads/ecommerce-produtos/florerva/FOTOS SITE-20251125T182320Z-1-001/FLOASSEP/630.png,/home/gabbu/Área de trabalho/scripts/otimizacao-imgs-webp/ecommerce-produtos/detail/florerva/FOTOS SITE-20251125T182320Z-1-001/FLOASSEP/630_detail.webp,detail,118769,27840,116.0 KB -> 27.2 KB
SUCCESS,/home/gabbu/Downloads/ecommerce-produtos/florerva/FOTOS SITE-20251125T182320Z-1-001/FLOASSEP/630.png,/home/gabbu/Área de trabalho/scripts/otimizacao-imgs-webp/ecommerce-produtos/hero/florerva/FOTOS SITE-20251125T182320Z-1-001/FLOASSEP/630_hero.webp,hero,118769,28908,116.0 KB -> 28.2 KB
SUCCESS,/home/gabbu/Downloads/ecommerce-produtos/florerva/FOTOS SITE-20251125T182320Z-1-001/FLOASSEP/P632-500g.jpg,/home/gabbu/Área de trabalho/scripts/otimizacao-imgs-webp/ecommerce-produtos/thumbnail/florerva/FOTOS SITE-20251125T182320Z-1-001/FLOASSEP/P632-500g_thumbnail.webp,thumbnail,213938,7872,208.9 KB -> 7.7 KB
SUCCESS,/home/gabbu/Downloads/ecommerce-produtos/florerva/FOTOS SITE-20251125T182320Z-1-001/FLOASSEP/P632-500g.jpg,/home/gabbu/Área de trabalho/scripts/otimizacao-imgs-webp/ecommerce-produtos/card/florerva/FOTOS SITE-20251125T182320Z-1-001/FLOASSEP/P632-500g_card.webp,card,213938,27176,208.9 KB -> 26.5 KB
SUCCESS,/home/gabbu/Downloads/ecommerce-produtos/florerva/FOTOS SITE-20251125T182320Z-1-001/FLOASSEP/P632-500g.jpg,/home/gabbu/Área de trabalho/scripts/otimizacao-imgs-webp/ecommerce-produtos/detail/florerva/FOTOS SITE-20251125T182320Z-1-001/FLOASSEP/P632-500g_detail.webp,detail,213938,83766,208.9 KB -> 81.8 KB
SUCCESS,/home/gabbu/Downloads/ecommerce-produtos/florerva/FOTOS SITE-20251125T182320Z-1-001/FLOASSEP/P632-500g.jpg,/home/gabbu/Área de trabalho/scripts/otimizacao-imgs-webp/ecommerce-produtos/hero/florerva/FOTOS SITE-20251125T182320Z-1-001/FLOASSEP/P632-500g_hero.webp,hero,213938,130602,208.9 KB -> 127.5 KB
SUCCESS,/home/gabbu/Downloads/ecommerce-produtos/florerva/FOTOS SITE-20251125T182320Z-1-001/FLOREDUCTION/P800K.webp,/home/gabbu/Área de trabalho/scripts/otimizacao-imgs-webp/ecommerce-produtos/thumbnail/florerva/FOTOS SITE-20251125T182320Z-1-001/FLOREDUCTION/P800K_thumbnail.webp,thumbnail,50446,4006,49.3 KB -> 3.9 KB
SUCCESS,/home/gabbu/Downloads/ecommerce-produtos/florerva/FOTOS SITE-20251125T182320Z-1-001/FLOREDUCTION/P800K.webp,/home/gabbu/Área de trabalho/scripts/otimizacao-imgs-webp/ecommerce-produtos/card/florerva/FOTOS SITE-20251125T182320Z-1-001/FLOREDUCTION/P800K_card.webp,card,50446,13252,49.3 KB -> 12.9 KB
SUCCESS,/home/gabbu/Downloads/ecommerce-produtos/florerva/FOTOS SITE-20251125T182320Z-1-001/FLOREDUCTION/P800K.webp,/home/gabbu/Área de trabalho/scripts/otimizacao-imgs-webp/ecommerce-produtos/detail/florerva/FOTOS SITE-20251125T182320Z-1-001/FLOREDUCTION/P800K_detail.webp,detail,50446,42538,49.3 KB -> 41.5 KB
SKIPPED,/home/gabbu/Downloads/ecommerce-produtos/florerva/FOTOS SITE-20251125T182320Z-1-001/FLOREDUCTION/P800K.webp,,hero,50446,52718,WebP ficou maior que o original
SUCCESS,/home/gabbu/Downloads/ecommerce-produtos/florerva/FOTOS SITE-20251125T182320Z-1-001/FLOREDUCTION/802.webp,/home/gabbu/Área de trabalho/scripts/otimizacao-imgs-webp/ecommerce-produtos/thumbnail/florerva/FOTOS SITE-20251125T182320Z-1-001/FLOREDUCTION/802_thumbnail.webp,thumbnail,32270,4294,31.5 KB -> 4.2 KB
SUCCESS,/home/gabbu/Downloads/ecommerce-produtos/florerva/FOTOS SITE-20251125T182320Z-1-001/FLOREDUCTION/802.webp,/home/gabbu/Área de trabalho/scripts/otimizacao-imgs-webp/ecommerce-produtos/card/florerva/FOTOS SITE-20251125T182320Z-1-001/FLOREDUCTION/802_card.webp,card,32270,11426,31.5 KB -> 11.2 KB
SUCCESS,/home/gabbu/Downloads/ecommerce-produtos/florerva/FOTOS SITE-20251125T182320Z-1-001/FLOREDUCTION/802.webp,/home/gabbu/Área de trabalho/scripts/otimizacao-imgs-webp/ecommerce-produtos/detail/florerva/FOTOS SITE-20251125T182320Z-1-001/FLOREDUCTION/802_detail.webp,detail,32270,29918,31.5 KB -> 29.2 KB
SKIPPED,/home/gabbu/Downloads/ecommerce-produtos/florerva/FOTOS SITE-20251125T182320Z-1-001/FLOREDUCTION/802.webp,,hero,32270,33044,WebP ficou maior que o original
SUCCESS,/home/gabbu/Downloads/ecommerce-produtos/florerva/FOTOS SITE-20251125T182320Z-1-001/FLOREDUCTION/P802.webp,/home/gabbu/Área de trabalho/scripts/otimizacao-imgs-webp/ecommerce-produtos/thumbnail/florerva/FOTOS SITE-20251125T182320Z-1-001/FLOREDUCTION/P802_thumbnail.webp,thumbnail,31680,4354,30.9 KB -> 4.3 KB
SUCCESS,/home/gabbu/Downloads/ecommerce-produtos/florerva/FOTOS SITE-20251125T182320Z-1-001/FLOREDUCTION/P802.webp,/home/gabbu/Área de trabalho/scripts/otimizacao-imgs-webp/ecommerce-produtos/card/florerva/FOTOS SITE-20251125T182320Z-1-001/FLOREDUCTION/P802_card.webp,card,31680,11620,30.9 KB -> 11.3 KB
SUCCESS,/home/gabbu/Downloads/ecommerce-produtos/florerva/FOTOS SITE-20251125T182320Z-1-001/FLOREDUCTION/P802.webp,/home/gabbu/Área de trabalho/scripts/otimizacao-imgs-webp/ecommerce-produtos/detail/florerva/FOTOS SITE-20251125T182320Z-1-001/FLOREDUCTION/P802_detail.webp,detail,31680,30750,30.9 KB -> 30.0 KB
SKIPPED,/home/gabbu/Downloads/ecommerce-produtos/florerva/FOTOS SITE-20251125T182320Z-1-001/FLOREDUCTION/P802.webp,,hero,31680,32272,WebP ficou maior que o original
SUCCESS,/home/gabbu/Downloads/ecommerce-produtos/florerva/FOTOS SITE-20251125T182320Z-1-001/FLOREDUCTION/P791K.webp,/home/gabbu/Área de trabalho/scripts/otimizacao-imgs-webp/ecommerce-produtos/thumbnail/florerva/FOTOS SITE-20251125T182320Z-1-001/FLOREDUCTION/P791K_thumbnail.webp,thumbnail,47774,3922,46.7 KB -> 3.8 KB
SUCCESS,/home/gabbu/Downloads/ecommerce-produtos/florerva/FOTOS SITE-20251125T182320Z-1-001/FLOREDUCTION/P791K.webp,/home/gabbu/Área de trabalho/scripts/otimizacao-imgs-webp/ecommerce-produtos/card/florerva/FOTOS SITE-20251125T182320Z-1-001/FLOREDUCTION/P791K_card.webp,card,47774,12232,46.7 KB -> 11.9 KB
SUCCESS,/home/gabbu/Downloads/ecommerce-produtos/florerva/FOTOS SITE-20251125T182320Z-1-001/FLOREDUCTION/P791K.webp,/home/gabbu/Área de trabalho/scripts/otimizacao-imgs-webp/ecommerce-produtos/detail/florerva/FOTOS SITE-20251125T182320Z-1-001/FLOREDUCTION/P791K_detail.webp,detail,47774,41962,46.7 KB -> 41.0 KB
SKIPPED,/home/gabbu/Downloads/ecommerce-produtos/florerva/FOTOS SITE-20251125T182320Z-1-001/FLOREDUCTION/P791K.webp,,hero,47774,49508,WebP ficou maior que o original
SUCCESS,/home/gabbu/Downloads/ecommerce-produtos/florerva/FOTOS SITE-20251125T182320Z-1-001/FLOREDUCTION/P791.webp,/home/gabbu/Área de trabalho/scripts/otimizacao-imgs-webp/ecommerce-produtos/thumbnail/florerva/FOTOS SITE-20251125T182320Z-1-001/FLOREDUCTION/P791_thumbnail.webp,thumbnail,72008,4168,70.3 KB -> 4.1 KB
SUCCESS,/home/gabbu/Downloads/ecommerce-produtos/florerva/FOTOS SITE-20251125T182320Z-1-001/FLOREDUCTION/P791.webp,/home/gabbu/Área de trabalho/scripts/otimizacao-imgs-webp/ecommerce-produtos/card/florerva/FOTOS SITE-20251125T182320Z-1-001/FLOREDUCTION/P791_card.webp,card,72008,14558,70.3 KB -> 14.2 KB
SUCCESS,/home/gabbu/Downloads/ecommerce-produtos/florerva/FOTOS SITE-20251125T182320Z-1-001/FLOREDUCTION/P791.webp,/home/gabbu/Área de trabalho/scripts/otimizacao-imgs-webp/ecommerce-produtos/detail/florerva/FOTOS SITE-20251125T182320Z-1-001/FLOREDUCTION/P791_detail.webp,detail,72008,43926,70.3 KB -> 42.9 KB
SKIPPED,/home/gabbu/Downloads/ecommerce-produtos/florerva/FOTOS SITE-20251125T182320Z-1-001/FLOREDUCTION/P791.webp,,hero,72008,75088,WebP ficou maior que o original
SUCCESS,/home/gabbu/Downloads/ecommerce-produtos/florerva/FOTOS SITE-20251125T182320Z-1-001/FLOREDUCTION/P780K.webp,/home/gabbu/Área de trabalho/scripts/otimizacao-imgs-webp/ecommerce-produtos/thumbnail/florerva/FOTOS SITE-20251125T182320Z-1-001/FLOREDUCTION/P780K_thumbnail.webp,thumbnail,83826,4604,81.9 KB -> 4.5 KB
SUCCESS,/home/gabbu/Downloads/ecommerce-produtos/florerva/FOTOS SITE-20251125T182320Z-1-001/FLOREDUCTION/P780K.webp,/home/gabbu/Área de trabalho/scripts/otimizacao-imgs-webp/ecommerce-produtos/card/florerva/FOTOS SITE-20251125T182320Z-1-001/FLOREDUCTION/P780K_card.webp,card,83826,16658,81.9 KB -> 16.3 KB
SUCCESS,/home/gabbu/Downloads/ecommerce-produtos/florerva/FOTOS SITE-20251125T182320Z-1-001/FLOREDUCTION/P780K.webp,/home/gabbu/Área de trabalho/scripts/otimizacao-imgs-webp/ecommerce-produtos/detail/florerva/FOTOS SITE-20251125T182320Z-1-001/FLOREDUCTION/P780K_detail.webp,detail,83826,51124,81.9 KB -> 49.9 KB
SKIPPED,/home/gabbu/Downloads/ecommerce-produtos/florerva/FOTOS SITE-20251125T182320Z-1-001/FLOREDUCTION/P780K.webp,,hero,83826,87938,WebP ficou maior que o original
SUCCESS,/home/gabbu/Downloads/ecommerce-produtos/florerva/FOTOS SITE-20251125T182320Z-1-001/FLOREDUCTION/P801K.webp,/home/gabbu/Área de trabalho/scripts/otimizacao-imgs-webp/ecommerce-produtos/thumbnail/florerva/FOTOS SITE-20251125T182320Z-1-001/FLOREDUCTION/P801K_thumbnail.webp,thumbnail,39608,3830,38.7 KB -> 3.7 KB
SUCCESS,/home/gabbu/Downloads/ecommerce-produtos/florerva/FOTOS SITE-20251125T182320Z-1-001/FLOREDUCTION/P801K.webp,/home/gabbu/Área de trabalho/scripts/otimizacao-imgs-webp/ecommerce-produtos/card/florerva/FOTOS SITE-20251125T182320Z-1-001/FLOREDUCTION/P801K_card.webp,card,39608,11420,38.7 KB -> 11.2 KB
SUCCESS,/home/gabbu/Downloads/ecommerce-produtos/florerva/FOTOS SITE-20251125T182320Z-1-001/FLOREDUCTION/P801K.webp,/home/gabbu/Área de trabalho/scripts/otimizacao-imgs-webp/ecommerce-produtos/detail/florerva/FOTOS SITE-20251125T182320Z-1-001/FLOREDUCTION/P801K_detail.webp,detail,39608,38712,38.7 KB -> 37.8 KB
SKIPPED,/home/gabbu/Downloads/ecommerce-produtos/florerva/FOTOS SITE-20251125T182320Z-1-001/FLOREDUCTION/P801K.webp,,hero,39608,40318,WebP ficou maior que o original
SUCCESS,/home/gabbu/Downloads/ecommerce-produtos/florerva/FOTOS SITE-20251125T182320Z-1-001/CAPILAR/553.webp,/home/gabbu/Área de trabalho/scripts/otimizacao-imgs-webp/ecommerce-produtos/thumbnail/florerva/FOTOS SITE-20251125T182320Z-1-001/CAPILAR/553_thumbnail.webp,thumbnail,34042,2836,33.2 KB -> 2.8 KB
SUCCESS,/home/gabbu/Downloads/ecommerce-produtos/florerva/FOTOS SITE-20251125T182320Z-1-001/CAPILAR/553.webp,/home/gabbu/Área de trabalho/scripts/otimizacao-imgs-webp/ecommerce-produtos/card/florerva/FOTOS SITE-20251125T182320Z-1-001/CAPILAR/553_card.webp,card,34042,8988,33.2 KB -> 8.8 KB
SUCCESS,/home/gabbu/Downloads/ecommerce-produtos/florerva/FOTOS SITE-20251125T182320Z-1-001/CAPILAR/553.webp,/home/gabbu/Área de trabalho/scripts/otimizacao-imgs-webp/ecommerce-produtos/detail/florerva/FOTOS SITE-20251125T182320Z-1-001/CAPILAR/553_detail.webp,detail,34042,27324,33.2 KB -> 26.7 KB
SKIPPED,/home/gabbu/Downloads/ecommerce-produtos/florerva/FOTOS SITE-20251125T182320Z-1-001/CAPILAR/553.webp,,hero,34042,34684,WebP ficou maior que o original
SUCCESS,/home/gabbu/Downloads/ecommerce-produtos/florerva/FOTOS SITE-20251125T182320Z-1-001/CAPILAR/201.webp,/home/gabbu/Área de trabalho/scripts/otimizacao-imgs-webp/ecommerce-produtos/thumbnail/florerva/FOTOS SITE-20251125T182320Z-1-001/CAPILAR/201_thumbnail.webp,thumbnail,34708,3024,33.9 KB -> 3.0 KB
SUCCESS,/home/gabbu/Downloads/ecommerce-produtos/florerva/FOTOS SITE-20251125T182320Z-1-001/CAPILAR/201.webp,/home/gabbu/Área de trabalho/scripts/otimizacao-imgs-webp/ecommerce-produtos/card/florerva/FOTOS SITE-20251125T182320Z-1-001/CAPILAR/201_card.webp,card,34708,9644,33.9 KB -> 9.4 KB
SUCCESS,/home/gabbu/Downloads/ecommerce-produtos/florerva/FOTOS SITE-20251125T182320Z-1-001/CAPILAR/201.webp,/home/gabbu/Área de trabalho/scripts/otimizacao-imgs-webp/ecommerce-produtos/detail/florerva/FOTOS SITE-20251125T182320Z-1-001/CAPILAR/201_detail.webp,detail,34708,29394,33.9 KB -> 28.7 KB
SKIPPED,/home/gabbu/Downloads/ecommerce-produtos/florerva/FOTOS SITE-20251125T182320Z-1-001/CAPILAR/201.webp,,hero,34708,35852,WebP ficou maior que o original
SUCCESS,/home/gabbu/Downloads/ecommerce-produtos/florerva/FOTOS SITE-20251125T182320Z-1-001/CAPILAR/P201.webp,/home/gabbu/Área de trabalho/scripts/otimizacao-imgs-webp/ecommerce-produtos/thumbnail/florerva/FOTOS SITE-20251125T182320Z-1-001/CAPILAR/P201_thumbnail.webp,thumbnail,42782,3402,41.8 KB -> 3.3 KB
SUCCESS,/home/gabbu/Downloads/ecommerce-produtos/florerva/FOTOS SITE-20251125T182320Z-1-001/CAPILAR/P201.webp,/home/gabbu/Área de trabalho/scripts/otimizacao-imgs-webp/ecommerce-produtos/card/florerva/FOTOS SITE-20251125T182320Z-1-001/CAPILAR/P201_card.webp,card,42782,10740,41.8 KB -> 10.5 KB
SUCCESS,/home/gabbu/Downloads/ecommerce-produtos/florerva/FOTOS SITE-20251125T182320Z-1-001/CAPILAR/P201.webp,/home/gabbu/Área de trabalho/scripts/otimizacao-imgs-webp/ecommerce-produtos/detail/florerva/FOTOS SITE-20251125T182320Z-1-001/CAPILAR/P201_detail.webp,detail,42782,33484,41.8 KB -> 32.7 KB
SUCCESS,/home/gabbu/Downloads/ecommerce-produtos/florerva/FOTOS SITE-20251125T182320Z-1-001/CAPILAR/P201.webp,/home/gabbu/Área de trabalho/scripts/otimizacao-imgs-webp/ecommerce-produtos/hero/florerva/FOTOS SITE-20251125T182320Z-1-001/CAPILAR/P201_hero.webp,hero,42782,42666,41.8 KB -> 41.7 KB
SUCCESS,/home/gabbu/Downloads/ecommerce-produtos/florerva/FOTOS SITE-20251125T182320Z-1-001/CAPILAR/P553.webp,/home/gabbu/Área de trabalho/scripts/otimizacao-imgs-webp/ecommerce-produtos/thumbnail/florerva/FOTOS SITE-20251125T182320Z-1-001/CAPILAR/P553_thumbnail.webp,thumbnail,46344,3552,45.3 KB -> 3.5 KB
SUCCESS,/home/gabbu/Downloads/ecommerce-produtos/florerva/FOTOS SITE-20251125T182320Z-1-001/CAPILAR/P553.webp,/home/gabbu/Área de trabalho/scripts/otimizacao-imgs-webp/ecommerce-produtos/card/florerva/FOTOS SITE-20251125T182320Z-1-001/CAPILAR/P553_card.webp,card,46344,10938,45.3 KB -> 10.7 KB
SUCCESS,/home/gabbu/Downloads/ecommerce-produtos/florerva/FOTOS SITE-20251125T182320Z-1-001/CAPILAR/P553.webp,/home/gabbu/Área de trabalho/scripts/otimizacao-imgs-webp/ecommerce-produtos/detail/florerva/FOTOS SITE-20251125T182320Z-1-001/CAPILAR/P553_detail.webp,detail,46344,37680,45.3 KB -> 36.8 KB
SKIPPED,/home/gabbu/Downloads/ecommerce-produtos/florerva/FOTOS SITE-20251125T182320Z-1-001/CAPILAR/P553.webp,,hero,46344,47876,WebP ficou maior que o original
SUCCESS,/home/gabbu/Downloads/ecommerce-produtos/perfumes/kits/kit carlotta change.jpeg,/home/gabbu/Área de trabalho/scripts/otimizacao-imgs-webp/ecommerce-produtos/thumbnail/perfumes/kits/kit carlotta change_thumbnail.webp,thumbnail,139580,12150,136.3 KB -> 11.9 KB
SUCCESS,/home/gabbu/Downloads/ecommerce-produtos/perfumes/kits/kit carlotta change.jpeg,/home/gabbu/Área de trabalho/scripts/otimizacao-imgs-webp/ecommerce-produtos/card/perfumes/kits/kit carlotta change_card.webp,card,139580,39008,136.3 KB -> 38.1 KB
SUCCESS,/home/gabbu/Downloads/ecommerce-produtos/perfumes/kits/kit carlotta change.jpeg,/home/gabbu/Área de trabalho/scripts/otimizacao-imgs-webp/ecommerce-produtos/detail/perfumes/kits/kit carlotta change_detail.webp,detail,139580,108966,136.3 KB -> 106.4 KB
SUCCESS,/home/gabbu/Downloads/ecommerce-produtos/perfumes/kits/kit carlotta change.jpeg,/home/gabbu/Área de trabalho/scripts/otimizacao-imgs-webp/ecommerce-produtos/hero/perfumes/kits/kit carlotta change_hero.webp,hero,139580,125114,136.3 KB -> 122.2 KB
SUCCESS,/home/gabbu/Downloads/ecommerce-produtos/corporal/bronzeador/acqua solare abbronzante fresh bronze.jpeg,/home/gabbu/Área de trabalho/scripts/otimizacao-imgs-webp/ecommerce-produtos/thumbnail/corporal/bronzeador/acqua solare abbronzante fresh bronze_thumbnail.webp,thumbnail,95281,6266,93.0 KB -> 6.1 KB
SUCCESS,/home/gabbu/Downloads/ecommerce-produtos/corporal/bronzeador/acqua solare abbronzante fresh bronze.jpeg,/home/gabbu/Área de trabalho/scripts/otimizacao-imgs-webp/ecommerce-produtos/card/corporal/bronzeador/acqua solare abbronzante fresh bronze_card.webp,card,95281,19140,93.0 KB -> 18.7 KB
SUCCESS,/home/gabbu/Downloads/ecommerce-produtos/corporal/bronzeador/acqua solare abbronzante fresh bronze.jpeg,/home/gabbu/Área de trabalho/scripts/otimizacao-imgs-webp/ecommerce-produtos/detail/corporal/bronzeador/acqua solare abbronzante fresh bronze_detail.webp,detail,95281,50018,93.0 KB -> 48.8 KB
SUCCESS,/home/gabbu/Downloads/ecommerce-produtos/corporal/bronzeador/acqua solare abbronzante fresh bronze.jpeg,/home/gabbu/Área de trabalho/scripts/otimizacao-imgs-webp/ecommerce-produtos/hero/corporal/bronzeador/acqua solare abbronzante fresh bronze_hero.webp,hero,95281,72460,93.0 KB -> 70.8 KB
SUCCESS,/home/gabbu/Downloads/ecommerce-produtos/corporal/esfoliante/stella dustin pina colada - esfoliante corporal.jpeg,/home/gabbu/Área de trabalho/scripts/otimizacao-imgs-webp/ecommerce-produtos/thumbnail/corporal/esfoliante/stella dustin pina colada - esfoliante corporal_thumbnail.webp,thumbnail,51280,2920,50.1 KB -> 2.9 KB
SUCCESS,/home/gabbu/Downloads/ecommerce-produtos/corporal/esfoliante/stella dustin pina colada - esfoliante corporal.jpeg,/home/gabbu/Área de trabalho/scripts/otimizacao-imgs-webp/ecommerce-produtos/card/corporal/esfoliante/stella dustin pina colada - esfoliante corporal_card.webp,card,51280,9026,50.1 KB -> 8.8 KB
SUCCESS,/home/gabbu/Downloads/ecommerce-produtos/corporal/esfoliante/stella dustin pina colada - esfoliante corporal.jpeg,/home/gabbu/Área de trabalho/scripts/otimizacao-imgs-webp/ecommerce-produtos/detail/corporal/esfoliante/stella dustin pina colada - esfoliante corporal_detail.webp,detail,51280,24912,50.1 KB -> 24.3 KB
SUCCESS,/home/gabbu/Downloads/ecommerce-produtos/corporal/esfoliante/stella dustin pina colada - esfoliante corporal.jpeg,/home/gabbu/Área de trabalho/scripts/otimizacao-imgs-webp/ecommerce-produtos/hero/corporal/esfoliante/stella dustin pina colada - esfoliante corporal_hero.webp,hero,51280,35584,50.1 KB -> 34.8 KB
SUCCESS,/home/gabbu/Downloads/ecommerce-produtos/corporal/esfoliante/stella dustin vanilla custard - esfoliante corporal.jpeg,/home/gabbu/Área de trabalho/scripts/otimizacao-imgs-webp/ecommerce-produtos/thumbnail/corporal/esfoliante/stella dustin vanilla custard - esfoliante corporal_thumbnail.webp,thumbnail,62904,3670,61.4 KB -> 3.6 KB
SUCCESS,/home/gabbu/Downloads/ecommerce-produtos/corporal/esfoliante/stella dustin vanilla custard - esfoliante corporal.jpeg,/home/gabbu/Área de trabalho/scripts/otimizacao-imgs-webp/ecommerce-produtos/card/corporal/esfoliante/stella dustin vanilla custard - esfoliante corporal_card.webp,card,62904,11936,61.4 KB -> 11.7 KB
SUCCESS,/home/gabbu/Downloads/ecommerce-produtos/corporal/esfoliante/stella dustin vanilla custard - esfoliante corporal.jpeg,/home/gabbu/Área de trabalho/scripts/otimizacao-imgs-webp/ecommerce-produtos/detail/corporal/esfoliante/stella dustin vanilla custard - esfoliante corporal_detail.webp,detail,62904,32734,61.4 KB -> 32.0 KB
SUCCESS,/home/gabbu/Downloads/ecommerce-produtos/corporal/esfoliante/stella dustin vanilla custard - esfoliante corporal.jpeg,/home/gabbu/Área de trabalho/scripts/otimizacao-imgs-webp/ecommerce-produtos/hero/corporal/esfoliante/stella dustin vanilla custard - esfoliante corporal_hero.webp,hero,62904,46852,61.4 KB -> 45.8 KB
SUCCESS,/home/gabbu/Downloads/ecommerce-produtos/corporal/esfoliante/stella dustin pitaya bowl - esfoliante corporal.jpeg,/home/gabbu/Área de trabalho/scripts/otimizacao-imgs-webp/ecommerce-produtos/thumbnail/corporal/esfoliante/stella dustin pitaya bowl - esfoliante corporal_thumbnail.webp,thumbnail,57567,3336,56.2 KB -> 3.3 KB
SUCCESS,/home/gabbu/Downloads/ecommerce-produtos/corporal/esfoliante/stella dustin pitaya bowl - esfoliante corporal.jpeg,/home/gabbu/Área de trabalho/scripts/otimizacao-imgs-webp/ecommerce-produtos/card/corporal/esfoliante/stella dustin pitaya bowl - esfoliante corporal_card.webp,card,57567,10460,56.2 KB -> 10.2 KB
SUCCESS,/home/gabbu/Downloads/ecommerce-produtos/corporal/esfoliante/stella dustin pitaya bowl - esfoliante corporal.jpeg,/home/gabbu/Área de trabalho/scripts/otimizacao-imgs-webp/ecommerce-produtos/detail/corporal/esfoliante/stella dustin pitaya bowl - esfoliante corporal_detail.webp,detail,57567,28782,56.2 KB -> 28.1 KB
SUCCESS,/home/gabbu/Downloads/ecommerce-produtos/corporal/esfoliante/stella dustin pitaya bowl - esfoliante corporal.jpeg,/home/gabbu/Área de trabalho/scripts/otimizacao-imgs-webp/ecommerce-produtos/hero/corporal/esfoliante/stella dustin pitaya bowl - esfoliante corporal_hero.webp,hero,57567,41382,56.2 KB -> 40.4 KB
SUCCESS,/home/gabbu/Downloads/ecommerce-produtos/corporal/esfoliante/stella dustin mango iced tea - esfoliante corporal.jpeg,/home/gabbu/Área de trabalho/scripts/otimizacao-imgs-webp/ecommerce-produtos/thumbnail/corporal/esfoliante/stella dustin mango iced tea - esfoliante corporal_thumbnail.webp,thumbnail,60348,3688,58.9 KB -> 3.6 KB
SUCCESS,/home/gabbu/Downloads/ecommerce-produtos/corporal/esfoliante/stella dustin mango iced tea - esfoliante corporal.jpeg,/home/gabbu/Área de trabalho/scripts/otimizacao-imgs-webp/ecommerce-produtos/card/corporal/esfoliante/stella dustin mango iced tea - esfoliante corporal_card.webp,card,60348,11608,58.9 KB -> 11.3 KB
SUCCESS,/home/gabbu/Downloads/ecommerce-produtos/corporal/esfoliante/stella dustin mango iced tea - esfoliante corporal.jpeg,/home/gabbu/Área de trabalho/scripts/otimizacao-imgs-webp/ecommerce-produtos/detail/corporal/esfoliante/stella dustin mango iced tea - esfoliante corporal_detail.webp,detail,60348,30934,58.9 KB -> 30.2 KB
SUCCESS,/home/gabbu/Downloads/ecommerce-produtos/corporal/esfoliante/stella dustin mango iced tea - esfoliante corporal.jpeg,/home/gabbu/Área de trabalho/scripts/otimizacao-imgs-webp/ecommerce-produtos/hero/corporal/esfoliante/stella dustin mango iced tea - esfoliante corporal_hero.webp,hero,60348,44986,58.9 KB -> 43.9 KB
SUCCESS,/home/gabbu/Downloads/ecommerce-produtos/corporal/esfoliante/stella dustin strawberry daiquiri - esfoliante corporal.jpeg,/home/gabbu/Área de trabalho/scripts/otimizacao-imgs-webp/ecommerce-produtos/thumbnail/corporal/esfoliante/stella dustin strawberry daiquiri - esfoliante corporal_thumbnail.webp,thumbnail,63996,3722,62.5 KB -> 3.6 KB
SUCCESS,/home/gabbu/Downloads/ecommerce-produtos/corporal/esfoliante/stella dustin strawberry daiquiri - esfoliante corporal.jpeg,/home/gabbu/Área de trabalho/scripts/otimizacao-imgs-webp/ecommerce-produtos/card/corporal/esfoliante/stella dustin strawberry daiquiri - esfoliante corporal_card.webp,card,63996,12078,62.5 KB -> 11.8 KB
SUCCESS,/home/gabbu/Downloads/ecommerce-produtos/corporal/esfoliante/stella dustin strawberry daiquiri - esfoliante corporal.jpeg,/home/gabbu/Área de trabalho/scripts/otimizacao-imgs-webp/ecommerce-produtos/detail/corporal/esfoliante/stella dustin strawberry daiquiri - esfoliante corporal_detail.webp,detail,63996,33486,62.5 KB -> 32.7 KB
SUCCESS,/home/gabbu/Downloads/ecommerce-produtos/corporal/esfoliante/stella dustin strawberry daiquiri - esfoliante corporal.jpeg,/home/gabbu/Área de trabalho/scripts/otimizacao-imgs-webp/ecommerce-produtos/hero/corporal/esfoliante/stella dustin strawberry daiquiri - esfoliante corporal_hero.webp,hero,63996,48252,62.5 KB -> 47.1 KB
SUCCESS,/home/gabbu/Downloads/ecommerce-produtos/corporal/esfoliante/stella dustin ocean breeze - esfoliante corporal.jpeg,/home/gabbu/Área de trabalho/scripts/otimizacao-imgs-webp/ecommerce-produtos/thumbnail/corporal/esfoliante/stella dustin ocean breeze - esfoliante corporal_thumbnail.webp,thumbnail,56605,3250,55.3 KB -> 3.2 KB
SUCCESS,/home/gabbu/Downloads/ecommerce-produtos/corporal/esfoliante/stella dustin ocean breeze - esfoliante corporal.jpeg,/home/gabbu/Área de trabalho/scripts/otimizacao-imgs-webp/ecommerce-produtos/card/corporal/esfoliante/stella dustin ocean breeze - esfoliante corporal_card.webp,card,56605,10358,55.3 KB -> 10.1 KB
SUCCESS,/home/gabbu/Downloads/ecommerce-produtos/corporal/esfoliante/stella dustin ocean breeze - esfoliante corporal.jpeg,/home/gabbu/Área de trabalho/scripts/otimizacao-imgs-webp/ecommerce-produtos/detail/corporal/esfoliante/stella dustin ocean breeze - esfoliante corporal_detail.webp,detail,56605,28634,55.3 KB -> 28.0 KB
SUCCESS,/home/gabbu/Downloads/ecommerce-produtos/corporal/esfoliante/stella dustin ocean breeze - esfoliante corporal.jpeg,/home/gabbu/Área de trabalho/scripts/otimizacao-imgs-webp/ecommerce-produtos/hero/corporal/esfoliante/stella dustin ocean breeze - esfoliante corporal_hero.webp,hero,56605,40288,55.3 KB -> 39.3 KB
SUCCESS,/home/gabbu/Downloads/ecommerce-produtos/skincare/seruns/serum facial acido salicilico - miss care by miss rose - 30ml.jpeg,/home/gabbu/Área de trabalho/scripts/otimizacao-imgs-webp/ecommerce-produtos/thumbnail/skincare/seruns/serum facial acido salicilico - miss care by miss rose - 30ml_thumbnail.webp,thumbnail,63726,3280,62.2 KB -> 3.2 KB
SUCCESS,/home/gabbu/Downloads/ecommerce-produtos/skincare/seruns/serum facial acido salicilico - miss care by miss rose - 30ml.jpeg,/home/gabbu/Área de trabalho/scripts/otimizacao-imgs-webp/ecommerce-produtos/card/skincare/seruns/serum facial acido salicilico - miss care by miss rose - 30ml_card.webp,card,63726,10820,62.2 KB -> 10.6 KB
SUCCESS,/home/gabbu/Downloads/ecommerce-produtos/skincare/seruns/serum facial acido salicilico - miss care by miss rose - 30ml.jpeg,/home/gabbu/Área de trabalho/scripts/otimizacao-imgs-webp/ecommerce-produtos/detail/skincare/seruns/serum facial acido salicilico - miss care by miss rose - 30ml_detail.webp,detail,63726,28310,62.2 KB -> 27.6 KB
SUCCESS,/home/gabbu/Downloads/ecommerce-produtos/skincare/seruns/serum facial acido salicilico - miss care by miss rose - 30ml.jpeg,/home/gabbu/Área de trabalho/scripts/otimizacao-imgs-webp/ecommerce-produtos/hero/skincare/seruns/serum facial acido salicilico - miss care by miss rose - 30ml_hero.webp,hero,63726,41186,62.2 KB -> 40.2 KB
SUCCESS,/home/gabbu/Downloads/ecommerce-produtos/skincare/seruns/serum facial - vitamina c - babarua vitamin c serum - 30ml.jpeg,/home/gabbu/Área de trabalho/scripts/otimizacao-imgs-webp/ecommerce-produtos/thumbnail/skincare/seruns/serum facial - vitamina c - babarua vitamin c serum - 30ml_thumbnail.webp,thumbnail,89785,5676,87.7 KB -> 5.5 KB
SUCCESS,/home/gabbu/Downloads/ecommerce-produtos/skincare/seruns/serum facial - vitamina c - babarua vitamin c serum - 30ml.jpeg,/home/gabbu/Área de trabalho/scripts/otimizacao-imgs-webp/ecommerce-produtos/card/skincare/seruns/serum facial - vitamina c - babarua vitamin c serum - 30ml_card.webp,card,89785,17724,87.7 KB -> 17.3 KB
SUCCESS,/home/gabbu/Downloads/ecommerce-produtos/skincare/seruns/serum facial - vitamina c - babarua vitamin c serum - 30ml.jpeg,/home/gabbu/Área de trabalho/scripts/otimizacao-imgs-webp/ecommerce-produtos/detail/skincare/seruns/serum facial - vitamina c - babarua vitamin c serum - 30ml_detail.webp,detail,89785,47500,87.7 KB -> 46.4 KB
SUCCESS,/home/gabbu/Downloads/ecommerce-produtos/skincare/seruns/serum facial - vitamina c - babarua vitamin c serum - 30ml.jpeg,/home/gabbu/Área de trabalho/scripts/otimizacao-imgs-webp/ecommerce-produtos/hero/skincare/seruns/serum facial - vitamina c - babarua vitamin c serum - 30ml_hero.webp,hero,89785,70522,87.7 KB -> 68.9 KB
SUCCESS,/home/gabbu/Downloads/ecommerce-produtos/skincare/seruns/serum vitamina c + acido ferulico miss care by miss rose - 30ml.jpeg,/home/gabbu/Área de trabalho/scripts/otimizacao-imgs-webp/ecommerce-produtos/thumbnail/skincare/seruns/serum vitamina c + acido ferulico miss care by miss rose - 30ml_thumbnail.webp,thumbnail,71238,3628,69.6 KB -> 3.5 KB
SUCCESS,/home/gabbu/Downloads/ecommerce-produtos/skincare/seruns/serum vitamina c + acido ferulico miss care by miss rose - 30ml.jpeg,/home/gabbu/Área de trabalho/scripts/otimizacao-imgs-webp/ecommerce-produtos/card/skincare/seruns/serum vitamina c + acido ferulico miss care by miss rose - 30ml_card.webp,card,71238,11448,69.6 KB -> 11.2 KB
SUCCESS,/home/gabbu/Downloads/ecommerce-produtos/skincare/seruns/serum vitamina c + acido ferulico miss care by miss rose - 30ml.jpeg,/home/gabbu/Área de trabalho/scripts/otimizacao-imgs-webp/ecommerce-produtos/detail/skincare/seruns/serum vitamina c + acido ferulico miss care by miss rose - 30ml_detail.webp,detail,71238,31496,69.6 KB -> 30.8 KB
SUCCESS,/home/gabbu/Downloads/ecommerce-produtos/skincare/seruns/serum vitamina c + acido ferulico miss care by miss rose - 30ml.jpeg,/home/gabbu/Área de trabalho/scripts/otimizacao-imgs-webp/ecommerce-produtos/hero/skincare/seruns/serum vitamina c + acido ferulico miss care by miss rose - 30ml_hero.webp,hero,71238,47046,69.6 KB -> 45.9 KB
SUCCESS,/home/gabbu/Downloads/ecommerce-produtos/skincare/agua micelar/agua micelar bifasica babaria aloe - 400ml.jpeg,/home/gabbu/Área de trabalho/scripts/otimizacao-imgs-webp/ecommerce-produtos/thumbnail/skincare/agua micelar/agua micelar bifasica babaria aloe - 400ml_thumbnail.webp,thumbnail,102914,6534,100.5 KB -> 6.4 KB
SUCCESS,/home/gabbu/Downloads/ecommerce-produtos/skincare/agua micelar/agua micelar bifasica babaria aloe - 400ml.jpeg,/home/gabbu/Área de trabalho/scripts/otimizacao-imgs-webp/ecommerce-produtos/card/skincare/agua micelar/agua micelar bifasica babaria aloe - 400ml_card.webp,card,102914,21456,100.5 KB -> 21.0 KB
SUCCESS,/home/gabbu/Downloads/ecommerce-produtos/skincare/agua micelar/agua micelar bifasica babaria aloe - 400ml.jpeg,/home/gabbu/Área de trabalho/scripts/otimizacao-imgs-webp/ecommerce-produtos/detail/skincare/agua micelar/agua micelar bifasica babaria aloe - 400ml_detail.webp,detail,102914,56340,100.5 KB -> 55.0 KB
SUCCESS,/home/gabbu/Downloads/ecommerce-produtos/skincare/agua micelar/agua micelar bifasica babaria aloe - 400ml.jpeg,/home/gabbu/Área de trabalho/scripts/otimizacao-imgs-webp/ecommerce-produtos/hero/skincare/agua micelar/agua micelar bifasica babaria aloe - 400ml_hero.webp,hero,102914,81088,100.5 KB -> 79.2 KB
SUCCESS,/home/gabbu/Downloads/ecommerce-produtos/skincare/agua micelar/agua micelar 5in1 miss care by miss rose - 200ml.jpeg,/home/gabbu/Área de trabalho/scripts/otimizacao-imgs-webp/ecommerce-produtos/thumbnail/skincare/agua micelar/agua micelar 5in1 miss care by miss rose - 200ml_thumbnail.webp,thumbnail,86452,5784,84.4 KB -> 5.6 KB
SUCCESS,/home/gabbu/Downloads/ecommerce-produtos/skincare/agua micelar/agua micelar 5in1 miss care by miss rose - 200ml.jpeg,/home/gabbu/Área de trabalho/scripts/otimizacao-imgs-webp/ecommerce-produtos/card/skincare/agua micelar/agua micelar 5in1 miss care by miss rose - 200ml_card.webp,card,86452,17772,84.4 KB -> 17.4 KB
SUCCESS,/home/gabbu/Downloads/ecommerce-produtos/skincare/agua micelar/agua micelar 5in1 miss care by miss rose - 200ml.jpeg,/home/gabbu/Área de trabalho/scripts/otimizacao-imgs-webp/ecommerce-produtos/detail/skincare/agua micelar/agua micelar 5in1 miss care by miss rose - 200ml_detail.webp,detail,86452,45282,84.4 KB -> 44.2 KB
SUCCESS,/home/gabbu/Downloads/ecommerce-produtos/skincare/agua micelar/agua micelar 5in1 miss care by miss rose - 200ml.jpeg,/home/gabbu/Área de trabalho/scripts/otimizacao-imgs-webp/ecommerce-produtos/hero/skincare/agua micelar/agua micelar 5in1 miss care by miss rose - 200ml_hero.webp,hero,86452,64838,84.4 KB -> 63.3 KB
SUCCESS,/home/gabbu/Downloads/ecommerce-produtos/skincare/agua micelar/agua micelar suave babaria - rosa mosqueta - 400ml.jpeg,/home/gabbu/Área de trabalho/scripts/otimizacao-imgs-webp/ecommerce-produtos/thumbnail/skincare/agua micelar/agua micelar suave babaria - rosa mosqueta - 400ml_thumbnail.webp,thumbnail,74156,6368,72.4 KB -> 6.2 KB
SUCCESS,/home/gabbu/Downloads/ecommerce-produtos/skincare/agua micelar/agua micelar suave babaria - rosa mosqueta - 400ml.jpeg,/home/gabbu/Área de trabalho/scripts/otimizacao-imgs-webp/ecommerce-produtos/card/skincare/agua micelar/agua micelar suave babaria - rosa mosqueta - 400ml_card.webp,card,74156,20350,72.4 KB -> 19.9 KB
SUCCESS,/home/gabbu/Downloads/ecommerce-produtos/skincare/agua micelar/agua micelar suave babaria - rosa mosqueta - 400ml.jpeg,/home/gabbu/Área de trabalho/scripts/otimizacao-imgs-webp/ecommerce-produtos/detail/skincare/agua micelar/agua micelar suave babaria - rosa mosqueta - 400ml_detail.webp,detail,74156,51370,72.4 KB -> 50.2 KB
SUCCESS,/home/gabbu/Downloads/ecommerce-produtos/skincare/agua micelar/agua micelar suave babaria - rosa mosqueta - 400ml.jpeg,/home/gabbu/Área de trabalho/scripts/otimizacao-imgs-webp/ecommerce-produtos/hero/skincare/agua micelar/agua micelar suave babaria - rosa mosqueta - 400ml_hero.webp,hero,74156,59354,72.4 KB -> 58.0 KB
SUCCESS,/home/gabbu/Downloads/ecommerce-produtos/skincare/agua micelar/agua micelar miss care by miss rose - 120ml.jpeg,/home/gabbu/Área de trabalho/scripts/otimizacao-imgs-webp/ecommerce-produtos/thumbnail/skincare/agua micelar/agua micelar miss care by miss rose - 120ml_thumbnail.webp,thumbnail,74367,4784,72.6 KB -> 4.7 KB
SUCCESS,/home/gabbu/Downloads/ecommerce-produtos/skincare/agua micelar/agua micelar miss care by miss rose - 120ml.jpeg,/home/gabbu/Área de trabalho/scripts/otimizacao-imgs-webp/ecommerce-produtos/card/skincare/agua micelar/agua micelar miss care by miss rose - 120ml_card.webp,card,74367,14704,72.6 KB -> 14.4 KB
SUCCESS,/home/gabbu/Downloads/ecommerce-produtos/skincare/agua micelar/agua micelar miss care by miss rose - 120ml.jpeg,/home/gabbu/Área de trabalho/scripts/otimizacao-imgs-webp/ecommerce-produtos/detail/skincare/agua micelar/agua micelar miss care by miss rose - 120ml_detail.webp,detail,74367,37444,72.6 KB -> 36.6 KB
SUCCESS,/home/gabbu/Downloads/ecommerce-produtos/skincare/agua micelar/agua micelar miss care by miss rose - 120ml.jpeg,/home/gabbu/Área de trabalho/scripts/otimizacao-imgs-webp/ecommerce-produtos/hero/skincare/agua micelar/agua micelar miss care by miss rose - 120ml_hero.webp,hero,74367,52680,72.6 KB -> 51.4 KB
SUCCESS,/home/gabbu/Downloads/ecommerce-produtos/skincare/agua micelar/agua micelar - vitamina c - miss care by miss rose - 200ml.jpeg,/home/gabbu/Área de trabalho/scripts/otimizacao-imgs-webp/ecommerce-produtos/thumbnail/skincare/agua micelar/agua micelar - vitamina c - miss care by miss rose - 200ml_thumbnail.webp,thumbnail,86710,5982,84.7 KB -> 5.8 KB
SUCCESS,/home/gabbu/Downloads/ecommerce-produtos/skincare/agua micelar/agua micelar - vitamina c - miss care by miss rose - 200ml.jpeg,/home/gabbu/Área de trabalho/scripts/otimizacao-imgs-webp/ecommerce-produtos/card/skincare/agua micelar/agua micelar - vitamina c - miss care by miss rose - 200ml_card.webp,card,86710,17710,84.7 KB -> 17.3 KB
SUCCESS,/home/gabbu/Downloads/ecommerce-produtos/skincare/agua micelar/agua micelar - vitamina c - miss care by miss rose - 200ml.jpeg,/home/gabbu/Área de trabalho/scripts/otimizacao-imgs-webp/ecommerce-produtos/detail/skincare/agua micelar/agua micelar - vitamina c - miss care by miss rose - 200ml_detail.webp,detail,86710,44770,84.7 KB -> 43.7 KB
SUCCESS,/home/gabbu/Downloads/ecommerce-produtos/skincare/agua micelar/agua micelar - vitamina c - miss care by miss rose - 200ml.jpeg,/home/gabbu/Área de trabalho/scripts/otimizacao-imgs-webp/ecommerce-produtos/hero/skincare/agua micelar/agua micelar - vitamina c - miss care by miss rose - 200ml_hero.webp,hero,86710,64054,84.7 KB -> 62.6 KB
SUCCESS,/home/gabbu/Downloads/ecommerce-produtos/skincare/demaquilante/demaquilante facial miss rose makeup remover - 140ml.jpeg,/home/gabbu/Área de trabalho/scripts/otimizacao-imgs-webp/ecommerce-produtos/thumbnail/skincare/demaquilante/demaquilante facial miss rose makeup remover - 140ml_thumbnail.webp,thumbnail,87158,3886,85.1 KB -> 3.8 KB
SUCCESS,/home/gabbu/Downloads/ecommerce-produtos/skincare/demaquilante/demaquilante facial miss rose makeup remover - 140ml.jpeg,/home/gabbu/Área de trabalho/scripts/otimizacao-imgs-webp/ecommerce-produtos/card/skincare/demaquilante/demaquilante facial miss rose makeup remover - 140ml_card.webp,card,87158,13538,85.1 KB -> 13.2 KB
SUCCESS,/home/gabbu/Downloads/ecommerce-produtos/skincare/demaquilante/demaquilante facial miss rose makeup remover - 140ml.jpeg,/home/gabbu/Área de trabalho/scripts/otimizacao-imgs-webp/ecommerce-produtos/detail/skincare/demaquilante/demaquilante facial miss rose makeup remover - 140ml_detail.webp,detail,87158,43922,85.1 KB -> 42.9 KB
